Description,Disaster
strong earthquake. our apartment is shaking. families are stranded.,Earthquake
scorching weather is causing health problems.,Heatwave
trees have fallen everywhere. please send relief materials.,Cyclone
our locality is unsafe because of strong winds.,Cyclone
continuous snowfall has affected the highway.,Avalanche
the school is blocked by rocks.,Landslide
our village has developed cracks.,Earthquake
hill slope failure. emergency rescue is required.,Landslide
vehicles are stuck. please help immediately.,Avalanche
heavy snowfall. the mountain pass has been buried.,Avalanche
people cannot move. evacuation is required.,Avalanche
a snow slide. the mountain pass has been buried. roads are blocked.,Avalanche
our village has been flooded.,Cyclone
people cannot move. send emergency teams.,Avalanche
a lightning strike. please send an ambulance.,Lightning
stormy weather. the hospital has been damaged.,Lightning
our building is unsafe. please send rescue teams.,Earthquake
our village is unsafe after the lightning strike.,Lightning
unstable hillside has caused a major landslide.,Landslide
our city is unsafe because of extreme heat.,Heatwave
the highway has been flooded. please send relief materials.,Cyclone
loose soil. emergency rescue is required.,Landslide
our locality is covered with debris.,Cyclone
sudden earthquake has affected our house.,Earthquake
lightning during heavy rain has affected the hospital.,Lightning
our workplace is unsafe because of extreme heat.,Heatwave
electrical discharge has caused severe damage.,Lightning
continuous tremors. the school has partially collapsed.,Earthquake
electricity is unavailable. please send a rescue boat.,Flood
communication is unavailable. please restore electricity.,Cyclone
the bridge is damaged. please help immediately.,Earthquake
very high temperature. the market has no drinking water.,Heatwave
people are suffering from heatstroke. please provide drinking water.,Heatwave
a powerful lightning strike has affected the highway.,Lightning
soil erosion has caused a major landslide.,Landslide
the hospital cannot be accessed.,Lightning
our house is surrounded by fallen trees. please restore electricity.,Cyclone
extreme weather conditions has affected the school.,Cyclone
the market is no longer safe after the earthquake.,Earthquake
stormy weather has affected the farm.,Lightning
a powerful cyclone. houses are damaged.,Cyclone
strong winds. please send firefighters.,Forest Fire
a lightning strike has caused severe damage.,Lightning
our village has partially collapsed. please send NDRF.,Earthquake
elderly people need help. please help immediately.,Heatwave
our farm is filled with water.,Flood
a powerful cyclone. please help immediately.,Cyclone
a spreading fire has affected the wildlife sanctuary.,Forest Fire
buildings are collapsing. urgent rescue is required.,Earthquake
the school has severe structural damage.,Earthquake
a lightning strike has affected the hospital.,Lightning
dry weather is spreading rapidly.,Forest Fire
violent shaking has affected our house.,Earthquake
the mountain pass is blocked by snow.,Avalanche
prolonged heat is causing health problems.,Heatwave
intense sunlight is causing health problems.,Heatwave
our colony is flooded.,Flood
strong earthquake. people are trapped.,Earthquake
our locality is unsafe because of strong winds.,Cyclone
soil erosion. rescue teams are needed.,Landslide
families are stranded. ambulance is needed.,Earthquake
our village has become unsafe because of floodwater.,Flood
an electric pole is unsafe after the lightning strike.,Lightning
the hills is surrounded by fire.,Forest Fire
unstable snow has blocked the entire route.,Avalanche
the bridge has been damaged.,Landslide
our village is completely blocked.,Landslide
people are suffering from heatstroke. medical teams are needed.,Heatwave
a severe thunderstorm. people need medical help.,Lightning
the hospital is unsafe. please send rescue teams.,Earthquake
a wildfire is spreading rapidly.,Forest Fire
people are fainting. please provide drinking water.,Heatwave
a severe thunderstorm. please help immediately.,Lightning
the mountain road cannot be reached.,Avalanche
our village is flooded and people need rescue.,Flood
extreme heat. the construction site is difficult to work in.,Heatwave
the road is unsafe.,Earthquake
the bridge is covered with mud.,Landslide
unstable hillside. the mountain road has been damaged. roads are closed.,Landslide
we need medical help. ambulance is needed.,Earthquake
clouds burst with intense rain has caused flooding in our colony.,Flood
a tropical cyclone. the school has no electricity. electricity has been cut off.,Cyclone
prolonged heat. our workplace has become extremely hot.,Heatwave
the market has lost electricity.,Lightning
the market is no longer safe after the earthquake.,Earthquake
heavy rainfall. the highway has collapsed.,Landslide
continuous rain has caused a major landslide.,Landslide
ground shaking. the office has collapsed. people are trapped.,Earthquake
prolonged heat. people are collapsing.,Heatwave
the bridge has been damaged. urgent help is needed.,Landslide
a tropical cyclone. please restore electricity.,Cyclone
people are trapped. please send NDRF.,Earthquake
scorching weather. elderly people need help.,Heatwave
our village cannot be reached. send emergency teams.,Avalanche
mountain snow movement has affected our village.,Avalanche
the bridge is surrounded by water and electricity is unavailable.,Flood
rockfall. urgent help is needed.,Landslide
a violent storm. please send relief materials.,Cyclone
vehicles are trapped. urgent help is needed.,Landslide
heavy snowfall. our shelter is unsafe. medical help is needed.,Avalanche
intense sunlight. our village has become extremely hot.,Heatwave
people are trapped. send emergency teams.,Avalanche
blocked drainage. the road is submerged. please send NDRF.,Flood
clouds burst with intense rain. electricity is unavailable.,Flood
very strong winds has caused widespread destruction.,Cyclone
a wildfire. urgent evacuation is required.,Forest Fire
sudden earthquake has affected the road.,Earthquake
continuous hot weather. medical teams are needed.,Heatwave
a powerful cyclone. the highway has been badly damaged.,Cyclone
heatwave conditions has affected the farm.,Heatwave
sudden earthquake. urgent rescue is required.,Earthquake
powerful tremors has caused severe damage to the bridge.,Earthquake
ice collapse. please send mountain rescue.,Avalanche
a forest fire. urgent evacuation is required.,Forest Fire
violent shaking. people are trapped.,Earthquake
our village is buried under debris. urgent help is needed.,Landslide
our locality is covered with smoke.,Forest Fire
a forest fire. please send firefighters.,Forest Fire
monsoon rain has caused flooding in our colony.,Flood
our locality has collapsed.,Landslide
violent shaking has caused severe damage to the market.,Earthquake
heavy rainfall has triggered a landslide near our house.,Landslide
the coastal area is surrounded by fallen trees. please send relief materials.,Cyclone
a spreading fire. the farmland is filled with flames.,Forest Fire
a lightning strike has caused severe damage.,Lightning
our locality is completely blocked. urgent help is needed.,Landslide
our camp is trapped under snow. please send mountain rescue.,Avalanche
unstable hillside. the mountain road has been damaged.,Landslide
extreme heat is spreading rapidly.,Forest Fire
dry weather. people need immediate help.,Forest Fire
the school is buried under debris.,Landslide
the wildlife sanctuary is filled with flames.,Forest Fire
prolonged heat has affected the farm.,Heatwave
continuous lightning. our locality has caught fire. communication has stopped.,Lightning
the highway has poor visibility. please send firefighters.,Forest Fire
people are suffering from heatstroke. urgent help is needed.,Heatwave
very high temperature has affected our workplace.,Heatwave
continuous tremors. the bridge has collapsed.,Earthquake
the road is damaged. please send rescue teams.,Earthquake
medical help is needed. please send mountain rescue.,Avalanche
continuous rain has caused a major landslide.,Landslide
our locality has collapsed.,Landslide
the forest trail is covered with snow.,Avalanche
the bridge is buried under debris.,Landslide
earthquake shock has caused severe damage to our village.,Earthquake
a wildfire. help is needed immediately.,Forest Fire
stormy weather has affected the hospital.,Lightning
the farm is unsafe after the lightning strike.,Lightning
a spreading fire has affected our locality.,Forest Fire
the forest is unsafe because of heavy smoke.,Forest Fire
river overflow has caused flooding in the bridge.,Flood
the construction site is unsafe during the afternoon.,Heatwave
strong winds. please send firefighters.,Forest Fire
a powerful cyclone has caused widespread destruction.,Cyclone
heavy rainfall. the market is underwater. please send help immediately.,Flood
extreme weather conditions. urgent rescue is required.,Cyclone
continuous tremors has affected the road.,Earthquake
continuous snowfall has affected the forest trail.,Avalanche
strong earthquake has caused severe damage to our building.,Earthquake
unstable snow. the highway is covered with snow. people cannot move.,Avalanche
earthquake shock. please help immediately.,Earthquake
stormy weather has affected the nearby forest.,Lightning
blocked drainage. our house is underwater. please send NDRF.,Flood
record high temperature is causing health problems.,Heatwave
the office is damaged. please send rescue teams.,Earthquake
our village is unsafe because of heavy snowfall.,Avalanche
powerful tremors. many people are injured.,Earthquake
strong earthquake. the school is shaking. roads are blocked.,Earthquake
violent shaking. our village has severe structural damage. many people are injured.,Earthquake
the hospital is surrounded by fallen trees.,Lightning
stormy weather. electricity is unavailable.,Lightning
a forest fire. breathing has become difficult.,Forest Fire
our village has no drinking water. please provide drinking water.,Heatwave
mountain erosion has triggered a landslide near the forest road.,Landslide
buildings are collapsing. please help immediately.,Earthquake
continuous rain has caused a major landslide.,Landslide
the highway is completely blocked. please send medical assistance.,Landslide
the nearby town is covered with smoke.,Forest Fire
the office is no longer safe after the earthquake.,Earthquake
extreme weather conditions. people are stranded.,Cyclone
the forest road is completely blocked. emergency rescue is required.,Landslide
a snow slide has affected the mountain pass.,Avalanche
a spreading fire. the nearby town is unsafe.,Forest Fire
dam overflow has caused the bridge to become flooded.,Flood
strong winds. people are evacuating.,Forest Fire
unstable snow. the nearby valley is covered with snow. tourists need rescue.,Avalanche
our village is submerged and we need drinking water.,Flood
a severe coastal storm. roads are blocked.,Cyclone
elderly people need help. please help immediately.,Heatwave
the hillside is unsafe because of falling rocks.,Landslide
strong winds has affected the forest.,Forest Fire
monsoon rain. people need rescue.,Flood
the mountain road is completely blocked. please send rescue teams.,Landslide
loose soil. the highway is blocked by rocks. roads are closed.,Landslide
intense thunder. emergency rescue is required.,Lightning
our apartment is unsafe. medical assistance is needed.,Earthquake
very strong winds. electricity has been cut off.,Cyclone
our shelter is covered with snow. urgent rescue is required.,Avalanche
our locality is covered with smoke. help is needed immediately.,Forest Fire
our locality has become unbearable. medical teams are needed.,Heatwave
burning vegetation has affected our locality.,Forest Fire
our house is unsafe after the lightning strike.,Lightning
the nearby town is covered with debris.,Cyclone
our farm has become unsafe because of floodwater.,Flood
an intense storm. the hospital is inaccessible.,Cyclone
loose soil. transport has stopped.,Landslide
the market has become unsafe because of floodwater.,Flood
our apartment has collapsed.,Earthquake
powerful tremors. the hospital has partially collapsed.,Earthquake
intense thunder. our village cannot be accessed.,Lightning
people are collapsing. please provide drinking water.,Heatwave
the wildlife sanctuary is unsafe because of heavy smoke.,Forest Fire
dry weather. the national park has poor visibility. people are evacuating.,Forest Fire
intense sunlight has affected the farm.,Heatwave
a powerful cyclone. roads are blocked.,Cyclone
continuous hot weather. people are suffering from heatstroke.,Heatwave
the market is unsafe after the lightning strike.,Lightning
a severe thunderstorm has caused severe damage.,Lightning
people cannot move. send emergency teams.,Avalanche
our house is no longer safe after the earthquake.,Earthquake
the trekking route is trapped under snow. evacuation is required.,Avalanche
the forest is unsafe because of heavy smoke.,Forest Fire
unstable hillside. our village is buried under debris. transport has stopped.,Landslide
families are stranded. send emergency teams.,Avalanche
an avalanche. people cannot move.,Avalanche
a spreading fire. the wildlife sanctuary has poor visibility.,Forest Fire
a severe coastal storm. trees have fallen everywhere.,Cyclone
the highway has collapsed.,Landslide
the bridge is flooded.,Flood
the nearby valley is blocked by snow. medical assistance is needed.,Avalanche
a lightning strike. the school cannot be accessed. a person has been injured.,Lightning
many people are injured. ambulance is needed.,Earthquake
violent shaking. our building has partially collapsed.,Earthquake
very strong winds. our locality is surrounded by fallen trees.,Cyclone
violent shaking. families are stranded.,Earthquake
soil erosion. please help immediately.,Landslide
a powerful lightning strike. the market has lost electricity.,Lightning
the bridge has severe structural damage.,Earthquake
our city has become extremely hot.,Heatwave
continuous rainfall. we need drinking water.,Flood
very strong winds. our locality has lost its roof. trees have fallen everywhere.,Cyclone
a tropical cyclone. the market has been flooded. families need immediate help.,Cyclone
the hill station is covered with snow. send emergency teams.,Avalanche
continuous hot weather. please provide drinking water.,Heatwave
intense thunder. a person has been injured.,Lightning
the nearby village is surrounded by fire.,Forest Fire
the farm is unsafe after the lightning strike.,Lightning
continuous rain has caused a major landslide.,Landslide
the construction site is unsafe because of extreme heat.,Heatwave
extreme heat. urgent help is needed.,Heatwave
sudden earthquake. buildings are collapsing.,Earthquake
continuous rain. the school is completely blocked. families need rescue.,Landslide
unstable hillside has caused a major landslide.,Landslide
heavy rainfall. rescue teams are needed.,Landslide
our apartment is no longer safe after the earthquake.,Earthquake
water released from the dam. we need food.,Flood
prolonged heat. the construction site is difficult to work in.,Heatwave
the valley has collapsed.,Landslide
a severe thunderstorm. please help immediately.,Lightning
a tropical cyclone. the market has lost its roof. electricity has been cut off.,Cyclone
heavy snowfall. the trekking route cannot be reached. people are trapped.,Avalanche
continuous tremors. people are trapped.,Earthquake
extreme heat has affected the farmland.,Forest Fire
continuous snowfall. please help immediately.,Avalanche
mountain erosion. please send rescue teams.,Landslide
intense sunlight. many people are dehydrated.,Heatwave
extreme heat. please control the fire.,Forest Fire
the market is damaged. urgent rescue is required.,Earthquake
an electric pole has lost electricity. please help immediately.,Lightning
the highway has become inaccessible. send emergency teams.,Avalanche
a powerful lightning strike. our locality has suffered a power outage.,Lightning
continuous rain. the valley has collapsed. roads are closed.,Landslide
rockfall. vehicles are trapped.,Landslide
the road is filled with water.,Flood
scorching weather. the highway is experiencing severe heat.,Heatwave
a powerful cyclone. our village has been flooded.,Cyclone
continuous tremors. families are stranded.,Earthquake
a powerful lightning strike has affected our locality.,Lightning
my family is trapped. please send a rescue boat.,Flood
people are stranded. please send an ambulance.,Flood
monsoon rain has resulted in severe flooding.,Flood
a powerful cyclone. the highway has been flooded.,Cyclone
the market is unsafe because of strong winds.,Cyclone
mountain erosion. the school is blocked by rocks. people are stranded.,Landslide
people are scared. please help immediately.,Lightning
our apartment has severe structural damage.,Earthquake
cyclonic winds. the market is covered with debris.,Cyclone
heatwave conditions. medical teams are needed.,Heatwave
people are trapped. please send rescue teams.,Earthquake
the market is shaking.,Earthquake
intense thunder has affected the school.,Lightning
a tropical cyclone. families need immediate help.,Cyclone
roads are closed. road clearance is required.,Landslide
our locality is inaccessible. please restore electricity.,Cyclone
houses are damaged. please send relief materials.,Cyclone
scorching weather. the market is facing extreme temperatures.,Heatwave
my family is trapped. please send an ambulance.,Flood
the school has suffered a power outage. please send an ambulance.,Lightning
the bridge is no longer safe after the earthquake.,Earthquake
a person has been injured. please send an ambulance.,Lightning
a wildfire is spreading rapidly.,Forest Fire
the hillside is unsafe because of falling rocks.,Landslide
scorching weather has affected the school.,Heatwave
the hillside is blocked by rocks. please help immediately.,Landslide
powerful tremors. the market is unsafe.,Earthquake
a lightning strike has affected the hospital.,Lightning
the mountain road is blocked by snow. please help immediately.,Avalanche
continuous snowfall. our shelter has been buried. tourists need rescue.,Avalanche
ice collapse has affected the mountain road.,Avalanche
unstable snow. our camp cannot be reached.,Avalanche
our workplace has become unbearable.,Heatwave
ice collapse has affected our shelter.,Avalanche
the hillside is unsafe because of falling rocks.,Landslide
families need rescue. road clearance is required.,Landslide
high temperature is spreading rapidly.,Forest Fire
very strong winds has affected the nearby town.,Cyclone
monsoon rain has caused flooding in the road.,Flood
continuous rainfall has resulted in severe flooding.,Flood
the mountain road is unsafe because of falling rocks.,Landslide
our village is surrounded by fallen trees. urgent help is needed.,Lightning
strong earthquake. the bridge is shaking.,Earthquake
extreme weather conditions has caused widespread destruction.,Cyclone
a lightning strike has affected our house.,Lightning
ground shaking. people are trapped.,Earthquake
the highway is unsafe because of extreme heat.,Heatwave
earthquake shock has caused severe damage to the school.,Earthquake
the hospital is surrounded by rising water.,Flood
burning vegetation has affected the highway.,Forest Fire
continuous rain has caused a major landslide.,Landslide
ice collapse has affected the mountain pass.,Avalanche
our house is unsafe because of strong winds.,Cyclone
loose soil. the bridge has been damaged. rescue teams are needed.,Landslide
violent shaking has caused severe damage to our building.,Earthquake
lightning during heavy rain. people are scared.,Lightning
the highway is unsafe during the afternoon.,Heatwave
a powerful lightning strike. medical assistance is required.,Lightning
seismic activity. the hospital has developed cracks. buildings are collapsing.,Earthquake
the nearby forest has suffered a power outage. medical assistance is required.,Lightning
water released from the dam has resulted in severe flooding.,Flood
tourists need rescue. evacuation is required.,Avalanche
the market is surrounded by rising water.,Flood
our village has become unbearable. please provide drinking water.,Heatwave
the mountain pass has become inaccessible. evacuation is required.,Avalanche
powerful tremors. buildings are collapsing.,Earthquake
the market is surrounded by rising water.,Flood
rockfall. people are stranded.,Landslide
continuous hot weather. the market has become extremely hot.,Heatwave
stormy weather. the farm cannot be accessed. communication has stopped.,Lightning
sudden earthquake. our building has collapsed.,Earthquake
an intense storm. please restore electricity.,Cyclone
our house is underwater.,Flood
families are stranded. ambulance is needed.,Earthquake
monsoon rain. our colony has been washed away. medical help is required.,Flood
river overflow. people are stranded.,Flood
trees have fallen everywhere. please help immediately.,Cyclone
the construction site is unsafe because of extreme heat.,Heatwave
a wildfire. the farmland has poor visibility.,Forest Fire
dam overflow. we need food.,Flood
high temperature is spreading rapidly.,Forest Fire
electricity has been cut off. urgent rescue is required.,Cyclone
high temperature is spreading rapidly.,Forest Fire
an intense storm. medical assistance is needed.,Cyclone
stormy weather. fire has started.,Lightning
continuous tremors. ambulance is needed.,Earthquake
our workplace is difficult to work in.,Heatwave
a powerful lightning strike. communication has stopped.,Lightning
an avalanche. the mountain pass is unsafe. vehicles are stuck.,Avalanche
our house is damaged. please help immediately.,Earthquake
dam overflow. our colony cannot be reached. please send help immediately.,Flood
powerful tremors has affected our village.,Earthquake
communication is unavailable. please restore electricity.,Cyclone
medical help is needed. please send medical assistance.,Heatwave
strong winds. urgent evacuation is required.,Forest Fire
the highway is surrounded by rising water.,Flood
burning vegetation is spreading rapidly.,Forest Fire
our house is unsafe after the lightning strike.,Lightning
the highway is unsafe because of strong winds.,Cyclone
strong winds. urgent evacuation is required.,Forest Fire
our colony has become unsafe because of floodwater.,Flood
our village cannot be reached.,Landslide
strong winds. the forest has poor visibility.,Forest Fire
an intense storm. the hospital has been flooded.,Cyclone
electrical discharge. the farm is surrounded by fallen trees. electricity is unavailable.,Lightning
the trekking route is unsafe.,Avalanche
mountain snow movement has affected the mountain pass.,Avalanche
intense sunlight. the school is facing extreme temperatures.,Heatwave
the wildlife sanctuary is surrounded by fire. urgent evacuation is required.,Forest Fire
an intense storm. roads are blocked.,Cyclone
our village cannot be reached.,Avalanche
we need food. please send NDRF.,Flood
our house is surrounded by rising water.,Flood
the national park is filled with flames. please control the fire.,Forest Fire
people are trapped. evacuation is required.,Avalanche
unstable snow. the trekking route has been buried.,Avalanche
monsoon rain has caused the highway to become flooded.,Flood
the nearby town is experiencing severe heat. please help immediately.,Heatwave
our house is unsafe after the lightning strike.,Lightning
sudden earthquake. many people are injured.,Earthquake
continuous rain. the school has collapsed. rescue teams are needed.,Landslide
the wildlife sanctuary has poor visibility.,Forest Fire
soil erosion. please help immediately.,Landslide
extreme heat has affected the highway.,Forest Fire
the bridge is no longer safe after the earthquake.,Earthquake
the hillside is covered with mud. urgent help is needed.,Landslide
stormy weather has caused severe damage.,Lightning
the market is unsafe because of extreme heat.,Heatwave
strong winds. urgent evacuation is required.,Forest Fire
high temperature. the hills is burning rapidly. roads are closed.,Forest Fire
a violent storm. the fishing harbor has been flooded. communication is unavailable.,Cyclone
a severe thunderstorm has caused severe damage.,Lightning
ground shaking. the hospital has severe structural damage. we need medical help.,Earthquake
a spreading fire. fire is spreading quickly.,Forest Fire
the road is shaking.,Earthquake
the mountain road is blocked by snow. medical assistance is needed.,Avalanche
river overflow. we need drinking water.,Flood
scorching weather is causing health problems.,Heatwave
the nearby forest has caught fire. please help immediately.,Lightning
people are suffering from heatstroke. please send medical assistance.,Heatwave
high temperature is spreading rapidly.,Forest Fire
record high temperature. please send medical assistance.,Heatwave
continuous rainfall has caused flooding in our house.,Flood
mountain snow movement. the mountain road is blocked by snow.,Avalanche
mountain erosion. the mountain road is completely blocked. rescue teams are needed.,Landslide
the office is no longer safe after the earthquake.,Earthquake
soil erosion. please send rescue teams.,Landslide
powerful tremors has affected the school.,Earthquake
our house is surrounded by rising water.,Flood
unstable snow. please help immediately.,Avalanche
continuous hot weather. people are collapsing.,Heatwave
strong winds. the nearby town is covered with smoke.,Forest Fire
burning vegetation is spreading rapidly.,Forest Fire
seismic activity. we need medical help.,Earthquake
the national park is unsafe because of heavy smoke.,Forest Fire
our farm is submerged.,Flood
the nearby village is unsafe because of heavy smoke.,Forest Fire
heatwave conditions is causing health problems.,Heatwave
sudden earthquake. buildings are collapsing.,Earthquake
extreme heat is spreading rapidly.,Forest Fire
burning vegetation is spreading rapidly.,Forest Fire
heavy snowfall has blocked the entire route.,Avalanche
mountain erosion. roads are closed.,Landslide
tourists need rescue. evacuation is required.,Avalanche
people are trapped. please send rescue teams.,Earthquake
heavy rainfall has resulted in severe flooding.,Flood
the school is facing extreme temperatures. please send medical assistance.,Heatwave
burning vegetation. the forest has poor visibility.,Forest Fire
stormy weather has affected our house.,Lightning
the school is no longer safe after the earthquake.,Earthquake
extreme heat has affected the nearby town.,Forest Fire
a severe coastal storm. our village has lost its roof.,Cyclone
my family is trapped. please send a rescue boat.,Flood
dam overflow has caused flooding in the market.,Flood
the farmland is unsafe because of heavy smoke.,Forest Fire
continuous rainfall. electricity is unavailable.,Flood
heavy snowfall. the highway is unsafe. medical help is needed.,Avalanche
the highway is unsafe because of falling rocks.,Landslide
burning vegetation. fire is spreading quickly.,Forest Fire
unstable snow. evacuation is required.,Avalanche
the school is surrounded by rising water.,Flood
snow accumulation. evacuation is required.,Avalanche
the forest is unsafe because of heavy smoke.,Forest Fire
our workplace is difficult to work in. please help immediately.,Heatwave
our colony cannot be reached.,Flood
the nearby village has poor visibility.,Forest Fire
the forest trail is blocked by snow. please help immediately.,Avalanche
the national park is covered with smoke.,Forest Fire
trees have fallen everywhere. please send relief materials.,Cyclone
intense thunder. the farm has been damaged. a person has been injured.,Lightning
loose soil. the valley has collapsed. rescue teams are needed.,Landslide
heavy rainfall has resulted in severe flooding.,Flood
very strong winds has affected the hospital.,Cyclone
the forest trail is unsafe because of heavy snowfall.,Avalanche
sudden earthquake. the bridge has severe structural damage. we need medical help.,Earthquake
rockfall. our locality cannot be reached. transport has stopped.,Landslide
people are trapped. ambulance is needed.,Earthquake
ice collapse has affected our village.,Avalanche
soil erosion. the school is buried under debris. people cannot leave.,Landslide
an electric pole is unsafe after the lightning strike.,Lightning
the market has lost its roof. urgent rescue is required.,Cyclone
extreme weather conditions. our locality has been flooded.,Cyclone
continuous hot weather has affected our locality.,Heatwave
very strong winds. please send relief materials.,Cyclone
extreme heat. the nearby town is experiencing severe heat.,Heatwave
a lightning strike has caused severe damage.,Lightning
our camp cannot be reached. send emergency teams.,Avalanche
mountain erosion has caused a major landslide.,Landslide
continuous hot weather. the farm is facing extreme temperatures. medical help is needed.,Heatwave
the hospital is unsafe. please send NDRF.,Earthquake
our house has collapsed.,Landslide
very high temperature. drinking water is unavailable.,Heatwave
the nearby town is covered with smoke. please send firefighters.,Forest Fire
burning vegetation. the nearby town has been evacuated.,Forest Fire
people are trapped. evacuation is required.,Avalanche
heavy rainfall has caused a major landslide.,Landslide
our village is no longer safe after the earthquake.,Earthquake
people need rescue. urgent rescue is needed.,Flood
ice collapse has blocked the entire route.,Avalanche
prolonged heat has affected the construction site.,Heatwave
our village is covered with snow.,Avalanche
we need medical help. please send rescue teams.,Earthquake
our farm has become unsafe because of floodwater.,Flood
rockfall. rescue teams are needed.,Landslide
medical help is needed. urgent rescue is required.,Avalanche
our house is covered with mud.,Landslide
people cannot move. medical assistance is needed.,Avalanche
blocked drainage has caused flooding in our farm.,Flood
a powerful cyclone. our house has been badly damaged. roads are blocked.,Cyclone
extreme weather conditions. our locality has lost its roof.,Cyclone
our colony has become unsafe because of floodwater.,Flood
continuous hot weather is causing health problems.,Heatwave
our house has severe structural damage. urgent rescue is required.,Earthquake
clouds burst with intense rain has caused the hospital to become flooded.,Flood
sudden earthquake. the school has collapsed.,Earthquake
extreme heat. please send medical assistance.,Heatwave
a powerful lightning strike has affected our village.,Lightning
intense thunder. the farm has been damaged. electricity is unavailable.,Lightning
a snow slide. urgent rescue is required.,Avalanche
the market has lost its roof. please send emergency teams.,Cyclone
our house is unsafe because of strong winds.,Cyclone
our colony has become unsafe because of floodwater.,Flood
continuous lightning. people need medical help.,Lightning
loose soil. vehicles are trapped.,Landslide
strong earthquake. our building is unsafe. people are trapped.,Earthquake
the highway has lost its roof.,Cyclone
a snow slide. send emergency teams.,Avalanche
our city is unsafe because of extreme heat.,Heatwave
our house is filled with water and electricity is unavailable.,Flood
the highway has been damaged.,Lightning
strong winds. the mountain forest is covered with smoke. fire is spreading quickly.,Forest Fire
a severe thunderstorm. emergency rescue is required.,Lightning
a severe coastal storm. medical assistance is needed.,Cyclone
blocked drainage has caused the school to become flooded.,Flood
an avalanche. vehicles are stuck.,Avalanche
extreme heat. houses are at risk.,Forest Fire
the trekking route is covered with snow.,Avalanche
violent shaking. we need medical help.,Earthquake
the construction site has no drinking water. please provide drinking water.,Heatwave
the mountain road cannot be reached.,Landslide
our city has become extremely hot.,Heatwave
an avalanche has blocked the entire route.,Avalanche
a lightning strike. the market has lost electricity. people are scared.,Lightning
our city is unsafe because of extreme heat.,Heatwave
a tropical cyclone has caused widespread destruction.,Cyclone
record high temperature has affected the farm.,Heatwave
rockfall. the hillside is completely blocked.,Landslide
a tropical cyclone. the coastal area has lost its roof. people are stranded.,Cyclone
water released from the dam has caused the highway to become flooded.,Flood
seismic activity. people are trapped.,Earthquake
a tropical cyclone. the coastal area has been badly damaged.,Cyclone
electricity has been cut off. please help immediately.,Cyclone
a violent storm. our house has lost its roof.,Cyclone
the farm is experiencing severe heat. medical teams are needed.,Heatwave
the highway has been flooded. please send emergency teams.,Cyclone
transport has stopped. emergency rescue is required.,Landslide
burning vegetation has affected the nearby village.,Forest Fire
our house is completely blocked. emergency rescue is required.,Landslide
heatwave conditions. ambulance is required.,Heatwave
the trekking route is covered with snow. urgent rescue is required.,Avalanche
continuous hot weather. our village is facing extreme temperatures.,Heatwave
heavy rainfall has resulted in severe flooding.,Flood
our house is unsafe because of falling rocks.,Landslide
a severe thunderstorm. please help immediately.,Lightning
stormy weather. our village is unsafe.,Lightning
fire is spreading quickly. please control the fire.,Forest Fire
continuous rain. please help immediately.,Landslide
the school cannot be reached.,Flood
electricity is unavailable. please send firefighters.,Lightning
sudden earthquake. the bridge is shaking. people are trapped.,Earthquake
an avalanche has blocked the entire route.,Avalanche
the coastal area is unsafe because of strong winds.,Cyclone
scorching weather. please send medical assistance.,Heatwave
the office is shaking.,Earthquake
hill slope failure. vehicles are trapped.,Landslide
high temperature. help is needed immediately.,Forest Fire
river overflow. people are stranded.,Flood
unstable hillside. people cannot leave.,Landslide
very strong winds. electricity has been cut off.,Cyclone
intense sunlight has affected our locality.,Heatwave
blocked drainage has caused the market to become flooded.,Flood
soil erosion. people cannot leave.,Landslide
a powerful cyclone. communication is unavailable.,Cyclone
our village cannot be reached. send emergency teams.,Avalanche
the hospital has suffered a power outage. please send an ambulance.,Lightning
earthquake shock has caused severe damage to our village.,Earthquake
cyclonic winds. our village has been flooded. people are stranded.,Cyclone
the farmland has poor visibility. medical assistance is needed.,Forest Fire
the school is shaking. please help immediately.,Earthquake
the school is no longer safe after the earthquake.,Earthquake
the nearby valley cannot be reached. medical assistance is needed.,Avalanche
the hospital has lost electricity.,Lightning
strong earthquake. our building is unsafe. people are trapped.,Earthquake
our village is submerged and my family is trapped.,Flood
unstable hillside. the bridge is buried under debris. transport has stopped.,Landslide
the national park is surrounded by fire.,Forest Fire
a lightning strike. urgent help is needed.,Lightning
a spreading fire is spreading rapidly.,Forest Fire
our shelter is covered with snow.,Avalanche
our house is surrounded by rising water.,Flood
the market is unsafe because of strong winds.,Cyclone
the road is damaged.,Earthquake
rockfall. people are stranded.,Landslide
snow accumulation. evacuation is required.,Avalanche
a severe coastal storm. the fishing harbor has been flooded.,Cyclone
the farmland has been evacuated. help is needed immediately.,Forest Fire
the bridge is no longer safe after the earthquake.,Earthquake
a snow slide. our camp cannot be reached. people are trapped.,Avalanche
the school has no drinking water. medical teams are needed.,Heatwave
mountain erosion. families need rescue.,Landslide
strong winds is spreading rapidly.,Forest Fire
ice collapse. the highway is trapped under snow. people cannot move.,Avalanche
stormy weather. please send an ambulance.,Lightning
a severe coastal storm. urgent rescue is required.,Cyclone
continuous lightning. people need medical help.,Lightning
a spreading fire. houses are at risk.,Forest Fire
the bridge is unsafe because of falling rocks.,Landslide
our camp is unsafe because of heavy snowfall.,Avalanche
our workplace has become extremely hot. medical teams are needed.,Heatwave
the construction site is unsafe because of extreme heat.,Heatwave
very high temperature has affected our locality.,Heatwave
unstable hillside has triggered a landslide near the hillside.,Landslide
sudden earthquake. please help immediately.,Earthquake
cyclonic winds has caused widespread destruction.,Cyclone
unstable snow. evacuation is required.,Avalanche
unstable hillside. the highway has been damaged. people cannot leave.,Landslide
monsoon rain has resulted in severe flooding.,Flood
a spreading fire is spreading rapidly.,Forest Fire
strong winds is spreading rapidly.,Forest Fire
the wildlife sanctuary has poor visibility.,Forest Fire
violent shaking has caused severe damage to the market.,Earthquake
very strong winds. please help immediately.,Cyclone
prolonged heat has affected our city.,Heatwave
an intense storm has caused widespread destruction.,Cyclone
a snow slide has blocked the entire route.,Avalanche
the forest is unsafe because of heavy smoke.,Forest Fire
dam overflow has resulted in severe flooding.,Flood
violent shaking has caused severe damage to our apartment.,Earthquake
our colony is flooded and electricity is unavailable.,Flood
strong winds. the mountain forest is covered with smoke. people need immediate help.,Forest Fire
the forest trail has been buried.,Avalanche
communication is unavailable. please send emergency teams.,Cyclone
an electric pole is unsafe after the lightning strike.,Lightning
strong earthquake has caused severe damage to our apartment.,Earthquake
ground shaking. our house has collapsed.,Earthquake
the farm is unsafe because of extreme heat.,Heatwave
continuous hot weather. the construction site has become unbearable.,Heatwave
intense thunder has caused severe damage.,Lightning
our locality is blocked by rocks.,Landslide
the road is no longer safe after the earthquake.,Earthquake
the hill station is unsafe.,Avalanche
people need medical help. please send an ambulance.,Lightning
ice collapse has blocked the entire route.,Avalanche
heavy rainfall. our house has been damaged. people are stranded.,Landslide
people cannot leave. please help immediately.,Landslide
our locality has been badly damaged. medical assistance is needed.,Cyclone
ice collapse. people are trapped.,Avalanche
earthquake shock has caused severe damage to our building.,Earthquake
the highway is submerged.,Flood
people are stranded. please send medical assistance.,Landslide
snow accumulation has blocked the entire route.,Avalanche
continuous rainfall. the school is surrounded by water. please send an ambulance.,Flood
strong earthquake. the bridge has partially collapsed.,Earthquake
the road is no longer safe after the earthquake.,Earthquake
the school has collapsed.,Landslide
the bridge is surrounded by rising water.,Flood
animals are trapped. urgent evacuation is required.,Forest Fire
ground shaking. our apartment is shaking.,Earthquake
scorching weather. our village is facing extreme temperatures.,Heatwave
cyclonic winds has caused widespread destruction.,Cyclone
the mountain forest is unsafe.,Forest Fire
our village is underwater.,Flood
mountain snow movement. the mountain pass is covered with snow. roads are blocked.,Avalanche
burning vegetation is spreading rapidly.,Forest Fire
lightning during heavy rain. the highway is unsafe. emergency help is needed.,Lightning
unstable hillside. our village cannot be reached.,Landslide
an intense storm. the coastal area has no electricity.,Cyclone
scorching weather. the construction site is difficult to work in. people are collapsing.,Heatwave
families are stranded. please help immediately.,Avalanche
the school has severe structural damage. please send rescue teams.,Earthquake
river overflow has resulted in severe flooding.,Flood
stormy weather has caused severe damage.,Lightning
ground shaking. our apartment has developed cracks.,Earthquake
mountain erosion. our village is buried under debris. people are stranded.,Landslide
heatwave conditions. ambulance is required.,Heatwave
the trekking route has become inaccessible. please send mountain rescue.,Avalanche
the highway has been flooded.,Cyclone
the fishing harbor is inaccessible. please help immediately.,Cyclone
heavy rainfall. the market is filled with water. please send NDRF.,Flood
cyclonic winds has affected the market.,Cyclone
our apartment is shaking.,Earthquake
intense sunlight. ambulance is required.,Heatwave
continuous rain. the bridge is covered with mud.,Landslide
powerful tremors. the road is shaking. roads are blocked.,Earthquake
the bridge has severe structural damage. please send rescue teams.,Earthquake
families need rescue. emergency rescue is required.,Landslide
people are stranded. urgent rescue is needed.,Flood
the highway cannot be reached.,Avalanche
an avalanche. urgent rescue is required.,Avalanche
the highway is surrounded by rising water.,Flood
our village is unsafe because of heavy snowfall.,Avalanche
our locality is experiencing severe heat.,Heatwave
roads are blocked. please send mountain rescue.,Avalanche
houses are damaged. please send relief materials.,Cyclone
a violent storm. the highway has been flooded.,Cyclone
ground shaking. the bridge is shaking. many people are injured.,Earthquake
our locality is unsafe because of strong winds.,Cyclone
mountain snow movement has blocked the entire route.,Avalanche
our village is surrounded by fallen trees.,Cyclone
a severe thunderstorm. people need medical help.,Lightning
people need medical help. emergency rescue is required.,Lightning
our village is surrounded by fallen trees.,Lightning
our house has collapsed. emergency rescue is required.,Landslide
the farm has become unbearable.,Heatwave
our farm has become unsafe because of floodwater.,Flood
mountain erosion. please send medical assistance.,Landslide
an intense storm. electricity has been cut off.,Cyclone
scorching weather. our city is unsafe during the afternoon.,Heatwave
communication has stopped. urgent help is needed.,Lightning
a wildfire. please send emergency teams.,Forest Fire
the trekking route is blocked by snow. please help immediately.,Avalanche
river overflow. electricity is unavailable.,Flood
mountain snow movement. our village has become inaccessible.,Avalanche
soil erosion has caused a major landslide.,Landslide
the office is shaking.,Earthquake
continuous rainfall. electricity is unavailable.,Flood
our apartment is no longer safe after the earthquake.,Earthquake
our locality has become unbearable.,Heatwave
a violent storm. electricity has been cut off.,Cyclone
the school has partially collapsed. urgent rescue is required.,Earthquake
strong earthquake. medical assistance is needed.,Earthquake
people are collapsing. medical teams are needed.,Heatwave
a tropical cyclone. the nearby town has lost its roof. roads are blocked.,Cyclone
communication is unavailable. medical assistance is needed.,Cyclone
the nearby town is unsafe. medical assistance is needed.,Forest Fire
a forest fire is spreading rapidly.,Forest Fire
roads are blocked. please help immediately.,Cyclone
electrical discharge. the nearby forest has lost electricity. communication has stopped.,Lightning
unstable hillside. emergency rescue is required.,Landslide
mountain snow movement. the mountain road is blocked by snow. tourists need rescue.,Avalanche
continuous lightning. please send firefighters.,Lightning
continuous rainfall has caused flooding in our house.,Flood
people are collapsing. ambulance is required.,Heatwave
continuous tremors. the hospital has collapsed.,Earthquake
strong winds. houses are at risk.,Forest Fire
the hospital is surrounded by water.,Flood
electrical discharge. communication has stopped.,Lightning
a severe coastal storm has caused widespread destruction.,Cyclone
our village is unsafe because of heavy snowfall.,Avalanche
people are stranded. road clearance is required.,Landslide
intense sunlight is causing health problems.,Heatwave
our house is no longer safe after the earthquake.,Earthquake
a tropical cyclone. the school has been badly damaged. families need immediate help.,Cyclone
seismic activity has affected the bridge.,Earthquake
our locality has been damaged.,Lightning
burning vegetation is spreading rapidly.,Forest Fire
cyclonic winds. houses are damaged.,Cyclone
people cannot leave. please send rescue teams.,Landslide
buildings are collapsing. please send rescue teams.,Earthquake
a tropical cyclone. please help immediately.,Cyclone
the mountain pass is unsafe because of heavy snowfall.,Avalanche
the mountain forest is unsafe because of heavy smoke.,Forest Fire
a wildfire. the hills has poor visibility.,Forest Fire
the highway is underwater.,Flood
intense thunder has affected our house.,Lightning
the bridge has collapsed. please send rescue teams.,Landslide
loose soil. urgent help is needed.,Landslide
elderly people need help. urgent help is needed.,Heatwave
people are trapped. urgent rescue is required.,Earthquake
our house has no electricity. urgent rescue is required.,Cyclone
the bridge cannot be reached. emergency rescue is required.,Landslide
the nearby valley is trapped under snow.,Avalanche
a tropical cyclone has affected the highway.,Cyclone
our workplace is experiencing severe heat.,Heatwave
roads are blocked. urgent rescue is required.,Avalanche
the nearby town is covered with debris. urgent rescue is required.,Cyclone
a severe thunderstorm. people need medical help.,Lightning
the school has collapsed.,Earthquake
unstable hillside has triggered a landslide near the hillside.,Landslide
the market has become extremely hot. ambulance is required.,Heatwave
an intense storm. urgent rescue is required.,Cyclone
the mountain pass is trapped under snow.,Avalanche
mountain snow movement. please help immediately.,Avalanche
a violent storm. please send relief materials.,Cyclone
the highway is blocked by rocks. please send rescue teams.,Landslide
our house has become unsafe because of floodwater.,Flood
violent shaking. roads are blocked.,Earthquake
a forest fire. please send emergency teams.,Forest Fire
our farm is surrounded by rising water.,Flood
our house is buried under debris.,Landslide
ice collapse. our camp is blocked by snow.,Avalanche
the fishing harbor is unsafe because of strong winds.,Cyclone
ground shaking has caused severe damage to our village.,Earthquake
the highway is surrounded by rising water.,Flood
blocked drainage has resulted in severe flooding.,Flood
people are fainting. please send medical assistance.,Heatwave
unstable hillside. roads are closed.,Landslide
stormy weather has caused severe damage.,Lightning
our colony is surrounded by rising water.,Flood
dam overflow. people need rescue.,Flood
record high temperature is causing health problems.,Heatwave
burning vegetation. animals are trapped.,Forest Fire
extreme heat. the nearby town has become extremely hot. people are suffering from heatstroke.,Heatwave
river overflow has caused flooding in the hospital.,Flood
continuous hot weather. the highway is difficult to work in.,Heatwave
the nearby town is covered with smoke.,Forest Fire
the forest trail is unsafe because of heavy snowfall.,Avalanche
unstable hillside. road clearance is required.,Landslide
hill slope failure has triggered a landslide near the mountain road.,Landslide
continuous snowfall. the mountain road has become inaccessible.,Avalanche
dam overflow has caused the hospital to become flooded.,Flood
lightning during heavy rain. people need medical help.,Lightning
the road is no longer safe after the earthquake.,Earthquake
soil erosion. please send medical assistance.,Landslide
burning vegetation. fire is spreading quickly.,Forest Fire
our locality is surrounded by fallen trees.,Lightning
heavy rainfall has caused our house to become flooded.,Flood
our shelter is unsafe because of heavy snowfall.,Avalanche
the highway has been washed away and we need food.,Flood
the national park is unsafe.,Forest Fire
the farm cannot be accessed.,Lightning
the bridge is unsafe because of falling rocks.,Landslide
the mountain road is unsafe because of heavy snowfall.,Avalanche
heatwave conditions. elderly people need help.,Heatwave
high temperature. the hills is surrounded by fire. fire is spreading quickly.,Forest Fire
our house is surrounded by rising water.,Flood
extreme heat. the forest is burning rapidly.,Forest Fire
our farm has become unsafe because of floodwater.,Flood
water released from the dam has caused flooding in our village.,Flood
the bridge is buried under debris.,Landslide
continuous lightning. an electric pole cannot be accessed.,Lightning
strong earthquake. our village has partially collapsed.,Earthquake
very high temperature. medical help is needed.,Heatwave
our village is unsafe because of extreme heat.,Heatwave
unstable hillside has triggered a landslide near the highway.,Landslide
dry weather. please control the fire.,Forest Fire
people are trapped. please help immediately.,Earthquake
a spreading fire is spreading rapidly.,Forest Fire
an avalanche. evacuation is required.,Avalanche
mountain erosion. emergency rescue is required.,Landslide
a forest fire is spreading rapidly.,Forest Fire
a wildfire. the wildlife sanctuary has poor visibility. people need immediate help.,Forest Fire
earthquake shock has affected the office.,Earthquake
a forest fire. animals are trapped.,Forest Fire
mountain erosion has caused a major landslide.,Landslide
our village is surrounded by fallen trees.,Lightning
mountain snow movement. the forest trail has been buried. medical help is needed.,Avalanche
the nearby town is unsafe.,Forest Fire
heatwave conditions. the market has become unbearable.,Heatwave
intense sunlight has affected the school.,Heatwave
record high temperature. people are collapsing.,Heatwave
fire is spreading quickly. please send firefighters.,Forest Fire
people are trapped. please send rescue teams.,Earthquake
hill slope failure. the valley is blocked by rocks.,Landslide
water released from the dam has resulted in severe flooding.,Flood
ground shaking. families are stranded.,Earthquake
the wildlife sanctuary is filled with flames.,Forest Fire
powerful tremors has affected the school.,Earthquake
dam overflow. the road is filled with water. medical help is required.,Flood
very high temperature has affected the market.,Heatwave
a lightning strike has caused severe damage.,Lightning
our house is unsafe. medical assistance is needed.,Earthquake
the hospital has become unsafe because of floodwater.,Flood
the school is unsafe after the lightning strike.,Lightning
people are stranded. please send an ambulance.,Flood
the hospital has become unsafe because of floodwater.,Flood
rockfall has triggered a landslide near our locality.,Landslide
continuous hot weather is causing health problems.,Heatwave
families are stranded. please send NDRF.,Earthquake
intense sunlight is causing health problems.,Heatwave
the office is no longer safe after the earthquake.,Earthquake
violent shaking has caused severe damage to the school.,Earthquake
ground shaking. buildings are collapsing.,Earthquake
the farm has been damaged. emergency rescue is required.,Lightning
mountain erosion has triggered a landslide near the forest road.,Landslide
the mountain forest is unsafe because of heavy smoke.,Forest Fire
breathing has become difficult. please send firefighters.,Forest Fire
the trekking route is unsafe because of heavy snowfall.,Avalanche
a snow slide. medical help is needed.,Avalanche
a lightning strike has caused severe damage.,Lightning
a forest fire. breathing has become difficult.,Forest Fire
continuous rain. our house is covered with mud.,Landslide
loose soil has caused a major landslide.,Landslide
our village has lost its roof.,Cyclone
the hillside is buried under debris. urgent help is needed.,Landslide
our shelter has been buried. medical assistance is needed.,Avalanche
people are stranded. please send an ambulance.,Flood
a powerful cyclone. the market is surrounded by fallen trees. trees have fallen everywhere.,Cyclone
the highway has lost electricity. medical assistance is required.,Lightning
the farmland is unsafe because of heavy smoke.,Forest Fire
extreme heat has affected our workplace.,Heatwave
a forest fire has affected the nearby town.,Forest Fire
dry weather has affected the hills.,Forest Fire
record high temperature has affected the highway.,Heatwave
rockfall. please send medical assistance.,Landslide
our locality is surrounded by fallen trees. please send relief materials.,Cyclone
the hospital has become unsafe because of floodwater.,Flood
ground shaking. our house has severe structural damage. we need medical help.,Earthquake
snow accumulation. roads are blocked.,Avalanche
a powerful cyclone. please send emergency teams.,Cyclone
electrical discharge. please send firefighters.,Lightning
extreme heat has affected our locality.,Heatwave
earthquake shock. urgent rescue is required.,Earthquake
powerful tremors. please send NDRF.,Earthquake
violent shaking. our house is unsafe. people are panicking.,Earthquake
a tropical cyclone. medical assistance is needed.,Cyclone
earthquake shock. ambulance is needed.,Earthquake
a tropical cyclone. families need immediate help.,Cyclone
an avalanche has blocked the entire route.,Avalanche
extreme heat is spreading rapidly.,Forest Fire
a violent storm has caused widespread destruction.,Cyclone
the nearby valley is unsafe because of heavy snowfall.,Avalanche
an intense storm has affected the school.,Cyclone
scorching weather. people are collapsing.,Heatwave
prolonged heat. our village has become unbearable. many people are dehydrated.,Heatwave
loose soil. families need rescue.,Landslide
houses are at risk. medical assistance is needed.,Forest Fire
drinking water is unavailable. ambulance is required.,Heatwave
our apartment is no longer safe after the earthquake.,Earthquake
our shelter cannot be reached. please send mountain rescue.,Avalanche
the farmland is filled with flames. help is needed immediately.,Forest Fire
unstable snow. medical assistance is needed.,Avalanche
continuous rain. our locality has collapsed.,Landslide
the highway is unsafe because of heavy snowfall.,Avalanche
the hill station has become inaccessible. evacuation is required.,Avalanche
a powerful cyclone. families need immediate help.,Cyclone
a lightning strike has caused severe damage.,Lightning
dry weather is spreading rapidly.,Forest Fire
the school is unsafe because of extreme heat.,Heatwave
the school is unsafe after the lightning strike.,Lightning
scorching weather is causing health problems.,Heatwave
river overflow has caused flooding in the highway.,Flood
fire has started. emergency rescue is required.,Lightning
an avalanche has affected the mountain road.,Avalanche
water released from the dam. people are stranded.,Flood
the nearby town has lost its roof. please restore electricity.,Cyclone
earthquake shock. ambulance is needed.,Earthquake
the market is unsafe after the lightning strike.,Lightning
an intense storm. please restore electricity.,Cyclone
lightning during heavy rain. an electric pole is surrounded by fallen trees. emergency help is needed.,Lightning
roads are blocked. please send an ambulance.,Flood
powerful tremors has caused severe damage to the office.,Earthquake
seismic activity. our building is unsafe. many people are injured.,Earthquake
the nearby valley is unsafe because of heavy snowfall.,Avalanche
drinking water is unavailable. ambulance is required.,Heatwave
communication has stopped. medical assistance is required.,Lightning
a lightning strike. please send an ambulance.,Lightning
our building is unsafe.,Earthquake
trees have fallen everywhere. please restore electricity.,Cyclone
a severe coastal storm. roads are blocked.,Cyclone
very high temperature. our city is facing extreme temperatures. people are collapsing.,Heatwave
unstable snow has blocked the entire route.,Avalanche
the highway is unsafe because of heavy smoke.,Forest Fire
water released from the dam has caused flooding in the bridge.,Flood
the office is no longer safe after the earthquake.,Earthquake
our farm is flooded and people need rescue.,Flood
the highway is unsafe after the lightning strike.,Lightning
our locality is unsafe because of extreme heat.,Heatwave
continuous lightning. the school has caught fire.,Lightning
extreme heat. our locality is burning rapidly.,Forest Fire
water released from the dam has resulted in severe flooding.,Flood
intense thunder has caused severe damage.,Lightning
our house is surrounded by water.,Flood
scorching weather. people are suffering from heatstroke.,Heatwave
our colony is surrounded by rising water.,Flood
scorching weather is causing health problems.,Heatwave
heavy rainfall. the mountain road is buried under debris.,Landslide
extreme heat has affected the construction site.,Heatwave
blocked drainage has caused the school to become flooded.,Flood
mountain erosion. people cannot leave.,Landslide
the school has lost its roof.,Cyclone
an avalanche. the forest trail is trapped under snow. people are trapped.,Avalanche
stormy weather. communication has stopped.,Lightning
ground shaking has caused severe damage to the road.,Earthquake
extreme weather conditions. our house is covered with debris. communication is unavailable.,Cyclone
a severe coastal storm. our locality is inaccessible. families need immediate help.,Cyclone
our village is surrounded by water and roads are blocked.,Flood
strong winds. animals are trapped.,Forest Fire
our village is buried under debris. please send rescue teams.,Landslide
stormy weather. the hospital has caught fire. electricity is unavailable.,Lightning
families are stranded. please send NDRF.,Earthquake
dam overflow has resulted in severe flooding.,Flood
unstable hillside. please send medical assistance.,Landslide
heavy snowfall. medical assistance is needed.,Avalanche
a tropical cyclone. please restore electricity.,Cyclone
loose soil has caused a major landslide.,Landslide
electrical discharge. an electric pole has lost electricity.,Lightning
communication has stopped. please help immediately.,Lightning
scorching weather has affected our locality.,Heatwave
mountain snow movement. the hill station is trapped under snow.,Avalanche
continuous rain has caused a major landslide.,Landslide
transport has stopped. urgent help is needed.,Landslide
continuous rainfall has resulted in severe flooding.,Flood
blocked drainage has caused flooding in the hospital.,Flood
a powerful lightning strike. the market has suffered a power outage.,Lightning
our village is unsafe because of strong winds.,Cyclone
prolonged heat. medical help is needed.,Heatwave
families need immediate help. please help immediately.,Cyclone
a spreading fire is spreading rapidly.,Forest Fire
heavy snowfall. urgent rescue is required.,Avalanche
our farm has been washed away.,Flood
continuous tremors. our apartment is unsafe. families are stranded.,Earthquake
a powerful cyclone has caused widespread destruction.,Cyclone
the forest is surrounded by fire.,Forest Fire
trees have fallen everywhere. medical assistance is needed.,Cyclone
intense thunder. our village is surrounded by fallen trees. emergency help is needed.,Lightning
blocked drainage has resulted in severe flooding.,Flood
the road is submerged.,Flood
a forest fire. the farmland is burning rapidly.,Forest Fire
the farmland is unsafe because of heavy smoke.,Forest Fire
our house is blocked by rocks.,Landslide
a severe thunderstorm. emergency rescue is required.,Lightning
prolonged heat. people are suffering from heatstroke.,Heatwave
a severe thunderstorm. urgent help is needed.,Lightning
unstable hillside has triggered a landslide near the valley.,Landslide
snow accumulation has blocked the entire route.,Avalanche
dry weather. the highway is filled with flames.,Forest Fire
the valley has collapsed.,Landslide
violent shaking has caused severe damage to the hospital.,Earthquake
prolonged heat is causing health problems.,Heatwave
transport has stopped. emergency rescue is required.,Landslide
our village is experiencing severe heat. medical teams are needed.,Heatwave
the road is surrounded by water.,Flood
dry weather. fire is spreading quickly.,Forest Fire
the nearby valley has been buried.,Avalanche
a spreading fire is spreading rapidly.,Forest Fire
an avalanche. tourists need rescue.,Avalanche
roads are blocked. please help immediately.,Earthquake
our locality is completely blocked.,Landslide
scorching weather. the school has become unbearable. many people are dehydrated.,Heatwave
blocked drainage. the market is flooded. please send a rescue boat.,Flood
the school has become unbearable. please send medical assistance.,Heatwave
heavy rainfall has caused a major landslide.,Landslide
burning vegetation. animals are trapped.,Forest Fire
the hospital is unsafe because of strong winds.,Cyclone
the market is damaged.,Earthquake
electricity has been cut off. please help immediately.,Cyclone
the mountain road cannot be reached.,Landslide
the valley is unsafe because of falling rocks.,Landslide
our locality is unsafe because of extreme heat.,Heatwave
sudden earthquake has caused severe damage to the office.,Earthquake
our city is facing extreme temperatures.,Heatwave
strong earthquake. medical assistance is needed.,Earthquake
a tropical cyclone has caused widespread destruction.,Cyclone
the school is no longer safe after the earthquake.,Earthquake
many people are injured. urgent rescue is required.,Earthquake
a wildfire. the farmland is covered with smoke. people need immediate help.,Forest Fire
a snow slide. our village cannot be reached. medical help is needed.,Avalanche
blocked drainage. the hospital is flooded. please send a rescue boat.,Flood
our locality is inaccessible. medical assistance is needed.,Cyclone
extreme heat has affected the mountain forest.,Forest Fire
an avalanche. tourists need rescue.,Avalanche
earthquake shock. the bridge is damaged.,Earthquake
our locality has lost electricity.,Lightning
extreme heat. the farm has no drinking water.,Heatwave
high temperature. people need immediate help.,Forest Fire
an intense storm. our locality has been flooded.,Cyclone
people cannot leave. please send rescue teams.,Landslide
a severe thunderstorm has caused severe damage.,Lightning
the hospital is unsafe because of strong winds.,Cyclone
lightning during heavy rain. the hospital has caught fire. communication has stopped.,Lightning
continuous tremors. the hospital has collapsed. buildings are collapsing.,Earthquake
stormy weather. emergency rescue is required.,Lightning
intense thunder has affected our house.,Lightning
prolonged heat. drinking water is unavailable.,Heatwave
the hospital has severe structural damage.,Earthquake
the fishing harbor has been badly damaged.,Cyclone
the bridge is unsafe because of falling rocks.,Landslide
extreme heat is spreading rapidly.,Forest Fire
water released from the dam. electricity is unavailable.,Flood
cyclonic winds. the coastal area is covered with debris. electricity has been cut off.,Cyclone
snow accumulation. the forest trail is blocked by snow.,Avalanche
burning vegetation. the nearby village has poor visibility.,Forest Fire
prolonged heat. the school has become extremely hot. many people are dehydrated.,Heatwave
continuous lightning. our village is unsafe.,Lightning
loose soil. rescue teams are needed.,Landslide
people are stranded. please send NDRF.,Flood
powerful tremors has affected the office.,Earthquake
a severe coastal storm has caused widespread destruction.,Cyclone
the mountain forest is covered with smoke. please send emergency teams.,Forest Fire
mountain snow movement has blocked the entire route.,Avalanche
a lightning strike. the nearby forest has been damaged.,Lightning
our house is unsafe because of strong winds.,Cyclone
the mountain pass is unsafe.,Avalanche
heatwave conditions has affected the construction site.,Heatwave
people need medical help. please send an ambulance.,Lightning
mountain snow movement has affected the nearby valley.,Avalanche
earthquake shock. the hospital is damaged. people are panicking.,Earthquake
our village is experiencing severe heat.,Heatwave
a severe thunderstorm. an electric pole cannot be accessed. emergency help is needed.,Lightning
earthquake shock has affected the market.,Earthquake
the market is no longer safe after the earthquake.,Earthquake
our apartment has developed cracks.,Earthquake
soil erosion has caused a major landslide.,Landslide
people are stranded. please send relief materials.,Cyclone
families need rescue. road clearance is required.,Landslide
the coastal area has been flooded. please send relief materials.,Cyclone
a lightning strike has caused severe damage.,Lightning
burning vegetation. the hills is filled with flames. houses are at risk.,Forest Fire
river overflow. our house is flooded. please send an ambulance.,Flood
monsoon rain has caused the school to become flooded.,Flood
a severe coastal storm. the coastal area has lost its roof. electricity has been cut off.,Cyclone
a tropical cyclone. please help immediately.,Cyclone
our village is completely blocked. please help immediately.,Landslide
strong winds. the wildlife sanctuary has poor visibility.,Forest Fire
continuous lightning has affected the farm.,Lightning
the mountain forest is surrounded by fire. please send firefighters.,Forest Fire
river overflow has caused flooding in our farm.,Flood
high temperature is spreading rapidly.,Forest Fire
river overflow has resulted in severe flooding.,Flood
an intense storm has affected the highway.,Cyclone
the nearby town is unsafe because of strong winds.,Cyclone
water released from the dam has caused the bridge to become flooded.,Flood
unstable hillside. transport has stopped.,Landslide
extreme heat. the nearby village is covered with smoke. fire is spreading quickly.,Forest Fire
an intense storm. the nearby town has lost its roof. communication is unavailable.,Cyclone
the farm has been damaged.,Lightning
sudden earthquake. ambulance is needed.,Earthquake
the mountain road is unsafe because of heavy snowfall.,Avalanche
the school is damaged.,Earthquake
ground shaking has caused severe damage to the school.,Earthquake
a powerful cyclone has affected our locality.,Cyclone
lightning during heavy rain has caused severe damage.,Lightning
ice collapse. people are trapped.,Avalanche
the highway is unsafe. urgent evacuation is required.,Forest Fire
the school has severe structural damage. urgent rescue is required.,Earthquake
ground shaking. medical assistance is needed.,Earthquake
our village has been damaged. road clearance is required.,Landslide
people are stranded. urgent rescue is needed.,Flood
the mountain pass is unsafe because of heavy snowfall.,Avalanche
unstable hillside has caused a major landslide.,Landslide
extreme heat is causing health problems.,Heatwave
people are panicking. ambulance is needed.,Earthquake
the highway has caught fire.,Lightning
lightning during heavy rain. an electric pole has lost electricity. communication has stopped.,Lightning
our colony has become unsafe because of floodwater.,Flood
strong earthquake. families are stranded.,Earthquake
the road is filled with water and we need food.,Flood
strong winds has affected our locality.,Forest Fire
the market has developed cracks. please send rescue teams.,Earthquake
very high temperature is causing health problems.,Heatwave
continuous snowfall has blocked the entire route.,Avalanche
the coastal area has been flooded.,Cyclone
sudden earthquake. the market has partially collapsed. roads are blocked.,Earthquake
continuous rainfall has caused the hospital to become flooded.,Flood
our camp is unsafe because of heavy snowfall.,Avalanche
heavy snowfall has affected the nearby valley.,Avalanche
the forest road is covered with mud. please send medical assistance.,Landslide
the school is shaking.,Earthquake
a lightning strike has caused severe damage.,Lightning
people are collapsing. please send medical assistance.,Heatwave
the highway is blocked by rocks. please send medical assistance.,Landslide
continuous rainfall has caused flooding in our house.,Flood
our colony is surrounded by rising water.,Flood
the highway has poor visibility.,Forest Fire
a violent storm. the highway is surrounded by fallen trees.,Cyclone
a lightning strike has affected our house.,Lightning
electrical discharge has caused severe damage.,Lightning
the nearby forest is unsafe. emergency rescue is required.,Lightning
a forest fire. help is needed immediately.,Forest Fire
people cannot move. please help immediately.,Avalanche
the valley is blocked by rocks. please help immediately.,Landslide
our village is completely blocked.,Landslide
prolonged heat has affected our village.,Heatwave
people are trapped. send emergency teams.,Avalanche
intense thunder. our village cannot be accessed. fire has started.,Lightning
rockfall. road clearance is required.,Landslide
clouds burst with intense rain has caused our house to become flooded.,Flood
the highway is unsafe during the afternoon.,Heatwave
continuous snowfall has blocked the entire route.,Avalanche
intense sunlight has affected the nearby town.,Heatwave
an avalanche. our camp has become inaccessible. medical help is needed.,Avalanche
a lightning strike. our locality has caught fire.,Lightning
sudden earthquake has affected our apartment.,Earthquake
a violent storm. please send emergency teams.,Cyclone
hill slope failure has triggered a landslide near the forest road.,Landslide
extreme heat. many people are dehydrated.,Heatwave
stormy weather has caused severe damage.,Lightning
our house is surrounded by rising water.,Flood
the construction site has become unbearable.,Heatwave
mountain snow movement has blocked the entire route.,Avalanche
a lightning strike. the market has caught fire. fire has started.,Lightning
people cannot leave. emergency rescue is required.,Landslide
the valley has collapsed. road clearance is required.,Landslide
the construction site has no drinking water.,Heatwave
continuous snowfall has affected our village.,Avalanche
the trekking route is unsafe because of heavy snowfall.,Avalanche
the school is difficult to work in. please help immediately.,Heatwave
the wildlife sanctuary is unsafe because of heavy smoke.,Forest Fire
strong earthquake. many people are injured.,Earthquake
strong winds. medical assistance is needed.,Forest Fire
burning vegetation. the wildlife sanctuary is surrounded by fire. houses are at risk.,Forest Fire
extreme weather conditions. the nearby town has no electricity.,Cyclone
our farm has become unsafe because of floodwater.,Flood
prolonged heat has affected the school.,Heatwave
the fishing harbor is unsafe because of strong winds.,Cyclone
clouds burst with intense rain has resulted in severe flooding.,Flood
record high temperature. the farm is unsafe during the afternoon.,Heatwave
the office is damaged. please send NDRF.,Earthquake
the highway has caught fire. please help immediately.,Lightning
mountain snow movement. the forest trail is blocked by snow. people are trapped.,Avalanche
our locality is unsafe after the lightning strike.,Lightning
blocked drainage has resulted in severe flooding.,Flood
burning vegetation. help is needed immediately.,Forest Fire
scorching weather has affected our locality.,Heatwave
extreme heat is causing health problems.,Heatwave
violent shaking. roads are blocked.,Earthquake
our building has collapsed.,Earthquake
unstable hillside. the forest road is buried under debris. families need rescue.,Landslide
soil erosion. the bridge has collapsed. vehicles are trapped.,Landslide
a wildfire. the wildlife sanctuary is unsafe.,Forest Fire
the forest trail is unsafe because of heavy snowfall.,Avalanche
a forest fire has affected the farmland.,Forest Fire
a snow slide. urgent rescue is required.,Avalanche
dam overflow. we need drinking water.,Flood
electrical discharge has caused severe damage.,Lightning
the highway has collapsed. please help immediately.,Landslide
heavy rainfall has caused the school to become flooded.,Flood
mountain snow movement. urgent rescue is required.,Avalanche
high temperature. help is needed immediately.,Forest Fire
our village has collapsed.,Earthquake
the highway is surrounded by fire. medical assistance is needed.,Forest Fire
the highway is unsafe because of strong winds.,Cyclone
ambulance cannot reach. please send NDRF.,Flood
the school is damaged.,Earthquake
a powerful cyclone. please send relief materials.,Cyclone
record high temperature. medical teams are needed.,Heatwave
an intense storm has affected the fishing harbor.,Cyclone
clouds burst with intense rain has resulted in severe flooding.,Flood
the road cannot be reached.,Flood
soil erosion has caused a major landslide.,Landslide
families are stranded. please send mountain rescue.,Avalanche
vehicles are trapped. please send medical assistance.,Landslide
a severe coastal storm has caused widespread destruction.,Cyclone
dam overflow. people need rescue.,Flood
extreme heat. please control the fire.,Forest Fire
people are fainting. please provide drinking water.,Heatwave
water released from the dam has resulted in severe flooding.,Flood
extreme heat is spreading rapidly.,Forest Fire
continuous rain has caused a major landslide.,Landslide
the nearby village is unsafe because of heavy smoke.,Forest Fire
strong winds has affected the hills.,Forest Fire
a lightning strike has caused severe damage.,Lightning
the nearby village has been evacuated. urgent evacuation is required.,Forest Fire
our house has no electricity.,Cyclone
prolonged heat. elderly people need help.,Heatwave
the forest trail is trapped under snow.,Avalanche
the nearby town is unsafe because of extreme heat.,Heatwave
the nearby forest has caught fire.,Lightning
families need immediate help. please send relief materials.,Cyclone
prolonged heat is causing health problems.,Heatwave
the highway is surrounded by rising water.,Flood
high temperature. the hills has poor visibility. people need immediate help.,Forest Fire
monsoon rain has resulted in severe flooding.,Flood
loose soil. please help immediately.,Landslide
high temperature. breathing has become difficult.,Forest Fire
the highway is unsafe because of heavy smoke.,Forest Fire
ground shaking. our house is unsafe.,Earthquake
dry weather. medical assistance is needed.,Forest Fire
stormy weather has caused severe damage.,Lightning
unstable hillside. transport has stopped.,Landslide
our building is damaged. please send rescue teams.,Earthquake
our village is unsafe because of strong winds.,Cyclone
the nearby forest is unsafe after the lightning strike.,Lightning
the nearby valley has been buried.,Avalanche
our apartment is shaking. please send NDRF.,Earthquake
blocked drainage has resulted in severe flooding.,Flood
the hospital has been damaged. please help immediately.,Lightning
cyclonic winds has caused widespread destruction.,Cyclone
an electric pole is unsafe after the lightning strike.,Lightning
continuous hot weather has affected our village.,Heatwave
our workplace is experiencing severe heat. please send medical assistance.,Heatwave
loose soil. the mountain road cannot be reached.,Landslide
the highway is unsafe after the lightning strike.,Lightning
a wildfire. the nearby village has been evacuated. animals are trapped.,Forest Fire
an avalanche. the hill station has been buried.,Avalanche
our village is difficult to work in.,Heatwave
a severe coastal storm has affected the nearby town.,Cyclone
heatwave conditions. medical teams are needed.,Heatwave
extreme weather conditions. our house has been badly damaged. roads are blocked.,Cyclone
the nearby town is unsafe because of heavy smoke.,Forest Fire
very strong winds. trees have fallen everywhere.,Cyclone
river overflow. my family is trapped.,Flood
the school is unsafe after the lightning strike.,Lightning
prolonged heat is causing health problems.,Heatwave
record high temperature is causing health problems.,Heatwave
our village is unsafe after the lightning strike.,Lightning
heavy snowfall. the mountain pass is trapped under snow. people are trapped.,Avalanche
dam overflow has caused flooding in our village.,Flood
electrical discharge. communication has stopped.,Lightning
our village has been damaged. please help immediately.,Lightning
families are stranded. medical assistance is needed.,Earthquake
a lightning strike has affected our village.,Lightning
hill slope failure has triggered a landslide near our village.,Landslide
a severe coastal storm has caused widespread destruction.,Cyclone
roads are closed. please help immediately.,Landslide
a spreading fire. the national park is covered with smoke. roads are closed.,Forest Fire
the hospital is unsafe because of strong winds.,Cyclone
our house has become unsafe because of floodwater.,Flood
heavy rainfall has triggered a landslide near our village.,Landslide
extreme heat. people are suffering from heatstroke.,Heatwave
a lightning strike has caused severe damage.,Lightning
very high temperature is causing health problems.,Heatwave
sudden earthquake has affected the office.,Earthquake
the market has lost its roof. please send emergency teams.,Cyclone
people need rescue. medical help is required.,Flood
blocked drainage has resulted in severe flooding.,Flood
our village is filled with water.,Flood
continuous rain has triggered a landslide near the mountain road.,Landslide
an avalanche. tourists need rescue.,Avalanche
blocked drainage has resulted in severe flooding.,Flood
powerful tremors. medical assistance is needed.,Earthquake
the mountain road has become inaccessible. evacuation is required.,Avalanche
our village has no electricity. please help immediately.,Cyclone
blocked drainage. roads are blocked.,Flood
a wildfire. the nearby village is burning rapidly. people are evacuating.,Forest Fire
our farm is submerged.,Flood
the farm is experiencing severe heat. ambulance is required.,Heatwave
seismic activity has caused severe damage to the hospital.,Earthquake
violent shaking. our village has developed cracks.,Earthquake
roads are blocked. urgent rescue is needed.,Flood
prolonged heat. the construction site has become unbearable.,Heatwave
the school is unsafe during the afternoon.,Heatwave
heavy rainfall. ambulance cannot reach.,Flood
stormy weather. our locality has lost electricity. electricity is unavailable.,Lightning
hill slope failure has caused a major landslide.,Landslide
hill slope failure. transport has stopped.,Landslide
the hospital is unsafe because of strong winds.,Cyclone
people cannot move. medical assistance is needed.,Avalanche
cyclonic winds. electricity has been cut off.,Cyclone
loose soil. the school is covered with mud. vehicles are trapped.,Landslide
hill slope failure has caused a major landslide.,Landslide
continuous hot weather is causing health problems.,Heatwave
an avalanche. please send mountain rescue.,Avalanche
a snow slide. the nearby valley is unsafe. families are stranded.,Avalanche
an electric pole is unsafe after the lightning strike.,Lightning
a lightning strike. a person has been injured.,Lightning
a severe thunderstorm. our locality cannot be accessed.,Lightning
the forest is unsafe because of heavy smoke.,Forest Fire
our village is unsafe because of falling rocks.,Landslide
a forest fire. houses are at risk.,Forest Fire
many people are injured. please help immediately.,Earthquake
powerful tremors has affected our village.,Earthquake
the hospital has become unsafe because of floodwater.,Flood
cyclonic winds has caused widespread destruction.,Cyclone
people cannot move. please help immediately.,Avalanche
the mountain forest is unsafe because of heavy smoke.,Forest Fire
dry weather. roads are closed.,Forest Fire
the hospital has collapsed.,Earthquake
monsoon rain has caused the bridge to become flooded.,Flood
extreme heat. urgent evacuation is required.,Forest Fire
unstable hillside. the valley has been damaged.,Landslide
intense sunlight. our village has become extremely hot. people are suffering from heatstroke.,Heatwave
dry weather. the nearby village is covered with smoke. roads are closed.,Forest Fire
a powerful lightning strike has caused severe damage.,Lightning
the national park is covered with smoke.,Forest Fire
many people are injured. ambulance is needed.,Earthquake
seismic activity has caused severe damage to the market.,Earthquake
sudden earthquake. urgent rescue is required.,Earthquake
our city is unsafe because of extreme heat.,Heatwave
people are panicking. ambulance is needed.,Earthquake
extreme heat. the construction site is unsafe during the afternoon. many people are dehydrated.,Heatwave
an intense storm has caused widespread destruction.,Cyclone
snow accumulation. medical help is needed.,Avalanche
a wildfire. animals are trapped.,Forest Fire
a spreading fire has affected the hills.,Forest Fire
a violent storm. houses are damaged.,Cyclone
continuous hot weather is causing health problems.,Heatwave
strong earthquake. please send rescue teams.,Earthquake
the hospital is unsafe because of strong winds.,Cyclone
soil erosion. rescue teams are needed.,Landslide
our village is no longer safe after the earthquake.,Earthquake
the road has become unsafe because of floodwater.,Flood
the market is unsafe because of extreme heat.,Heatwave
lightning during heavy rain has affected the farm.,Lightning
the school is unsafe after the lightning strike.,Lightning
heavy rainfall has caused the highway to become flooded.,Flood
the coastal area is inaccessible.,Cyclone
a forest fire has affected the wildlife sanctuary.,Forest Fire
ice collapse has affected our camp.,Avalanche
the hills has been evacuated.,Forest Fire
we need food. please send an ambulance.,Flood
high temperature is spreading rapidly.,Forest Fire
mountain erosion has triggered a landslide near the school.,Landslide
river overflow has caused our farm to become flooded.,Flood
continuous snowfall has affected the trekking route.,Avalanche
unstable hillside. the valley is covered with mud. families need rescue.,Landslide
people are suffering from heatstroke. medical teams are needed.,Heatwave
the school cannot be reached. urgent help is needed.,Landslide
powerful tremors has caused severe damage to our apartment.,Earthquake
drinking water is unavailable. ambulance is required.,Heatwave
a person has been injured. please help immediately.,Lightning
dam overflow has caused flooding in the road.,Flood
heavy rainfall. transport has stopped.,Landslide
continuous rainfall. ambulance cannot reach.,Flood
dry weather has affected the national park.,Forest Fire
river overflow has resulted in severe flooding.,Flood
intense sunlight. the school is facing extreme temperatures.,Heatwave
a powerful cyclone. please send relief materials.,Cyclone
unstable snow. the highway has been buried. people cannot move.,Avalanche
extreme heat is causing health problems.,Heatwave
the nearby valley is covered with snow. evacuation is required.,Avalanche
water released from the dam has caused our house to become flooded.,Flood
a severe coastal storm has caused widespread destruction.,Cyclone
the nearby valley is unsafe because of heavy snowfall.,Avalanche
our village is covered with debris.,Cyclone
extreme weather conditions has affected the fishing harbor.,Cyclone
heatwave conditions. the construction site has become unbearable.,Heatwave
our colony is surrounded by rising water.,Flood
our farm has become unsafe because of floodwater.,Flood
an intense storm has caused widespread destruction.,Cyclone
our house has caught fire.,Lightning
a lightning strike. our house cannot be accessed. electricity is unavailable.,Lightning
continuous hot weather. drinking water is unavailable.,Heatwave
our village is unsafe because of strong winds.,Cyclone
dam overflow has caused our colony to become flooded.,Flood
our building has severe structural damage. medical assistance is needed.,Earthquake
continuous hot weather. elderly people need help.,Heatwave
continuous lightning. the nearby forest has caught fire.,Lightning
roads are blocked. please send a rescue boat.,Flood
the mountain road is unsafe because of falling rocks.,Landslide
intense sunlight. please help immediately.,Heatwave
drinking water is unavailable. please provide drinking water.,Heatwave
lightning during heavy rain. our locality is surrounded by fallen trees. a person has been injured.,Lightning
our farm is surrounded by water and electricity is unavailable.,Flood
high temperature. the mountain forest is unsafe.,Forest Fire
electrical discharge has affected the hospital.,Lightning
heavy snowfall has affected the highway.,Avalanche
clouds burst with intense rain has resulted in severe flooding.,Flood
heavy snowfall. people are trapped.,Avalanche
an electric pole cannot be accessed.,Lightning
mountain erosion. the forest road has been damaged.,Landslide
continuous rainfall has caused flooding in the bridge.,Flood
stormy weather has affected our locality.,Lightning
strong winds. urgent evacuation is required.,Forest Fire
a tropical cyclone. the hospital has lost its roof. electricity has been cut off.,Cyclone
intense sunlight. the market is facing extreme temperatures. medical help is needed.,Heatwave
extreme heat has affected the forest.,Forest Fire
mountain erosion. the bridge is completely blocked. vehicles are trapped.,Landslide
families are stranded. please send NDRF.,Earthquake
ice collapse. send emergency teams.,Avalanche
river overflow. the market is underwater. please send help immediately.,Flood
communication has stopped. emergency rescue is required.,Lightning
the market has been badly damaged. medical assistance is needed.,Cyclone
our village is surrounded by rising water.,Flood
the trekking route is unsafe because of heavy snowfall.,Avalanche
very high temperature has affected our village.,Heatwave
strong winds. the mountain forest is burning rapidly. animals are trapped.,Forest Fire
hill slope failure. the mountain road is completely blocked.,Landslide
our farm has been washed away.,Flood
the hospital has developed cracks. ambulance is needed.,Earthquake
the school is surrounded by water and we need food.,Flood
intense sunlight is causing health problems.,Heatwave
high temperature. the forest has been evacuated. fire is spreading quickly.,Forest Fire
very strong winds. our locality has lost its roof.,Cyclone
very strong winds. the nearby town has lost its roof.,Cyclone
unstable snow. our camp is trapped under snow.,Avalanche
violent shaking. buildings are collapsing.,Earthquake
the mountain road has been damaged. please help immediately.,Landslide
record high temperature is causing health problems.,Heatwave
our shelter is unsafe because of heavy snowfall.,Avalanche
continuous rain has caused a major landslide.,Landslide
burning vegetation. the forest is unsafe.,Forest Fire
burning vegetation. the farmland is covered with smoke.,Forest Fire
sudden earthquake. our apartment is damaged. people are trapped.,Earthquake
very strong winds. trees have fallen everywhere.,Cyclone
continuous hot weather. the market is experiencing severe heat. medical help is needed.,Heatwave
the school has become extremely hot.,Heatwave
the market cannot be reached.,Flood
dam overflow has caused the hospital to become flooded.,Flood
our colony is surrounded by rising water.,Flood
strong earthquake. the market has severe structural damage. roads are blocked.,Earthquake
strong earthquake. please help immediately.,Earthquake
hill slope failure. the mountain road is buried under debris.,Landslide
heavy rainfall has caused our house to become flooded.,Flood
lightning during heavy rain has affected the nearby forest.,Lightning
heavy rainfall has caused the road to become flooded.,Flood
mountain erosion. our village has collapsed. roads are closed.,Landslide
extreme heat. the nearby town is difficult to work in.,Heatwave
blocked drainage has resulted in severe flooding.,Flood
violent shaking has caused severe damage to the market.,Earthquake
our camp has become inaccessible.,Avalanche
heavy snowfall. vehicles are stuck.,Avalanche
unstable hillside. our village is completely blocked. transport has stopped.,Landslide
the mountain pass has been buried.,Avalanche
a lightning strike. please help immediately.,Lightning
fire has started. emergency rescue is required.,Lightning
the market is difficult to work in. ambulance is required.,Heatwave
the highway is unsafe because of heavy smoke.,Forest Fire
blocked drainage. ambulance cannot reach.,Flood
the school is unsafe because of falling rocks.,Landslide
breathing has become difficult. urgent evacuation is required.,Forest Fire
continuous hot weather has affected the nearby town.,Heatwave
continuous hot weather. the farm has become extremely hot.,Heatwave
snow accumulation has blocked the entire route.,Avalanche
loose soil. the school is blocked by rocks.,Landslide
rockfall. families need rescue.,Landslide
scorching weather. our workplace is facing extreme temperatures. drinking water is unavailable.,Heatwave
the hospital is surrounded by rising water.,Flood
an avalanche has blocked the entire route.,Avalanche
our house has no electricity. please restore electricity.,Cyclone
a forest fire. roads are closed.,Forest Fire
the nearby town is burning rapidly.,Forest Fire
hill slope failure. the highway has been damaged.,Landslide
strong winds. the nearby village is surrounded by fire.,Forest Fire
cyclonic winds has caused widespread destruction.,Cyclone
a powerful lightning strike has affected the farm.,Lightning
continuous snowfall. medical assistance is needed.,Avalanche
a severe coastal storm. our village is surrounded by fallen trees.,Cyclone
river overflow has caused our village to become flooded.,Flood
continuous snowfall. the forest trail cannot be reached.,Avalanche
unstable snow. send emergency teams.,Avalanche
heavy snowfall. the mountain pass is unsafe. people are trapped.,Avalanche
intense sunlight. the nearby town has become unbearable.,Heatwave
extreme weather conditions. the market has been flooded. trees have fallen everywhere.,Cyclone
strong earthquake. the hospital has collapsed.,Earthquake
the road is unsafe. please send rescue teams.,Earthquake
the road is surrounded by rising water.,Flood
the nearby town is covered with debris. please send emergency teams.,Cyclone
our locality is unsafe because of strong winds.,Cyclone
continuous lightning. please send firefighters.,Lightning
ground shaking. our house has severe structural damage. people are trapped.,Earthquake
a wildfire. the mountain forest is filled with flames.,Forest Fire
the bridge has become unsafe because of floodwater.,Flood
a severe coastal storm. communication is unavailable.,Cyclone
the road is surrounded by water and ambulance cannot reach.,Flood
buildings are collapsing. please help immediately.,Earthquake
violent shaking. roads are blocked.,Earthquake
earthquake shock has caused severe damage to the market.,Earthquake
loose soil. the forest road is covered with mud. people are stranded.,Landslide
powerful tremors has affected the office.,Earthquake
people are scared. urgent help is needed.,Lightning
monsoon rain has caused the hospital to become flooded.,Flood
ground shaking. the office is damaged.,Earthquake
heavy snowfall. the trekking route is blocked by snow. people are trapped.,Avalanche
dam overflow. electricity is unavailable.,Flood
dam overflow. people need rescue.,Flood
the national park is covered with smoke. medical assistance is needed.,Forest Fire
a severe coastal storm has caused widespread destruction.,Cyclone
the hill station is unsafe because of heavy snowfall.,Avalanche
sudden earthquake has caused severe damage to our apartment.,Earthquake
rockfall has triggered a landslide near our house.,Landslide
mountain snow movement. please help immediately.,Avalanche
burning vegetation is spreading rapidly.,Forest Fire
people need rescue. please send an ambulance.,Flood
ice collapse. send emergency teams.,Avalanche
snow accumulation. the forest trail has been buried. medical help is needed.,Avalanche
the hill station is unsafe.,Avalanche
extreme heat. houses are at risk.,Forest Fire
powerful tremors. families are stranded.,Earthquake
the hill station is unsafe. please help immediately.,Avalanche
continuous lightning. the highway has suffered a power outage. electricity is unavailable.,Lightning
unstable snow. the mountain road is trapped under snow.,Avalanche
the farmland is unsafe.,Forest Fire
a forest fire has affected the nearby town.,Forest Fire
very strong winds has caused widespread destruction.,Cyclone
an avalanche. the forest trail is trapped under snow.,Avalanche
blocked drainage has resulted in severe flooding.,Flood
our village is surrounded by rising water.,Flood
a wildfire is spreading rapidly.,Forest Fire
an avalanche. urgent rescue is required.,Avalanche
intense sunlight. the farm is difficult to work in. people are fainting.,Heatwave
lightning during heavy rain. our village cannot be accessed.,Lightning
continuous snowfall. our village has been buried. vehicles are stuck.,Avalanche
strong earthquake. people are trapped.,Earthquake
scorching weather. our village has become unbearable.,Heatwave
the construction site is unsafe because of extreme heat.,Heatwave
extreme heat. people are collapsing.,Heatwave
our workplace has become unbearable. urgent help is needed.,Heatwave
river overflow. people are stranded.,Flood
heatwave conditions is causing health problems.,Heatwave
the highway is burning rapidly. medical assistance is needed.,Forest Fire
the highway has become unsafe because of floodwater.,Flood
heatwave conditions is causing health problems.,Heatwave
a lightning strike has caused severe damage.,Lightning
water released from the dam has caused the hospital to become flooded.,Flood
roads are blocked. please send an ambulance.,Flood
intense thunder. fire has started.,Lightning
rockfall. the valley cannot be reached. rescue teams are needed.,Landslide
our village is surrounded by rising water.,Flood
scorching weather. medical help is needed.,Heatwave
unstable snow. evacuation is required.,Avalanche
unstable hillside. the mountain road is buried under debris.,Landslide
the bridge is no longer safe after the earthquake.,Earthquake
the bridge is underwater and people are stranded.,Flood
the forest trail is unsafe because of heavy snowfall.,Avalanche
a tropical cyclone. the market is covered with debris.,Cyclone
intense sunlight is causing health problems.,Heatwave
the road is no longer safe after the earthquake.,Earthquake
the valley is unsafe because of falling rocks.,Landslide
unstable hillside has caused a major landslide.,Landslide
a powerful lightning strike. urgent help is needed.,Lightning
very strong winds has affected our locality.,Cyclone
a tropical cyclone has caused widespread destruction.,Cyclone
roads are closed. please send firefighters.,Forest Fire
our locality is covered with mud.,Landslide
soil erosion. the bridge has been damaged.,Landslide
the school cannot be reached. please send rescue teams.,Landslide
very strong winds. the coastal area is covered with debris.,Cyclone
a violent storm. the highway is surrounded by fallen trees. trees have fallen everywhere.,Cyclone
our village is flooded and we need drinking water.,Flood
the highway is unsafe because of falling rocks.,Landslide
a severe thunderstorm. please send firefighters.,Lightning
prolonged heat has affected the highway.,Heatwave
high temperature is spreading rapidly.,Forest Fire
scorching weather. medical help is needed.,Heatwave
an intense storm has affected the school.,Cyclone
heavy snowfall has blocked the entire route.,Avalanche
the national park is unsafe because of heavy smoke.,Forest Fire
strong winds. medical assistance is needed.,Forest Fire
heatwave conditions has affected the highway.,Heatwave
our house is buried under debris. road clearance is required.,Landslide
an intense storm has caused widespread destruction.,Cyclone
our village is unsafe because of falling rocks.,Landslide
earthquake shock. please send NDRF.,Earthquake
an intense storm. roads are blocked.,Cyclone
heavy rainfall. the forest road is buried under debris. rescue teams are needed.,Landslide
rockfall has triggered a landslide near the hillside.,Landslide
the nearby valley is unsafe because of heavy snowfall.,Avalanche
strong earthquake has caused severe damage to the school.,Earthquake
snow accumulation. our camp has been buried.,Avalanche
the school is covered with debris.,Cyclone
continuous rain has triggered a landslide near our house.,Landslide
electricity has been cut off. please restore electricity.,Cyclone
blocked drainage has caused our village to become flooded.,Flood
high temperature has affected the highway.,Forest Fire
extreme weather conditions has caused widespread destruction.,Cyclone
the coastal area is unsafe because of strong winds.,Cyclone
powerful tremors. urgent rescue is required.,Earthquake
the market is surrounded by water.,Flood
our city has no drinking water.,Heatwave
the farm cannot be accessed. medical assistance is required.,Lightning
the market is facing extreme temperatures.,Heatwave
very high temperature is causing health problems.,Heatwave
a powerful cyclone. urgent rescue is required.,Cyclone
the highway is surrounded by fallen trees.,Lightning
very strong winds. the fishing harbor is covered with debris. communication is unavailable.,Cyclone
the bridge has become unsafe because of floodwater.,Flood
the highway is completely blocked.,Landslide
strong winds. houses are at risk.,Forest Fire
elderly people need help. please provide drinking water.,Heatwave
dry weather. the wildlife sanctuary is unsafe. breathing has become difficult.,Forest Fire
continuous rain has triggered a landslide near our village.,Landslide
animals are trapped. urgent evacuation is required.,Forest Fire
rockfall. roads are closed.,Landslide
continuous rain has triggered a landslide near the forest road.,Landslide
buildings are collapsing. ambulance is needed.,Earthquake
heavy rainfall has caused the highway to become flooded.,Flood
ice collapse. people cannot move.,Avalanche
river overflow. people are stranded.,Flood
we need drinking water. please send help immediately.,Flood
a wildfire. breathing has become difficult.,Forest Fire
rockfall has caused a major landslide.,Landslide
continuous snowfall has blocked the entire route.,Avalanche
the nearby forest is unsafe after the lightning strike.,Lightning
a severe coastal storm has affected the hospital.,Cyclone
our locality has been damaged. medical assistance is required.,Lightning
the highway is inaccessible. medical assistance is needed.,Cyclone
tourists need rescue. send emergency teams.,Avalanche
houses are at risk. medical assistance is needed.,Forest Fire
rockfall has triggered a landslide near the bridge.,Landslide
continuous rainfall has resulted in severe flooding.,Flood
heavy rainfall. we need food.,Flood
the nearby forest is unsafe after the lightning strike.,Lightning
intense sunlight has affected the highway.,Heatwave
the forest is covered with smoke. help is needed immediately.,Forest Fire
intense thunder has affected the farm.,Lightning
ambulance cannot reach. please send NDRF.,Flood
water released from the dam has caused the hospital to become flooded.,Flood
a violent storm. the hospital has no electricity. houses are damaged.,Cyclone
a violent storm. roads are blocked.,Cyclone
very strong winds. roads are blocked.,Cyclone
continuous hot weather. our city is experiencing severe heat. many people are dehydrated.,Heatwave
continuous hot weather has affected the nearby town.,Heatwave
an intense storm has caused widespread destruction.,Cyclone
continuous snowfall has blocked the entire route.,Avalanche
strong earthquake. roads are blocked.,Earthquake
the nearby village is covered with smoke. urgent evacuation is required.,Forest Fire
the highway is experiencing severe heat. medical teams are needed.,Heatwave
the road has become unsafe because of floodwater.,Flood
our house has been badly damaged.,Cyclone
the hospital has been badly damaged.,Cyclone
the nearby forest has lost electricity.,Lightning
intense thunder has caused severe damage.,Lightning
our house is unsafe because of strong winds.,Cyclone
continuous snowfall. tourists need rescue.,Avalanche
ice collapse. our shelter is trapped under snow. people are trapped.,Avalanche
stormy weather. urgent help is needed.,Lightning
the nearby forest has been damaged. emergency rescue is required.,Lightning
strong winds. the forest has been evacuated.,Forest Fire
blocked drainage has caused flooding in the highway.,Flood
an avalanche. roads are blocked.,Avalanche
cyclonic winds has caused widespread destruction.,Cyclone
people are collapsing. please provide drinking water.,Heatwave
mountain snow movement. the forest trail has become inaccessible.,Avalanche
ice collapse. people cannot move.,Avalanche
a forest fire has affected the farmland.,Forest Fire
a severe coastal storm. please restore electricity.,Cyclone
continuous tremors has affected the market.,Earthquake
electrical discharge. a person has been injured.,Lightning
extreme heat. people are fainting.,Heatwave
our house has become unsafe because of floodwater.,Flood
the school has become unsafe because of floodwater.,Flood
strong earthquake has caused severe damage to the bridge.,Earthquake
continuous rainfall has resulted in severe flooding.,Flood
the highway has become unsafe because of floodwater.,Flood
the highway is filled with flames. help is needed immediately.,Forest Fire
we need drinking water. urgent rescue is needed.,Flood
our village is unsafe because of extreme heat.,Heatwave
the highway is filled with water and we need drinking water.,Flood
roads are closed. emergency rescue is required.,Landslide
scorching weather has affected the school.,Heatwave
the school has no drinking water.,Heatwave
the market has developed cracks. medical assistance is needed.,Earthquake
river overflow has resulted in severe flooding.,Flood
extreme heat is causing health problems.,Heatwave
an intense storm. the coastal area is inaccessible.,Cyclone
soil erosion has caused a major landslide.,Landslide
ambulance cannot reach. please send help immediately.,Flood
a forest fire. the wildlife sanctuary is unsafe.,Forest Fire
a wildfire has affected the national park.,Forest Fire
we need medical help. please send NDRF.,Earthquake
the mountain road is unsafe because of falling rocks.,Landslide
our village is surrounded by rising water.,Flood
the nearby town is unsafe because of heavy smoke.,Forest Fire
extreme weather conditions has caused widespread destruction.,Cyclone
the market is unsafe because of strong winds.,Cyclone
intense thunder. people need medical help.,Lightning
our colony is submerged.,Flood
ground shaking. the office is shaking. buildings are collapsing.,Earthquake
a severe thunderstorm has caused severe damage.,Lightning
our farm is flooded.,Flood
prolonged heat. drinking water is unavailable.,Heatwave
extreme heat. houses are at risk.,Forest Fire
our locality is facing extreme temperatures.,Heatwave
people cannot leave. emergency rescue is required.,Landslide
blocked drainage has caused the market to become flooded.,Flood
continuous rainfall. roads are blocked.,Flood
the highway is unsafe because of falling rocks.,Landslide
unstable hillside. our village cannot be reached.,Landslide
the mountain pass is covered with snow. urgent rescue is required.,Avalanche
the bridge is underwater.,Flood
our village is surrounded by rising water.,Flood
the highway is blocked by snow. evacuation is required.,Avalanche
a violent storm. our house has been badly damaged. roads are blocked.,Cyclone
heatwave conditions. the school is unsafe during the afternoon. people are collapsing.,Heatwave
a tropical cyclone. roads are blocked.,Cyclone
record high temperature. the farm has become extremely hot. medical help is needed.,Heatwave
record high temperature has affected the construction site.,Heatwave
continuous tremors has affected the hospital.,Earthquake
the market has severe structural damage. medical assistance is needed.,Earthquake
very high temperature. please provide drinking water.,Heatwave
the school is experiencing severe heat. please help immediately.,Heatwave
the nearby village is unsafe because of heavy smoke.,Forest Fire
hill slope failure. the highway has collapsed.,Landslide
our house cannot be reached and we need drinking water.,Flood
a violent storm has affected our village.,Cyclone
lightning during heavy rain. our house has suffered a power outage.,Lightning
the office is damaged. medical assistance is needed.,Earthquake
intense thunder has caused severe damage.,Lightning
earthquake shock has caused severe damage to the school.,Earthquake
heavy snowfall has blocked the entire route.,Avalanche
a powerful lightning strike has caused severe damage.,Lightning
snow accumulation. please send mountain rescue.,Avalanche
hill slope failure. please send medical assistance.,Landslide
strong winds. urgent evacuation is required.,Forest Fire
dam overflow has caused flooding in the highway.,Flood
an intense storm has caused widespread destruction.,Cyclone
continuous rain. please help immediately.,Landslide
a forest fire is spreading rapidly.,Forest Fire
our workplace has become unbearable. urgent help is needed.,Heatwave
heavy snowfall. the trekking route is blocked by snow.,Avalanche
dry weather. the hills has been evacuated. animals are trapped.,Forest Fire
the market is no longer safe after the earthquake.,Earthquake
stormy weather has caused severe damage.,Lightning
the highway is experiencing severe heat.,Heatwave
people are suffering from heatstroke. medical teams are needed.,Heatwave
roads are blocked. please help immediately.,Cyclone
the market is inaccessible.,Cyclone
houses are damaged. please restore electricity.,Cyclone
record high temperature. ambulance is required.,Heatwave
electrical discharge. electricity is unavailable.,Lightning
electricity is unavailable. please send NDRF.,Flood
extreme heat is causing health problems.,Heatwave
extreme heat. the farm is facing extreme temperatures. elderly people need help.,Heatwave
our village has caught fire.,Lightning
electrical discharge. our house is unsafe. electricity is unavailable.,Lightning
violent shaking. please send NDRF.,Earthquake
a spreading fire has affected the nearby town.,Forest Fire
mountain snow movement has blocked the entire route.,Avalanche
houses are damaged. urgent rescue is required.,Cyclone
our farm has become unsafe because of floodwater.,Flood
powerful tremors has caused severe damage to the hospital.,Earthquake
the hospital has become unsafe because of floodwater.,Flood
electrical discharge has caused severe damage.,Lightning
the fishing harbor has been badly damaged.,Cyclone
dam overflow. my family is trapped.,Flood
dam overflow. the road is flooded. please send a rescue boat.,Flood
an electric pole is unsafe after the lightning strike.,Lightning
our locality is covered with mud.,Landslide
mountain snow movement has blocked the entire route.,Avalanche
the nearby town is unsafe because of heavy smoke.,Forest Fire
the highway has been damaged.,Landslide
our city is facing extreme temperatures.,Heatwave
dry weather. the wildlife sanctuary is surrounded by fire.,Forest Fire
prolonged heat. people are suffering from heatstroke.,Heatwave
our house has become unsafe because of floodwater.,Flood
our colony is underwater.,Flood
scorching weather. please help immediately.,Heatwave
a severe thunderstorm. the market is unsafe. communication has stopped.,Lightning
sudden earthquake. people are panicking.,Earthquake
the wildlife sanctuary is covered with smoke.,Forest Fire
our colony is flooded and ambulance cannot reach.,Flood
the market is underwater.,Flood
soil erosion. please help immediately.,Landslide
continuous tremors. our building has collapsed. many people are injured.,Earthquake
earthquake shock. our house has partially collapsed. roads are blocked.,Earthquake
violent shaking has affected our apartment.,Earthquake
sudden earthquake has affected the road.,Earthquake
families are stranded. urgent rescue is required.,Avalanche
heavy rainfall. the hospital is flooded. please send an ambulance.,Flood
powerful tremors. please send rescue teams.,Earthquake
strong winds. the hills has been evacuated. breathing has become difficult.,Forest Fire
water released from the dam. my family is trapped.,Flood
powerful tremors. our building has developed cracks.,Earthquake
our apartment is no longer safe after the earthquake.,Earthquake
seismic activity has caused severe damage to the market.,Earthquake
our village has been buried. urgent rescue is required.,Avalanche
electrical discharge. an electric pole cannot be accessed. people need medical help.,Lightning
the farm is unsafe after the lightning strike.,Lightning
the hospital is surrounded by fallen trees.,Cyclone
the hillside is unsafe because of falling rocks.,Landslide
roads are closed. please send rescue teams.,Landslide
people need immediate help. please send firefighters.,Forest Fire
continuous hot weather. the construction site is facing extreme temperatures. elderly people need help.,Heatwave
stormy weather. the hospital cannot be accessed.,Lightning
sudden earthquake has affected the office.,Earthquake
the highway is completely blocked.,Landslide
our locality has caught fire.,Lightning
roads are blocked. urgent rescue is required.,Cyclone
the market is surrounded by rising water.,Flood
the hill station is unsafe because of heavy snowfall.,Avalanche
our farm has become unsafe because of floodwater.,Flood
a forest fire. the national park is burning rapidly.,Forest Fire
a lightning strike has affected our locality.,Lightning
continuous hot weather is causing health problems.,Heatwave
a tropical cyclone has caused widespread destruction.,Cyclone
cyclonic winds has caused widespread destruction.,Cyclone
extreme weather conditions. roads are blocked.,Cyclone
seismic activity has caused severe damage to the road.,Earthquake
extreme heat has affected the construction site.,Heatwave
an intense storm has caused widespread destruction.,Cyclone
the school has caught fire.,Lightning
the hospital has been washed away and we need drinking water.,Flood
violent shaking has affected our building.,Earthquake
electrical discharge. emergency help is needed.,Lightning
the highway is unsafe because of falling rocks.,Landslide
an avalanche has blocked the entire route.,Avalanche
a powerful cyclone. medical assistance is needed.,Cyclone
the bridge has been washed away and ambulance cannot reach.,Flood
a forest fire. medical assistance is needed.,Forest Fire
seismic activity. roads are blocked.,Earthquake
we need drinking water. please send a rescue boat.,Flood
the bridge has collapsed. please send medical assistance.,Landslide
heavy snowfall. people are trapped.,Avalanche
electricity is unavailable. please send help immediately.,Flood
electricity has been cut off. please send emergency teams.,Cyclone
a tropical cyclone. please help immediately.,Cyclone
the market is unsafe because of extreme heat.,Heatwave
people are trapped. please send mountain rescue.,Avalanche
a tropical cyclone. the school is surrounded by fallen trees.,Cyclone
families are stranded. please help immediately.,Avalanche
roads are closed. urgent evacuation is required.,Forest Fire
the bridge is surrounded by water and ambulance cannot reach.,Flood
our village is covered with debris. please send relief materials.,Cyclone
mountain snow movement. evacuation is required.,Avalanche
the hills is burning rapidly. please send emergency teams.,Forest Fire
communication is unavailable. please help immediately.,Cyclone
monsoon rain has caused flooding in the bridge.,Flood
people are stranded. please send rescue teams.,Landslide
vehicles are stuck. medical assistance is needed.,Avalanche
water released from the dam. the hospital is filled with water. medical help is required.,Flood
ground shaking has affected the hospital.,Earthquake
the school is unsafe because of extreme heat.,Heatwave
intense thunder has caused severe damage.,Lightning
high temperature has affected the hills.,Forest Fire
a powerful lightning strike. the nearby forest is surrounded by fallen trees.,Lightning
heavy rainfall. we need food.,Flood
cyclonic winds. urgent rescue is required.,Cyclone
our village is unsafe after the lightning strike.,Lightning
the nearby forest has been damaged.,Lightning
ice collapse. families are stranded.,Avalanche
our city is facing extreme temperatures. medical teams are needed.,Heatwave
heavy snowfall has affected our camp.,Avalanche
our colony has become unsafe because of floodwater.,Flood
unstable snow has blocked the entire route.,Avalanche
cyclonic winds has affected the nearby town.,Cyclone
strong winds. roads are closed.,Forest Fire
a forest fire has affected our locality.,Forest Fire
snow accumulation has affected the trekking route.,Avalanche
our locality is unsafe because of heavy smoke.,Forest Fire
the trekking route is unsafe because of heavy snowfall.,Avalanche
very strong winds. trees have fallen everywhere.,Cyclone
the hospital is surrounded by fallen trees.,Lightning
a powerful cyclone. the market is covered with debris. families need immediate help.,Cyclone
extreme heat. the mountain forest is burning rapidly. houses are at risk.,Forest Fire
high temperature. the mountain forest has poor visibility. people are evacuating.,Forest Fire
a lightning strike has caused severe damage.,Lightning
strong earthquake. the office has developed cracks.,Earthquake
a violent storm. our village has been badly damaged.,Cyclone
families need immediate help. please restore electricity.,Cyclone
unstable hillside. families need rescue.,Landslide
heavy rainfall has caused flooding in the bridge.,Flood
our city is unsafe because of extreme heat.,Heatwave
many people are injured. urgent rescue is required.,Earthquake
heavy rainfall has caused our village to become flooded.,Flood
the road is no longer safe after the earthquake.,Earthquake
blocked drainage. electricity is unavailable.,Flood
the hills is unsafe because of heavy smoke.,Forest Fire
our shelter is unsafe because of heavy snowfall.,Avalanche
a wildfire. the national park is surrounded by fire.,Forest Fire
the construction site is facing extreme temperatures.,Heatwave
the farmland is burning rapidly.,Forest Fire
extreme heat has affected the hills.,Forest Fire
loose soil has triggered a landslide near our house.,Landslide
roads are closed. please send firefighters.,Forest Fire
the hospital has severe structural damage.,Earthquake
mountain erosion has triggered a landslide near the mountain road.,Landslide
the market is unsafe after the lightning strike.,Lightning
our house is inaccessible.,Cyclone
our village is submerged.,Flood
the bridge is flooded.,Flood
the hospital is damaged.,Earthquake
intense sunlight. the nearby town has become unbearable.,Heatwave
the construction site has no drinking water.,Heatwave
the mountain forest is unsafe because of heavy smoke.,Forest Fire
a spreading fire has affected the forest.,Forest Fire
houses are at risk. urgent evacuation is required.,Forest Fire
extreme heat is spreading rapidly.,Forest Fire
continuous tremors. please send rescue teams.,Earthquake
continuous rain. our house is blocked by rocks.,Landslide
unstable hillside. the hillside is blocked by rocks.,Landslide
electrical discharge. please send firefighters.,Lightning
electrical discharge has caused severe damage.,Lightning
an intense storm. the highway has been badly damaged. trees have fallen everywhere.,Cyclone
water released from the dam. people need rescue.,Flood
hill slope failure. please help immediately.,Landslide
a tropical cyclone has affected the coastal area.,Cyclone
extreme heat. animals are trapped.,Forest Fire
the nearby forest cannot be accessed. please send firefighters.,Lightning
people are suffering from heatstroke. medical teams are needed.,Heatwave
the bridge is unsafe because of falling rocks.,Landslide
our farm has become unsafe because of floodwater.,Flood
the nearby town has been evacuated. help is needed immediately.,Forest Fire
our house has suffered a power outage. please send an ambulance.,Lightning
strong earthquake. families are stranded.,Earthquake
dry weather. the highway has been evacuated.,Forest Fire
stormy weather. the highway cannot be accessed.,Lightning
scorching weather has affected the market.,Heatwave
earthquake shock. medical assistance is needed.,Earthquake
breathing has become difficult. help is needed immediately.,Forest Fire
powerful tremors. our house is unsafe. roads are blocked.,Earthquake
a powerful cyclone. our village has no electricity. communication is unavailable.,Cyclone
blocked drainage has resulted in severe flooding.,Flood
our workplace has become extremely hot. medical teams are needed.,Heatwave
soil erosion. the mountain road has been damaged. transport has stopped.,Landslide
our locality is facing extreme temperatures.,Heatwave
people are trapped. please send rescue teams.,Earthquake
a tropical cyclone has caused widespread destruction.,Cyclone
the market is surrounded by rising water.,Flood
the bridge is unsafe. please help immediately.,Earthquake
unstable hillside has caused a major landslide.,Landslide
heavy snowfall. send emergency teams.,Avalanche
water released from the dam. people need rescue.,Flood
heavy rainfall. transport has stopped.,Landslide
prolonged heat. the construction site has become extremely hot.,Heatwave
the bridge is unsafe.,Earthquake
dry weather has affected the farmland.,Forest Fire
high temperature has affected the national park.,Forest Fire
a powerful lightning strike has caused severe damage.,Lightning
the hillside is covered with mud. please help immediately.,Landslide
very high temperature. the highway is experiencing severe heat. people are suffering from heatstroke.,Heatwave
mountain erosion has triggered a landslide near our house.,Landslide
continuous snowfall has blocked the entire route.,Avalanche
very strong winds has affected the market.,Cyclone
a spreading fire. roads are closed.,Forest Fire
people need medical help. medical assistance is required.,Lightning
water released from the dam has resulted in severe flooding.,Flood
record high temperature has affected the farm.,Heatwave
continuous snowfall has affected our camp.,Avalanche
an avalanche. the trekking route is unsafe. roads are blocked.,Avalanche
seismic activity. the road is damaged.,Earthquake
ground shaking. the office is unsafe.,Earthquake
roads are closed. road clearance is required.,Landslide
our house has lost electricity. emergency rescue is required.,Lightning
people are suffering from heatstroke. please help immediately.,Heatwave
a wildfire has affected the national park.,Forest Fire
the fishing harbor has been flooded. please send emergency teams.,Cyclone
mountain snow movement. the forest trail is unsafe. tourists need rescue.,Avalanche
electrical discharge. urgent help is needed.,Lightning
unstable hillside. the valley cannot be reached. rescue teams are needed.,Landslide
electrical discharge. communication has stopped.,Lightning
powerful tremors. our building has partially collapsed.,Earthquake
violent shaking. families are stranded.,Earthquake
rescue teams are needed. please send medical assistance.,Landslide
our apartment is no longer safe after the earthquake.,Earthquake
our colony has become unsafe because of floodwater.,Flood
mountain snow movement. please help immediately.,Avalanche
powerful tremors. ambulance is needed.,Earthquake
the highway is completely blocked.,Landslide
heatwave conditions has affected our locality.,Heatwave
sudden earthquake. the market has collapsed. people are trapped.,Earthquake
high temperature. please send emergency teams.,Forest Fire
the farm has caught fire. emergency rescue is required.,Lightning
violent shaking has caused severe damage to our village.,Earthquake
the hill station has been buried. medical assistance is needed.,Avalanche
violent shaking. the hospital has partially collapsed. we need medical help.,Earthquake
electrical discharge. please send an ambulance.,Lightning
electricity is unavailable. please send NDRF.,Flood
our village is shaking.,Earthquake
scorching weather. elderly people need help.,Heatwave
extreme weather conditions has caused widespread destruction.,Cyclone
an electric pole has lost electricity. urgent help is needed.,Lightning
lightning during heavy rain. our house is unsafe.,Lightning
the highway is unsafe during the afternoon.,Heatwave
our apartment is damaged.,Earthquake
the highway cannot be reached. please send medical assistance.,Landslide
a forest fire is spreading rapidly.,Forest Fire
rockfall. our locality has been damaged. rescue teams are needed.,Landslide
our locality is unsafe because of heavy smoke.,Forest Fire
stormy weather. a person has been injured.,Lightning
a powerful lightning strike. urgent help is needed.,Lightning
our locality has become extremely hot. please provide drinking water.,Heatwave
record high temperature has affected our workplace.,Heatwave
a severe coastal storm. our village is surrounded by fallen trees.,Cyclone
the school is surrounded by fallen trees.,Cyclone
an avalanche has blocked the entire route.,Avalanche
loose soil has caused a major landslide.,Landslide
our village is unsafe. please help immediately.,Lightning
our village is unsafe because of falling rocks.,Landslide
our locality is unsafe because of strong winds.,Cyclone
dam overflow has caused the road to become flooded.,Flood
the highway has collapsed.,Landslide
roads are closed. road clearance is required.,Landslide
mountain erosion. our house has been damaged. transport has stopped.,Landslide
the nearby village is unsafe because of heavy smoke.,Forest Fire
water released from the dam has resulted in severe flooding.,Flood
scorching weather. medical help is needed.,Heatwave
prolonged heat. our village has become extremely hot. medical help is needed.,Heatwave
we need medical help. please send NDRF.,Earthquake
a violent storm. the nearby town is surrounded by fallen trees. houses are damaged.,Cyclone
our village has been buried.,Avalanche
a forest fire. houses are at risk.,Forest Fire
the nearby village is unsafe. medical assistance is needed.,Forest Fire
the school has developed cracks. urgent rescue is required.,Earthquake
animals are trapped. help is needed immediately.,Forest Fire
scorching weather. people are suffering from heatstroke.,Heatwave
the hill station has been buried.,Avalanche
lightning during heavy rain has caused severe damage.,Lightning
burning vegetation. people need immediate help.,Forest Fire
prolonged heat. our locality is experiencing severe heat.,Heatwave
clouds burst with intense rain has resulted in severe flooding.,Flood
lightning during heavy rain. urgent help is needed.,Lightning
heavy rainfall. my family is trapped.,Flood
we need food. urgent rescue is needed.,Flood
extreme heat is causing health problems.,Heatwave
a severe coastal storm. trees have fallen everywhere.,Cyclone
mountain snow movement has blocked the entire route.,Avalanche
stormy weather has affected our house.,Lightning
an electric pole is unsafe after the lightning strike.,Lightning
heavy rainfall. our house has collapsed. people cannot leave.,Landslide
the farm is experiencing severe heat.,Heatwave
our house has collapsed.,Landslide
an avalanche. the mountain road is covered with snow.,Avalanche
the hills is unsafe because of heavy smoke.,Forest Fire
seismic activity has caused severe damage to the road.,Earthquake
our workplace is experiencing severe heat. please send medical assistance.,Heatwave
monsoon rain has caused our village to become flooded.,Flood
we need food. please send a rescue boat.,Flood
the market is filled with water.,Flood
hill slope failure. the forest road is buried under debris.,Landslide
the coastal area is inaccessible. please send emergency teams.,Cyclone
intense sunlight has affected our city.,Heatwave
strong winds. please send emergency teams.,Forest Fire
the school has been damaged. please help immediately.,Landslide
a severe coastal storm. the coastal area is inaccessible. families need immediate help.,Cyclone
very high temperature. the nearby town is difficult to work in.,Heatwave
continuous hot weather. the school is unsafe during the afternoon.,Heatwave
fire has started. medical assistance is required.,Lightning
continuous lightning. the highway has suffered a power outage. people need medical help.,Lightning
heavy snowfall has affected our camp.,Avalanche
our house has collapsed.,Landslide
high temperature is spreading rapidly.,Forest Fire
continuous hot weather is causing health problems.,Heatwave
hill slope failure. our village is covered with mud. transport has stopped.,Landslide
a snow slide. please help immediately.,Avalanche
scorching weather. the farm is facing extreme temperatures. people are collapsing.,Heatwave
families need rescue. road clearance is required.,Landslide
very high temperature. our locality has no drinking water. people are fainting.,Heatwave
heatwave conditions is causing health problems.,Heatwave
sudden earthquake has affected the market.,Earthquake
people need immediate help. help is needed immediately.,Forest Fire
very high temperature. the market has no drinking water.,Heatwave
river overflow has caused flooding in the highway.,Flood
people are stranded. please send emergency teams.,Cyclone
extreme weather conditions. medical assistance is needed.,Cyclone
people are scared. please send an ambulance.,Lightning
extreme heat. ambulance is required.,Heatwave
an electric pole is unsafe after the lightning strike.,Lightning
people are stranded. please send NDRF.,Flood
our camp is unsafe because of heavy snowfall.,Avalanche
electrical discharge. emergency rescue is required.,Lightning
our locality is burning rapidly. please send emergency teams.,Forest Fire
the market has no electricity.,Cyclone
the office has collapsed.,Earthquake
dam overflow has caused the highway to become flooded.,Flood
the national park is unsafe because of heavy smoke.,Forest Fire
violent shaking has affected the hospital.,Earthquake
a lightning strike. please send an ambulance.,Lightning
our house cannot be reached and roads are blocked.,Flood
our village is covered with mud. please send medical assistance.,Landslide
loose soil. transport has stopped.,Landslide
the school is submerged.,Flood
the highway is covered with smoke.,Forest Fire
the mountain road is blocked by rocks. please help immediately.,Landslide
stormy weather has caused severe damage.,Lightning
soil erosion has triggered a landslide near the bridge.,Landslide
a tropical cyclone. the hospital has no electricity. families need immediate help.,Cyclone
the market has lost electricity.,Lightning
a wildfire is spreading rapidly.,Forest Fire
a powerful lightning strike. people need medical help.,Lightning
the mountain road has been buried. please help immediately.,Avalanche
the hospital is underwater and my family is trapped.,Flood
people are stranded. please send medical assistance.,Landslide
a violent storm. medical assistance is needed.,Cyclone
the forest trail is blocked by snow.,Avalanche
houses are damaged. medical assistance is needed.,Cyclone
clouds burst with intense rain. the road is surrounded by water. please send help immediately.,Flood
our apartment has collapsed.,Earthquake
electricity has been cut off. medical assistance is needed.,Cyclone
our locality is surrounded by fallen trees. please help immediately.,Lightning
continuous tremors. the school is unsafe. people are trapped.,Earthquake
the hills is unsafe because of heavy smoke.,Forest Fire
the fishing harbor has been flooded.,Cyclone
strong winds. the nearby town is unsafe.,Forest Fire
the hospital has lost electricity.,Lightning
my family is trapped. medical help is required.,Flood
the highway has no electricity.,Cyclone
prolonged heat. people are collapsing.,Heatwave
the highway is inaccessible. please send relief materials.,Cyclone
strong earthquake. roads are blocked.,Earthquake
a severe thunderstorm has affected our house.,Lightning
the highway is unsafe after the lightning strike.,Lightning
very high temperature. the highway is experiencing severe heat. drinking water is unavailable.,Heatwave
our village is surrounded by water.,Flood
hill slope failure. families need rescue.,Landslide
families need rescue. urgent help is needed.,Landslide
the market is inaccessible.,Cyclone
unstable snow has blocked the entire route.,Avalanche
very strong winds. the school has been flooded. roads are blocked.,Cyclone
the mountain road is buried under debris. please send medical assistance.,Landslide
our colony has become unsafe because of floodwater.,Flood
the road is no longer safe after the earthquake.,Earthquake
people are scared. please help immediately.,Lightning
heavy snowfall. the trekking route cannot be reached.,Avalanche
high temperature. the highway is surrounded by fire. roads are closed.,Forest Fire
our workplace has become unbearable.,Heatwave
electricity is unavailable. urgent rescue is needed.,Flood
the hospital is surrounded by rising water.,Flood
extreme weather conditions has caused widespread destruction.,Cyclone
intense thunder. an electric pole cannot be accessed.,Lightning
a powerful lightning strike has affected the farm.,Lightning
the highway is unsafe because of extreme heat.,Heatwave
unstable snow has blocked the entire route.,Avalanche
record high temperature. our workplace is difficult to work in. elderly people need help.,Heatwave
the market is facing extreme temperatures.,Heatwave
mountain snow movement. send emergency teams.,Avalanche
intense thunder. fire has started.,Lightning
loose soil has triggered a landslide near the valley.,Landslide
the school is unsafe because of strong winds.,Cyclone
we need drinking water. please send a rescue boat.,Flood
dam overflow has resulted in severe flooding.,Flood
the school has been damaged.,Lightning
high temperature has affected the farmland.,Forest Fire
the trekking route cannot be reached. please help immediately.,Avalanche
continuous snowfall. the forest trail has become inaccessible.,Avalanche
our locality has lost its roof.,Cyclone
a spreading fire. people are evacuating.,Forest Fire
very high temperature. the highway has no drinking water.,Heatwave
burning vegetation. the highway is unsafe.,Forest Fire
the valley is unsafe because of falling rocks.,Landslide
our village is blocked by rocks. please send medical assistance.,Landslide
continuous lightning. our village has lost electricity. a person has been injured.,Lightning
the highway is flooded and roads are blocked.,Flood
very strong winds. our village is inaccessible. trees have fallen everywhere.,Cyclone
the hospital has been damaged. please send an ambulance.,Lightning
very strong winds. our house is inaccessible. trees have fallen everywhere.,Cyclone
heatwave conditions. please provide drinking water.,Heatwave
burning vegetation has affected the nearby town.,Forest Fire
the highway is unsafe because of strong winds.,Cyclone
the wildlife sanctuary is unsafe because of heavy smoke.,Forest Fire
scorching weather is causing health problems.,Heatwave
the farm is unsafe because of extreme heat.,Heatwave
blocked drainage. our house is flooded. medical help is required.,Flood
continuous lightning has caused severe damage.,Lightning
drinking water is unavailable. ambulance is required.,Heatwave
dry weather. the national park has been evacuated.,Forest Fire
very high temperature. please help immediately.,Heatwave
the office is no longer safe after the earthquake.,Earthquake
monsoon rain has resulted in severe flooding.,Flood
unstable snow. our village is unsafe. roads are blocked.,Avalanche
our building is shaking. urgent rescue is required.,Earthquake
the nearby town has no electricity.,Cyclone
a snow slide has blocked the entire route.,Avalanche
earthquake shock. please help immediately.,Earthquake
the forest road cannot be reached. emergency rescue is required.,Landslide
a lightning strike. the nearby forest is surrounded by fallen trees.,Lightning
our village has developed cracks. ambulance is needed.,Earthquake
scorching weather is causing health problems.,Heatwave
stormy weather. please send an ambulance.,Lightning
heavy rainfall. road clearance is required.,Landslide
continuous snowfall. our shelter is blocked by snow.,Avalanche
stormy weather. the farm is surrounded by fallen trees. people are scared.,Lightning
continuous rainfall has resulted in severe flooding.,Flood
blocked drainage has caused our house to become flooded.,Flood
drinking water is unavailable. ambulance is required.,Heatwave
a powerful cyclone has caused widespread destruction.,Cyclone
blocked drainage. our house is submerged. please send help immediately.,Flood
violent shaking has affected our building.,Earthquake
the forest is unsafe because of heavy smoke.,Forest Fire
the forest road has collapsed.,Landslide
the market is unsafe because of extreme heat.,Heatwave
continuous lightning. a person has been injured.,Lightning
lightning during heavy rain. the nearby forest has lost electricity.,Lightning
heatwave conditions. people are collapsing.,Heatwave
the mountain road is trapped under snow.,Avalanche
strong earthquake. medical assistance is needed.,Earthquake
our village has suffered a power outage.,Lightning
extreme heat. people need immediate help.,Forest Fire
our village has been damaged.,Landslide
high temperature. please send emergency teams.,Forest Fire
trees have fallen everywhere. please send relief materials.,Cyclone
continuous rain. our locality is buried under debris.,Landslide
burning vegetation has affected the nearby town.,Forest Fire
continuous lightning. emergency help is needed.,Lightning
hill slope failure. urgent help is needed.,Landslide
a violent storm. the school has lost its roof.,Cyclone
our village is unsafe during the afternoon. please help immediately.,Heatwave
heavy rainfall. the school is filled with water. urgent rescue is needed.,Flood
continuous snowfall. people cannot move.,Avalanche
vehicles are stuck. send emergency teams.,Avalanche
the forest road is unsafe because of falling rocks.,Landslide
snow accumulation. send emergency teams.,Avalanche
a wildfire. medical assistance is needed.,Forest Fire
heatwave conditions. the market has no drinking water.,Heatwave
a forest fire. houses are at risk.,Forest Fire
scorching weather. people are fainting.,Heatwave
the farm has no drinking water. medical teams are needed.,Heatwave
loose soil has triggered a landslide near the hillside.,Landslide
the market has been washed away and people need rescue.,Flood
blocked drainage. roads are blocked.,Flood
vehicles are trapped. please help immediately.,Landslide
our locality is unsafe because of heavy smoke.,Forest Fire
the highway is unsafe because of heavy snowfall.,Avalanche
the hillside has collapsed.,Landslide
the highway is unsafe after the lightning strike.,Lightning
ground shaking. buildings are collapsing.,Earthquake
people are trapped. send emergency teams.,Avalanche
breathing has become difficult. please send emergency teams.,Forest Fire
a tropical cyclone. trees have fallen everywhere.,Cyclone
very high temperature. urgent help is needed.,Heatwave
very strong winds. our village has no electricity. families need immediate help.,Cyclone
houses are at risk. medical assistance is needed.,Forest Fire
the road is no longer safe after the earthquake.,Earthquake
the road is surrounded by rising water.,Flood
mountain snow movement. our village has become inaccessible. vehicles are stuck.,Avalanche
a severe thunderstorm. our locality has lost electricity.,Lightning
unstable snow. families are stranded.,Avalanche
continuous rain has triggered a landslide near the mountain road.,Landslide
the hillside is blocked by rocks. please send rescue teams.,Landslide
people cannot move. send emergency teams.,Avalanche
people need immediate help. please send firefighters.,Forest Fire
extreme weather conditions has caused widespread destruction.,Cyclone
the farm has been damaged. urgent help is needed.,Lightning
continuous lightning has caused severe damage.,Lightning
stormy weather. urgent help is needed.,Lightning
the nearby town is experiencing severe heat.,Heatwave
the construction site has become extremely hot. please send medical assistance.,Heatwave
a tropical cyclone. houses are damaged.,Cyclone
a severe thunderstorm. please send an ambulance.,Lightning
continuous hot weather. the market is difficult to work in. people are suffering from heatstroke.,Heatwave
continuous rain has triggered a landslide near the hillside.,Landslide
a powerful lightning strike has affected the highway.,Lightning
our building is damaged.,Earthquake
our farm is underwater and roads are blocked.,Flood
prolonged heat is causing health problems.,Heatwave
dam overflow has resulted in severe flooding.,Flood
continuous rainfall. our house is underwater. please send a rescue boat.,Flood
our village is unsafe because of falling rocks.,Landslide
the nearby town has poor visibility. help is needed immediately.,Forest Fire
river overflow. the school is submerged. please send an ambulance.,Flood
our city is facing extreme temperatures. medical teams are needed.,Heatwave
a tropical cyclone. our locality has been badly damaged.,Cyclone
scorching weather has affected the nearby town.,Heatwave
the highway has no electricity.,Cyclone
strong earthquake has caused severe damage to our village.,Earthquake
burning vegetation is spreading rapidly.,Forest Fire
dry weather is spreading rapidly.,Forest Fire
the forest road cannot be reached.,Landslide
ground shaking. buildings are collapsing.,Earthquake
a powerful lightning strike. medical assistance is required.,Lightning
continuous lightning has affected our house.,Lightning
people are trapped. medical assistance is needed.,Earthquake
prolonged heat. our workplace has no drinking water. elderly people need help.,Heatwave
a powerful cyclone. our village has no electricity.,Cyclone
continuous tremors. the bridge has collapsed. buildings are collapsing.,Earthquake
the highway has been evacuated. please send emergency teams.,Forest Fire
loose soil. the school is blocked by rocks. transport has stopped.,Landslide
the bridge has been damaged. urgent help is needed.,Landslide
many people are injured. ambulance is needed.,Earthquake
the farm is unsafe during the afternoon.,Heatwave
heavy rainfall has resulted in severe flooding.,Flood
a severe thunderstorm has affected our village.,Lightning
clouds burst with intense rain has resulted in severe flooding.,Flood
violent shaking. families are stranded.,Earthquake
rescue teams are needed. road clearance is required.,Landslide
scorching weather is causing health problems.,Heatwave
the school is unsafe because of extreme heat.,Heatwave
violent shaking has affected the road.,Earthquake
the road is surrounded by water and we need drinking water.,Flood
an avalanche has blocked the entire route.,Avalanche
a powerful lightning strike. emergency rescue is required.,Lightning
a forest fire. the farmland is burning rapidly.,Forest Fire
a forest fire. the mountain forest is filled with flames.,Forest Fire
continuous tremors. the bridge has developed cracks. people are panicking.,Earthquake
burning vegetation is spreading rapidly.,Forest Fire
a severe thunderstorm. our village is surrounded by fallen trees.,Lightning
earthquake shock. our village is damaged. roads are blocked.,Earthquake
extreme weather conditions. our locality has been badly damaged.,Cyclone
snow accumulation has affected the nearby valley.,Avalanche
extreme heat. medical help is needed.,Heatwave
rockfall. vehicles are trapped.,Landslide
we need medical help. please send rescue teams.,Earthquake
families need immediate help. medical assistance is needed.,Cyclone
the market has become unsafe because of floodwater.,Flood
our locality has been flooded. please help immediately.,Cyclone
blocked drainage has caused flooding in our colony.,Flood
a wildfire. the wildlife sanctuary is burning rapidly.,Forest Fire
an avalanche. please help immediately.,Avalanche
transport has stopped. road clearance is required.,Landslide
heavy rainfall has resulted in severe flooding.,Flood
the school is unsafe after the lightning strike.,Lightning
the forest trail is covered with snow. evacuation is required.,Avalanche
the school is unsafe because of strong winds.,Cyclone
continuous rain. our locality cannot be reached.,Landslide
extreme weather conditions. communication is unavailable.,Cyclone
heatwave conditions is causing health problems.,Heatwave
the school has lost electricity. medical assistance is required.,Lightning
electrical discharge. people need medical help.,Lightning
clouds burst with intense rain has caused our farm to become flooded.,Flood
blocked drainage. we need drinking water.,Flood
sudden earthquake. the school has collapsed.,Earthquake
sudden earthquake has affected our village.,Earthquake
a spreading fire. urgent evacuation is required.,Forest Fire
prolonged heat. people are suffering from heatstroke.,Heatwave
hill slope failure has caused a major landslide.,Landslide
we need medical help. medical assistance is needed.,Earthquake
the bridge is surrounded by rising water.,Flood
an avalanche. vehicles are stuck.,Avalanche
loose soil. the highway is buried under debris. roads are closed.,Landslide
our village is inaccessible. urgent rescue is required.,Cyclone
hill slope failure. please send medical assistance.,Landslide
burning vegetation. please send emergency teams.,Forest Fire
continuous tremors. the hospital is damaged.,Earthquake
violent shaking has caused severe damage to the hospital.,Earthquake
sudden earthquake. our village has partially collapsed. buildings are collapsing.,Earthquake
continuous rain has caused a major landslide.,Landslide
rockfall has caused a major landslide.,Landslide
the mountain forest has been evacuated.,Forest Fire
lightning during heavy rain. fire has started.,Lightning
very strong winds has caused widespread destruction.,Cyclone
our village has developed cracks. please send rescue teams.,Earthquake
a severe coastal storm. communication is unavailable.,Cyclone
our village is blocked by snow.,Avalanche
the road has become unsafe because of floodwater.,Flood
monsoon rain has caused our farm to become flooded.,Flood
the national park is filled with flames. please send emergency teams.,Forest Fire
continuous snowfall has blocked the entire route.,Avalanche
heavy rainfall. our house has collapsed.,Landslide
our house is unsafe because of strong winds.,Cyclone
mountain snow movement. people cannot move.,Avalanche
heavy rainfall. the road is submerged. please send an ambulance.,Flood
the road has collapsed. medical assistance is needed.,Earthquake
scorching weather has affected the construction site.,Heatwave
continuous rainfall has resulted in severe flooding.,Flood
very high temperature is causing health problems.,Heatwave
our house has collapsed.,Earthquake
continuous snowfall. the trekking route has been buried. tourists need rescue.,Avalanche
loose soil has triggered a landslide near our village.,Landslide
unstable snow. urgent rescue is required.,Avalanche
a severe thunderstorm has caused severe damage.,Lightning
very strong winds has caused widespread destruction.,Cyclone
the highway is unsafe because of strong winds.,Cyclone
a spreading fire. our locality has been evacuated.,Forest Fire
the office is damaged. ambulance is needed.,Earthquake
the construction site is unsafe because of extreme heat.,Heatwave
a spreading fire has affected the national park.,Forest Fire
prolonged heat. our locality is difficult to work in.,Heatwave
a powerful cyclone. the hospital is covered with debris.,Cyclone
blocked drainage has resulted in severe flooding.,Flood
high temperature. please send emergency teams.,Forest Fire
heavy snowfall. people are trapped.,Avalanche
continuous lightning. the hospital has suffered a power outage.,Lightning
hill slope failure. the bridge has been damaged.,Landslide
our house has become unsafe because of floodwater.,Flood
a spreading fire. the forest is surrounded by fire.,Forest Fire
electricity has been cut off. please restore electricity.,Cyclone
the market is facing extreme temperatures. please help immediately.,Heatwave
the valley has been damaged.,Landslide
stormy weather has affected the hospital.,Lightning
the school is unsafe because of strong winds.,Cyclone
soil erosion. the hillside is covered with mud. families need rescue.,Landslide
very strong winds. please help immediately.,Cyclone
earthquake shock. our building has collapsed. we need medical help.,Earthquake
a powerful cyclone has affected our house.,Cyclone
the coastal area is inaccessible.,Cyclone
the market is surrounded by fallen trees.,Cyclone
our house is covered with mud.,Landslide
roads are blocked. ambulance is needed.,Earthquake
the bridge is unsafe. ambulance is needed.,Earthquake
continuous tremors. our village is unsafe.,Earthquake
our house has severe structural damage.,Earthquake
the farm is facing extreme temperatures.,Heatwave
we need medical help. medical assistance is needed.,Earthquake
a snow slide. vehicles are stuck.,Avalanche
lightning during heavy rain has affected the nearby forest.,Lightning
unstable snow. roads are blocked.,Avalanche
strong earthquake. medical assistance is needed.,Earthquake
the nearby valley has become inaccessible. urgent rescue is required.,Avalanche
river overflow. people need rescue.,Flood
extreme weather conditions. the coastal area has no electricity.,Cyclone
snow accumulation. roads are blocked.,Avalanche
people are collapsing. please send medical assistance.,Heatwave
the school is unsafe after the lightning strike.,Lightning
mountain snow movement. please send mountain rescue.,Avalanche
cyclonic winds has caused widespread destruction.,Cyclone
continuous snowfall. the highway is covered with snow.,Avalanche
soil erosion has caused a major landslide.,Landslide
extreme heat is spreading rapidly.,Forest Fire
loose soil. our village is blocked by rocks.,Landslide
intense sunlight has affected our locality.,Heatwave
the bridge is surrounded by rising water.,Flood
high temperature has affected the wildlife sanctuary.,Forest Fire
our shelter is unsafe because of heavy snowfall.,Avalanche
roads are closed. please send emergency teams.,Forest Fire
cyclonic winds. please help immediately.,Cyclone
our locality is unsafe.,Forest Fire
our house is buried under debris.,Landslide
continuous lightning has affected our locality.,Lightning
prolonged heat. medical help is needed.,Heatwave
the market is difficult to work in.,Heatwave
soil erosion has caused a major landslide.,Landslide
continuous lightning. urgent help is needed.,Lightning
burning vegetation is spreading rapidly.,Forest Fire
sudden earthquake. the road is shaking. families are stranded.,Earthquake
the school is damaged. ambulance is needed.,Earthquake
river overflow. the market is surrounded by water. please send an ambulance.,Flood
soil erosion. road clearance is required.,Landslide
continuous lightning has caused severe damage.,Lightning
an electric pole has lost electricity. please send an ambulance.,Lightning
unstable snow. tourists need rescue.,Avalanche
mountain snow movement. families are stranded.,Avalanche
the school has partially collapsed. please send NDRF.,Earthquake
the wildlife sanctuary is surrounded by fire. please send emergency teams.,Forest Fire
unstable snow. please help immediately.,Avalanche
families need rescue. urgent help is needed.,Landslide
roads are closed. emergency rescue is required.,Landslide
the farm has lost electricity. please send firefighters.,Lightning
the national park is unsafe because of heavy smoke.,Forest Fire
people cannot leave. please send medical assistance.,Landslide
the school has collapsed. medical assistance is needed.,Earthquake
the hospital has been washed away and people need rescue.,Flood
continuous tremors has caused severe damage to the office.,Earthquake
ice collapse. our camp has become inaccessible.,Avalanche
rockfall has caused a major landslide.,Landslide
extreme weather conditions. urgent rescue is required.,Cyclone
powerful tremors. roads are blocked.,Earthquake
extreme heat. people are evacuating.,Forest Fire
the market is unsafe because of strong winds.,Cyclone
our farm is surrounded by rising water.,Flood
the highway is covered with smoke. medical assistance is needed.,Forest Fire
a severe coastal storm. our house has been badly damaged. people are stranded.,Cyclone
the office has developed cracks.,Earthquake
ice collapse has blocked the entire route.,Avalanche
people are fainting. please provide drinking water.,Heatwave
a severe coastal storm. houses are damaged.,Cyclone
the highway is covered with snow. please help immediately.,Avalanche
the market is inaccessible. please send emergency teams.,Cyclone
a severe coastal storm. people are stranded.,Cyclone
very strong winds. the hospital has no electricity. electricity has been cut off.,Cyclone
an intense storm. please restore electricity.,Cyclone
strong earthquake has affected the road.,Earthquake
the highway cannot be reached.,Flood
clouds burst with intense rain has caused flooding in the highway.,Flood
the highway is unsafe because of strong winds.,Cyclone
rockfall. our locality is covered with mud.,Landslide
extreme heat. medical assistance is needed.,Forest Fire
extreme heat. our village is facing extreme temperatures. elderly people need help.,Heatwave
a lightning strike. people need medical help.,Lightning
continuous rainfall has caused our colony to become flooded.,Flood
lightning during heavy rain has affected our village.,Lightning
snow accumulation. please send mountain rescue.,Avalanche
extreme weather conditions. please restore electricity.,Cyclone
stormy weather has affected the highway.,Lightning
a wildfire. the hills is burning rapidly. fire is spreading quickly.,Forest Fire
the office is unsafe.,Earthquake
our village is covered with snow. evacuation is required.,Avalanche
very strong winds has caused widespread destruction.,Cyclone
extreme heat. elderly people need help.,Heatwave
a tropical cyclone. please help immediately.,Cyclone
intense thunder. a person has been injured.,Lightning
a forest fire is spreading rapidly.,Forest Fire
the coastal area is unsafe because of strong winds.,Cyclone
extreme weather conditions has affected our locality.,Cyclone
continuous hot weather has affected the farm.,Heatwave
blocked drainage has resulted in severe flooding.,Flood
very high temperature. please help immediately.,Heatwave
the nearby town is covered with debris.,Cyclone
our village is unsafe after the lightning strike.,Lightning
our house cannot be reached. please help immediately.,Landslide
the farmland is covered with smoke.,Forest Fire
our farm is surrounded by rising water.,Flood
an avalanche. medical help is needed.,Avalanche
our locality is unsafe after the lightning strike.,Lightning
water released from the dam. the hospital is submerged. please send help immediately.,Flood
we need medical help. urgent rescue is required.,Earthquake
a powerful lightning strike. an electric pole has caught fire. a person has been injured.,Lightning
a violent storm. the fishing harbor has lost its roof.,Cyclone
roads are blocked. please send a rescue boat.,Flood
people need medical help. emergency rescue is required.,Lightning
a forest fire is spreading rapidly.,Forest Fire
clouds burst with intense rain. our farm has been washed away. medical help is required.,Flood
blocked drainage. the bridge has been washed away. urgent rescue is needed.,Flood
our village has suffered a power outage. emergency rescue is required.,Lightning
people are collapsing. medical teams are needed.,Heatwave
extreme heat. people are evacuating.,Forest Fire
houses are damaged. urgent rescue is required.,Cyclone
cyclonic winds has affected the hospital.,Cyclone
seismic activity. our building is unsafe.,Earthquake
a forest fire is spreading rapidly.,Forest Fire
continuous rain. please send medical assistance.,Landslide
communication is unavailable. please help immediately.,Cyclone
violent shaking. please help immediately.,Earthquake
the bridge is underwater and my family is trapped.,Flood
emergency help is needed. medical assistance is required.,Lightning
tourists need rescue. please send mountain rescue.,Avalanche
our shelter is unsafe because of heavy snowfall.,Avalanche
heavy rainfall. please send rescue teams.,Landslide
mountain snow movement. the forest trail is trapped under snow.,Avalanche
a lightning strike. medical assistance is required.,Lightning
a severe thunderstorm has caused severe damage.,Lightning
the highway is unsafe because of falling rocks.,Landslide
drinking water is unavailable. medical teams are needed.,Heatwave
electrical discharge. electricity is unavailable.,Lightning
roads are closed. emergency rescue is required.,Landslide
snow accumulation has affected the hill station.,Avalanche
a spreading fire. breathing has become difficult.,Forest Fire
fire has started. medical assistance is required.,Lightning
houses are at risk. please control the fire.,Forest Fire
prolonged heat. the construction site is difficult to work in.,Heatwave
heatwave conditions has affected the farm.,Heatwave
the road has developed cracks.,Earthquake
strong winds. the farmland is covered with smoke. houses are at risk.,Forest Fire
a person has been injured. please send an ambulance.,Lightning
our colony is surrounded by rising water.,Flood
an intense storm. the highway is inaccessible. people are stranded.,Cyclone
emergency help is needed. please help immediately.,Lightning
intense sunlight. our workplace is unsafe during the afternoon.,Heatwave
mountain erosion. the forest road is blocked by rocks. rescue teams are needed.,Landslide
the mountain pass is trapped under snow.,Avalanche
the mountain road is unsafe because of heavy snowfall.,Avalanche
mountain snow movement. our camp is trapped under snow. families are stranded.,Avalanche
people are fainting. medical teams are needed.,Heatwave
the road is no longer safe after the earthquake.,Earthquake
people are stranded. urgent rescue is needed.,Flood
record high temperature. please help immediately.,Heatwave
the school is unsafe because of falling rocks.,Landslide
unstable hillside has triggered a landslide near the forest road.,Landslide
the construction site is unsafe because of extreme heat.,Heatwave
continuous rainfall. people need rescue.,Flood
the highway has become unsafe because of floodwater.,Flood
the mountain road is unsafe.,Avalanche
record high temperature has affected the school.,Heatwave
animals are trapped. please control the fire.,Forest Fire
unstable hillside has triggered a landslide near the mountain road.,Landslide
a wildfire. breathing has become difficult.,Forest Fire
an intense storm. please restore electricity.,Cyclone
a severe coastal storm has affected the market.,Cyclone
scorching weather is causing health problems.,Heatwave
heatwave conditions is causing health problems.,Heatwave
continuous rainfall has caused flooding in the market.,Flood
people are stranded. urgent rescue is required.,Cyclone
our house has been flooded. medical assistance is needed.,Cyclone
a forest fire. the national park is unsafe.,Forest Fire
heavy rainfall. emergency rescue is required.,Landslide
the forest road is unsafe because of falling rocks.,Landslide
a lightning strike has caused severe damage.,Lightning
prolonged heat has affected our city.,Heatwave
heavy rainfall has caused our farm to become flooded.,Flood
our village has been flooded. urgent rescue is required.,Cyclone
ice collapse. please help immediately.,Avalanche
strong winds. the wildlife sanctuary is covered with smoke.,Forest Fire
our farm has become unsafe because of floodwater.,Flood
the mountain pass is unsafe.,Avalanche
hill slope failure. the valley has collapsed.,Landslide
a person has been injured. emergency rescue is required.,Lightning
intense thunder has affected our house.,Lightning
violent shaking. medical assistance is needed.,Earthquake
the mountain pass is unsafe because of heavy snowfall.,Avalanche
our shelter has become inaccessible.,Avalanche
people are fainting. ambulance is required.,Heatwave
clouds burst with intense rain. we need food.,Flood
the school has been badly damaged. please help immediately.,Cyclone
a severe thunderstorm. the hospital cannot be accessed.,Lightning
heavy snowfall has blocked the entire route.,Avalanche
seismic activity. roads are blocked.,Earthquake
the market has been badly damaged. please send emergency teams.,Cyclone
people cannot move. send emergency teams.,Avalanche
dam overflow has caused flooding in our village.,Flood
mountain erosion. roads are closed.,Landslide
earthquake shock has caused severe damage to our village.,Earthquake
our colony is underwater.,Flood
the highway is submerged.,Flood
the fishing harbor is unsafe because of strong winds.,Cyclone
our locality is unsafe because of strong winds.,Cyclone
a forest fire. please control the fire.,Forest Fire
clouds burst with intense rain. people need rescue.,Flood
the office has collapsed.,Earthquake
the fishing harbor is inaccessible.,Cyclone
the highway has become unsafe because of floodwater.,Flood
soil erosion. the bridge is blocked by rocks. rescue teams are needed.,Landslide
high temperature. animals are trapped.,Forest Fire
a forest fire. please send firefighters.,Forest Fire
the school is no longer safe after the earthquake.,Earthquake
very high temperature. drinking water is unavailable.,Heatwave
the highway is surrounded by rising water.,Flood
our village cannot be accessed.,Lightning
a wildfire has affected the mountain forest.,Forest Fire
prolonged heat. the school has become extremely hot.,Heatwave
the highway is unsafe because of extreme heat.,Heatwave
a snow slide. our village cannot be reached. families are stranded.,Avalanche
rockfall has caused a major landslide.,Landslide
a lightning strike. the market has been damaged.,Lightning
a severe coastal storm. people are stranded.,Cyclone
rockfall. the school is buried under debris. roads are closed.,Landslide
water released from the dam has resulted in severe flooding.,Flood
our shelter is unsafe because of heavy snowfall.,Avalanche
heavy rainfall. our house cannot be reached. medical help is required.,Flood
people are stranded. please restore electricity.,Cyclone
soil erosion has caused a major landslide.,Landslide
hill slope failure. please send medical assistance.,Landslide
communication is unavailable. urgent rescue is required.,Cyclone
the market is surrounded by rising water.,Flood
the nearby forest is unsafe after the lightning strike.,Lightning
electricity has been cut off. please help immediately.,Cyclone
extreme heat has affected the nearby village.,Forest Fire
our city is difficult to work in.,Heatwave
the highway has been badly damaged.,Cyclone
monsoon rain has caused the highway to become flooded.,Flood
my family is trapped. please send a rescue boat.,Flood
soil erosion. people cannot leave.,Landslide
the bridge is buried under debris.,Landslide
rockfall. people cannot leave.,Landslide
heatwave conditions. the school has no drinking water. people are fainting.,Heatwave
mountain snow movement. the trekking route is trapped under snow. vehicles are stuck.,Avalanche
ground shaking has caused severe damage to the office.,Earthquake
dry weather. our locality is burning rapidly. houses are at risk.,Forest Fire
a forest fire. the farmland is surrounded by fire.,Forest Fire
continuous rain. transport has stopped.,Landslide
scorching weather has affected the market.,Heatwave
our camp cannot be reached. evacuation is required.,Avalanche
the highway is unsafe after the lightning strike.,Lightning
heavy rainfall. people are stranded.,Landslide
scorching weather is causing health problems.,Heatwave
the highway is flooded and we need drinking water.,Flood
buildings are collapsing. medical assistance is needed.,Earthquake
our house is surrounded by fallen trees. urgent help is needed.,Lightning
the highway has been badly damaged. urgent rescue is required.,Cyclone
heavy rainfall has caused flooding in the market.,Flood
water released from the dam has caused the hospital to become flooded.,Flood
vehicles are trapped. emergency rescue is required.,Landslide
a forest fire. the nearby town is filled with flames. roads are closed.,Forest Fire
soil erosion. the school has collapsed. people are stranded.,Landslide
an avalanche. the nearby valley is unsafe.,Avalanche
the farm has been damaged.,Lightning
strong winds. the nearby town is unsafe.,Forest Fire
snow accumulation has affected the hill station.,Avalanche
our locality is surrounded by fallen trees. emergency rescue is required.,Lightning
continuous tremors. our village has developed cracks. roads are blocked.,Earthquake
strong earthquake. the hospital has developed cracks.,Earthquake
our village has no drinking water. ambulance is required.,Heatwave
our city is unsafe because of extreme heat.,Heatwave
river overflow has caused flooding in the highway.,Flood
extreme heat. the forest is burning rapidly.,Forest Fire
people need medical help. please send an ambulance.,Lightning
fire is spreading quickly. please send emergency teams.,Forest Fire
the market is facing extreme temperatures. ambulance is required.,Heatwave
water released from the dam has resulted in severe flooding.,Flood
a severe coastal storm. communication is unavailable.,Cyclone
a forest fire. the highway is surrounded by fire.,Forest Fire
the school has been damaged. emergency rescue is required.,Lightning
a powerful cyclone has affected the nearby town.,Cyclone
heavy rainfall. people are stranded.,Flood
river overflow has resulted in severe flooding.,Flood
the highway is experiencing severe heat. medical teams are needed.,Heatwave
mountain erosion. please send medical assistance.,Landslide
river overflow. ambulance cannot reach.,Flood
heavy snowfall. roads are blocked.,Avalanche
blocked drainage. people are stranded.,Flood
the nearby forest has caught fire. emergency rescue is required.,Lightning
people need medical help. urgent help is needed.,Lightning
our house is unsafe after the lightning strike.,Lightning
soil erosion. the school is blocked by rocks. transport has stopped.,Landslide
the fishing harbor has lost its roof. please send emergency teams.,Cyclone
rescue teams are needed. please send rescue teams.,Landslide
intense sunlight. please provide drinking water.,Heatwave
the road is filled with water.,Flood
we need drinking water. urgent rescue is needed.,Flood
monsoon rain has caused flooding in the bridge.,Flood
our workplace is difficult to work in.,Heatwave
a severe thunderstorm has caused severe damage.,Lightning
intense thunder. an electric pole has caught fire.,Lightning
the mountain road is unsafe because of falling rocks.,Landslide
burning vegetation has affected the national park.,Forest Fire
electrical discharge has affected our locality.,Lightning
clouds burst with intense rain has caused flooding in our farm.,Flood
intense thunder. medical assistance is required.,Lightning
the hillside is blocked by rocks. road clearance is required.,Landslide
electrical discharge. communication has stopped.,Lightning
extreme weather conditions. the fishing harbor is covered with debris. houses are damaged.,Cyclone
unstable hillside. rescue teams are needed.,Landslide
the highway is trapped under snow.,Avalanche
people need immediate help. medical assistance is needed.,Forest Fire
extreme heat. the hills is filled with flames.,Forest Fire
record high temperature is causing health problems.,Heatwave
electrical discharge has affected the farm.,Lightning
burning vegetation has affected the nearby village.,Forest Fire
heavy rainfall has triggered a landslide near the highway.,Landslide
a snow slide has affected the highway.,Avalanche
loose soil. the school is buried under debris.,Landslide
our colony is filled with water.,Flood
the forest road has collapsed. please send rescue teams.,Landslide
tourists need rescue. please send mountain rescue.,Avalanche
ground shaking. we need medical help.,Earthquake
burning vegetation. the forest is unsafe.,Forest Fire
sudden earthquake has affected the hospital.,Earthquake
very high temperature. the nearby town is unsafe during the afternoon.,Heatwave
strong winds. the hills is burning rapidly. people are evacuating.,Forest Fire
cyclonic winds. our house is surrounded by fallen trees. trees have fallen everywhere.,Cyclone
continuous snowfall. people are trapped.,Avalanche
the hospital is no longer safe after the earthquake.,Earthquake
continuous lightning. the farm has caught fire. communication has stopped.,Lightning
people need medical help. medical assistance is required.,Lightning
burning vegetation. the hills has poor visibility.,Forest Fire
a severe thunderstorm. our village has lost electricity. people need medical help.,Lightning
the hill station is unsafe because of heavy snowfall.,Avalanche
continuous snowfall. the highway has become inaccessible.,Avalanche
the school has become unsafe because of floodwater.,Flood
the market has no drinking water. ambulance is required.,Heatwave
earthquake shock. many people are injured.,Earthquake
lightning during heavy rain. medical assistance is required.,Lightning
monsoon rain has resulted in severe flooding.,Flood
the wildlife sanctuary is surrounded by fire. help is needed immediately.,Forest Fire
rockfall. please send medical assistance.,Landslide
a powerful cyclone. our locality is inaccessible. families need immediate help.,Cyclone
heavy rainfall has caused flooding in the bridge.,Flood
stormy weather. emergency help is needed.,Lightning
strong winds. the highway is covered with smoke. people need immediate help.,Forest Fire
a person has been injured. medical assistance is required.,Lightning
our house has been damaged.,Landslide
an avalanche. the nearby valley is trapped under snow.,Avalanche
fire has started. medical assistance is required.,Lightning
our farm is filled with water.,Flood
our village is surrounded by fallen trees. medical assistance is required.,Lightning
people are stranded. emergency rescue is required.,Landslide
families are stranded. please send NDRF.,Earthquake
our locality has poor visibility. help is needed immediately.,Forest Fire
sudden earthquake. the bridge is damaged.,Earthquake
communication is unavailable. medical assistance is needed.,Cyclone
mountain snow movement has affected our shelter.,Avalanche
mountain erosion. our locality is blocked by rocks.,Landslide
powerful tremors has affected the school.,Earthquake
ice collapse. evacuation is required.,Avalanche
extreme heat. the forest is burning rapidly. animals are trapped.,Forest Fire
the highway has been badly damaged. medical assistance is needed.,Cyclone
stormy weather has caused severe damage.,Lightning
ground shaking. the office has severe structural damage.,Earthquake
lightning during heavy rain. medical assistance is required.,Lightning
a forest fire. houses are at risk.,Forest Fire
a snow slide. the mountain road is trapped under snow.,Avalanche
electrical discharge has affected the farm.,Lightning
a violent storm has affected our village.,Cyclone
ambulance cannot reach. urgent rescue is needed.,Flood
the nearby town is unsafe. help is needed immediately.,Forest Fire
river overflow has resulted in severe flooding.,Flood
people are panicking. ambulance is needed.,Earthquake
an electric pole is unsafe after the lightning strike.,Lightning
a snow slide has blocked the entire route.,Avalanche
fire is spreading quickly. please send firefighters.,Forest Fire
a spreading fire has affected the hills.,Forest Fire
very high temperature. the farm has no drinking water.,Heatwave
electrical discharge has caused severe damage.,Lightning
the nearby forest is surrounded by fallen trees.,Lightning
lightning during heavy rain has caused severe damage.,Lightning
our house has lost electricity.,Lightning
our locality has caught fire.,Lightning
a violent storm has caused widespread destruction.,Cyclone
continuous tremors has affected the school.,Earthquake
a snow slide. our village has been buried. people cannot move.,Avalanche
a powerful lightning strike. medical assistance is required.,Lightning
people need medical help. medical assistance is required.,Lightning
clouds burst with intense rain. our colony cannot be reached. please send an ambulance.,Flood
people are trapped. please help immediately.,Earthquake
the school is damaged.,Earthquake
a violent storm has caused widespread destruction.,Cyclone
a severe coastal storm. please send emergency teams.,Cyclone
houses are at risk. urgent evacuation is required.,Forest Fire
soil erosion. the hillside is blocked by rocks. roads are closed.,Landslide
ambulance cannot reach. please send help immediately.,Flood
continuous lightning. our village has caught fire.,Lightning
the road has become unsafe because of floodwater.,Flood
extreme heat. please send medical assistance.,Heatwave
families need immediate help. please restore electricity.,Cyclone
our house is unsafe because of strong winds.,Cyclone
intense sunlight. medical help is needed.,Heatwave
the market has become unsafe because of floodwater.,Flood
vehicles are stuck. please help immediately.,Avalanche
the highway is unsafe because of strong winds.,Cyclone
people are panicking. please help immediately.,Earthquake
blocked drainage. my family is trapped.,Flood
heavy rainfall has caused a major landslide.,Landslide
monsoon rain has resulted in severe flooding.,Flood
strong winds. the forest is surrounded by fire.,Forest Fire
clouds burst with intense rain. our house is submerged. urgent rescue is needed.,Flood
the nearby valley is unsafe. urgent rescue is required.,Avalanche
high temperature. the national park is covered with smoke.,Forest Fire
a tropical cyclone has caused widespread destruction.,Cyclone
ice collapse. the mountain road is trapped under snow. vehicles are stuck.,Avalanche
the highway cannot be reached and my family is trapped.,Flood
scorching weather. our village has no drinking water.,Heatwave
the bridge has become unsafe because of floodwater.,Flood
continuous hot weather is causing health problems.,Heatwave
dam overflow has caused flooding in the market.,Flood
our shelter is unsafe because of heavy snowfall.,Avalanche
a severe coastal storm. our locality is inaccessible. electricity has been cut off.,Cyclone
our house is unsafe because of falling rocks.,Landslide
heavy rainfall has caused flooding in our village.,Flood
the hospital has been washed away.,Flood
a lightning strike. the hospital has caught fire.,Lightning
emergency help is needed. emergency rescue is required.,Lightning
intense thunder has caused severe damage.,Lightning
soil erosion has caused a major landslide.,Landslide
unstable hillside has triggered a landslide near the hillside.,Landslide
vehicles are trapped. please send rescue teams.,Landslide
dry weather. the nearby town is burning rapidly.,Forest Fire
the nearby village has been evacuated.,Forest Fire
water released from the dam has caused our house to become flooded.,Flood
our camp is unsafe.,Avalanche
loose soil. people cannot leave.,Landslide
lightning during heavy rain. fire has started.,Lightning
scorching weather. the farm has no drinking water.,Heatwave
monsoon rain. the market is submerged. please send help immediately.,Flood
blocked drainage. our house is underwater. please send help immediately.,Flood
intense sunlight has affected the market.,Heatwave
our village is unsafe because of heavy snowfall.,Avalanche
fire has started. please send firefighters.,Lightning
ground shaking has affected the office.,Earthquake
the construction site is unsafe during the afternoon.,Heatwave
mountain snow movement has affected the trekking route.,Avalanche
high temperature is spreading rapidly.,Forest Fire
the highway is filled with flames.,Forest Fire
the wildlife sanctuary is filled with flames. please send emergency teams.,Forest Fire
the school is surrounded by fallen trees.,Lightning
the nearby town is unsafe because of strong winds.,Cyclone
water released from the dam. our house is submerged. please send help immediately.,Flood
the school has become unbearable. please provide drinking water.,Heatwave
our house is surrounded by fallen trees. please help immediately.,Cyclone
rockfall. our locality has been damaged. people cannot leave.,Landslide
the bridge is damaged. please send NDRF.,Earthquake
the mountain forest is burning rapidly.,Forest Fire
our village is surrounded by fallen trees.,Lightning
the bridge is shaking. urgent rescue is required.,Earthquake
the valley is completely blocked.,Landslide
very high temperature. many people are dehydrated.,Heatwave
a wildfire. the highway has been evacuated.,Forest Fire
a lightning strike. people need medical help.,Lightning
the highway is surrounded by fallen trees.,Cyclone
the market has severe structural damage. urgent rescue is required.,Earthquake
the mountain forest is unsafe because of heavy smoke.,Forest Fire
the national park is unsafe because of heavy smoke.,Forest Fire
ice collapse has affected our camp.,Avalanche
transport has stopped. please send medical assistance.,Landslide
people are collapsing. please help immediately.,Heatwave
heavy snowfall. the mountain road cannot be reached.,Avalanche
blocked drainage has resulted in severe flooding.,Flood
the market is difficult to work in.,Heatwave
prolonged heat. many people are dehydrated.,Heatwave
the highway is unsafe because of heavy snowfall.,Avalanche
our locality is unsafe because of falling rocks.,Landslide
the highway has become extremely hot. ambulance is required.,Heatwave
families are stranded. please help immediately.,Avalanche
our building is unsafe. please send NDRF.,Earthquake
violent shaking. our house is unsafe.,Earthquake
breathing has become difficult. please control the fire.,Forest Fire
our village has collapsed. please send rescue teams.,Earthquake
many people are dehydrated. please help immediately.,Heatwave
heavy rainfall has resulted in severe flooding.,Flood
families need immediate help. please restore electricity.,Cyclone
the mountain forest is unsafe because of heavy smoke.,Forest Fire
a snow slide has blocked the entire route.,Avalanche
a wildfire has affected the mountain forest.,Forest Fire
the hospital is unsafe because of strong winds.,Cyclone
heavy rainfall. the school cannot be reached. vehicles are trapped.,Landslide
the school is completely blocked. road clearance is required.,Landslide
continuous tremors has caused severe damage to the hospital.,Earthquake
high temperature. our locality is burning rapidly.,Forest Fire
clouds burst with intense rain. our farm is filled with water. please send an ambulance.,Flood
a forest fire. please send emergency teams.,Forest Fire
the highway is surrounded by rising water.,Flood
continuous snowfall has affected our village.,Avalanche
strong earthquake. urgent rescue is required.,Earthquake
ground shaking. our apartment has collapsed. people are trapped.,Earthquake
violent shaking. our apartment is damaged. roads are blocked.,Earthquake
the highway is filled with flames. please send firefighters.,Forest Fire
the wildlife sanctuary is surrounded by fire.,Forest Fire
the mountain road has been damaged.,Landslide
extreme weather conditions. medical assistance is needed.,Cyclone
a tropical cyclone has affected the market.,Cyclone
rockfall. the hillside is blocked by rocks.,Landslide
hill slope failure. our village is blocked by rocks.,Landslide
water released from the dam has caused our colony to become flooded.,Flood
sudden earthquake. our house has severe structural damage.,Earthquake
clouds burst with intense rain has caused the bridge to become flooded.,Flood
the hospital has collapsed. ambulance is needed.,Earthquake
dry weather. animals are trapped.,Forest Fire
a severe thunderstorm has affected our locality.,Lightning
people are panicking. please send NDRF.,Earthquake
electrical discharge. our locality has lost electricity. communication has stopped.,Lightning
a snow slide. urgent rescue is required.,Avalanche
ice collapse. the nearby valley is covered with snow. vehicles are stuck.,Avalanche
a forest fire. our locality has been evacuated. breathing has become difficult.,Forest Fire
animals are trapped. help is needed immediately.,Forest Fire
strong earthquake. the market has developed cracks.,Earthquake
stormy weather. electricity is unavailable.,Lightning
the mountain road is unsafe because of heavy snowfall.,Avalanche
the market cannot be accessed.,Lightning
the nearby valley has been buried.,Avalanche
dry weather has affected the farmland.,Forest Fire
the market is experiencing severe heat.,Heatwave
dam overflow has caused our colony to become flooded.,Flood
seismic activity. the market has collapsed.,Earthquake
hill slope failure. please send medical assistance.,Landslide
roads are blocked. please send mountain rescue.,Avalanche
the hospital has lost its roof.,Cyclone
a powerful lightning strike. the market has lost electricity.,Lightning
an avalanche. roads are blocked.,Avalanche
prolonged heat. medical teams are needed.,Heatwave
rockfall. please help immediately.,Landslide
our city is difficult to work in.,Heatwave
the construction site is unsafe during the afternoon.,Heatwave
a severe thunderstorm has caused severe damage.,Lightning
ice collapse. the nearby valley has become inaccessible. people cannot move.,Avalanche
a powerful cyclone. our house has been badly damaged. people are stranded.,Cyclone
people need immediate help. urgent evacuation is required.,Forest Fire
the mountain pass is covered with snow.,Avalanche
continuous lightning has affected the school.,Lightning
an avalanche has blocked the entire route.,Avalanche
violent shaking has affected the office.,Earthquake
continuous lightning. the farm is surrounded by fallen trees. electricity is unavailable.,Lightning
a severe coastal storm has caused widespread destruction.,Cyclone
continuous hot weather. please help immediately.,Heatwave
river overflow has caused the highway to become flooded.,Flood
ice collapse. the mountain road has been buried.,Avalanche
prolonged heat is causing health problems.,Heatwave
the wildlife sanctuary is covered with smoke. medical assistance is needed.,Forest Fire
hill slope failure. the highway is completely blocked.,Landslide
the school is blocked by rocks.,Landslide
my family is trapped. please send a rescue boat.,Flood
the school has caught fire. urgent help is needed.,Lightning
water released from the dam. my family is trapped.,Flood
our locality is unsafe during the afternoon. urgent help is needed.,Heatwave
intense sunlight. ambulance is required.,Heatwave
communication is unavailable. please restore electricity.,Cyclone
the hospital is inaccessible.,Cyclone
heavy rainfall. urgent help is needed.,Landslide
a snow slide. the highway is blocked by snow. medical help is needed.,Avalanche
our village has been damaged. urgent help is needed.,Landslide
clouds burst with intense rain has caused the market to become flooded.,Flood
people are suffering from heatstroke. please send medical assistance.,Heatwave
snow accumulation. the highway is covered with snow.,Avalanche
continuous snowfall. evacuation is required.,Avalanche
unstable hillside. rescue teams are needed.,Landslide
the highway is facing extreme temperatures. please provide drinking water.,Heatwave
the bridge cannot be reached and people are stranded.,Flood
the nearby valley is covered with snow. please help immediately.,Avalanche
roads are closed. please help immediately.,Landslide
loose soil. families need rescue.,Landslide
the market has become unsafe because of floodwater.,Flood
rockfall has triggered a landslide near the bridge.,Landslide
very high temperature. the school has no drinking water. drinking water is unavailable.,Heatwave
electricity is unavailable. medical help is required.,Flood
seismic activity. buildings are collapsing.,Earthquake
a tropical cyclone. the coastal area has lost its roof.,Cyclone
our locality is burning rapidly.,Forest Fire
a tropical cyclone. communication is unavailable.,Cyclone
the forest trail is unsafe because of heavy snowfall.,Avalanche
soil erosion. our locality has been damaged. roads are closed.,Landslide
our locality is difficult to work in.,Heatwave
heavy rainfall. road clearance is required.,Landslide
electrical discharge has caused severe damage.,Lightning
loose soil. the school is covered with mud.,Landslide
extreme weather conditions has caused widespread destruction.,Cyclone
people are evacuating. medical assistance is needed.,Forest Fire
sudden earthquake. the school is shaking.,Earthquake
a spreading fire. please control the fire.,Forest Fire
an avalanche. our camp is trapped under snow.,Avalanche
unstable snow has blocked the entire route.,Avalanche
rockfall. please help immediately.,Landslide
strong winds. the farmland is covered with smoke.,Forest Fire
dry weather. roads are closed.,Forest Fire
vehicles are trapped. please send medical assistance.,Landslide
very high temperature. please provide drinking water.,Heatwave
our house has caught fire. medical assistance is required.,Lightning
the mountain forest is unsafe because of heavy smoke.,Forest Fire
fire is spreading quickly. help is needed immediately.,Forest Fire
a powerful lightning strike has caused severe damage.,Lightning
the trekking route is unsafe because of heavy snowfall.,Avalanche
an intense storm has affected our locality.,Cyclone
record high temperature has affected our locality.,Heatwave
dam overflow. the hospital is surrounded by water. please send an ambulance.,Flood
stormy weather. medical assistance is required.,Lightning
an electric pole is surrounded by fallen trees. please help immediately.,Lightning
river overflow has caused the school to become flooded.,Flood
ice collapse has affected the nearby valley.,Avalanche
the office has severe structural damage.,Earthquake
dam overflow. the market is filled with water. please send a rescue boat.,Flood
strong winds. the farmland is covered with smoke.,Forest Fire
dam overflow. people are stranded.,Flood
the mountain forest is unsafe. urgent evacuation is required.,Forest Fire
our village has developed cracks. medical assistance is needed.,Earthquake
water released from the dam has caused flooding in our colony.,Flood
we need food. please send an ambulance.,Flood
strong winds is spreading rapidly.,Forest Fire
electrical discharge. fire has started.,Lightning
continuous rain. the bridge is covered with mud. families need rescue.,Landslide
stormy weather has affected the nearby forest.,Lightning
a violent storm has affected the nearby town.,Cyclone
the trekking route has been buried. urgent rescue is required.,Avalanche
powerful tremors has caused severe damage to the road.,Earthquake
ground shaking has affected the office.,Earthquake
powerful tremors. ambulance is needed.,Earthquake
violent shaking has caused severe damage to the market.,Earthquake
dry weather. the nearby village is filled with flames. people are evacuating.,Forest Fire
the highway has suffered a power outage.,Lightning
a forest fire. breathing has become difficult.,Forest Fire
record high temperature. our locality has become unbearable. elderly people need help.,Heatwave
our village has lost its roof. please send emergency teams.,Cyclone
a powerful cyclone. houses are damaged.,Cyclone
the hospital is unsafe after the lightning strike.,Lightning
the forest road is blocked by rocks. please send rescue teams.,Landslide
continuous lightning. the market has caught fire.,Lightning
the road is no longer safe after the earthquake.,Earthquake
extreme heat. the nearby town is unsafe during the afternoon. drinking water is unavailable.,Heatwave
the national park is covered with smoke.,Forest Fire
a snow slide. our shelter cannot be reached.,Avalanche
dry weather is spreading rapidly.,Forest Fire
the national park is burning rapidly. help is needed immediately.,Forest Fire
emergency help is needed. please send an ambulance.,Lightning
our building has severe structural damage. urgent rescue is required.,Earthquake
scorching weather. please send medical assistance.,Heatwave
a wildfire is spreading rapidly.,Forest Fire
extreme weather conditions. roads are blocked.,Cyclone
the mountain forest is unsafe.,Forest Fire
continuous tremors has caused severe damage to our village.,Earthquake
sudden earthquake. urgent rescue is required.,Earthquake
heavy rainfall. ambulance cannot reach.,Flood
the bridge is shaking. medical assistance is needed.,Earthquake
lightning during heavy rain. the highway has lost electricity.,Lightning
the school is buried under debris. urgent help is needed.,Landslide
the bridge is no longer safe after the earthquake.,Earthquake
heavy rainfall has resulted in severe flooding.,Flood
ice collapse has affected the mountain pass.,Avalanche
the forest is unsafe because of heavy smoke.,Forest Fire
our locality is covered with mud. please help immediately.,Landslide
clouds burst with intense rain has caused our colony to become flooded.,Flood
river overflow has caused flooding in our farm.,Flood
the school is no longer safe after the earthquake.,Earthquake
violent shaking. the office has partially collapsed. families are stranded.,Earthquake
heavy rainfall. the valley has collapsed. transport has stopped.,Landslide
our apartment has collapsed.,Earthquake
medical help is needed. please send medical assistance.,Heatwave
ice collapse. the trekking route has become inaccessible. people are trapped.,Avalanche
the nearby town has no electricity. please send emergency teams.,Cyclone
our house is unsafe because of strong winds.,Cyclone
continuous rainfall. we need drinking water.,Flood
seismic activity. the office is shaking.,Earthquake
hill slope failure. please send medical assistance.,Landslide
the bridge is no longer safe after the earthquake.,Earthquake
heatwave conditions. many people are dehydrated.,Heatwave
the bridge has severe structural damage. medical assistance is needed.,Earthquake
our village cannot be accessed. urgent help is needed.,Lightning
the nearby village is covered with smoke. please send emergency teams.,Forest Fire
the mountain road is unsafe because of heavy snowfall.,Avalanche
our village is surrounded by fallen trees. please help immediately.,Lightning
burning vegetation has affected the wildlife sanctuary.,Forest Fire
loose soil. please send rescue teams.,Landslide
families are stranded. urgent rescue is required.,Earthquake
families are stranded. medical assistance is needed.,Earthquake
unstable hillside. vehicles are trapped.,Landslide
record high temperature. the nearby town is facing extreme temperatures.,Heatwave
the highway is unsafe after the lightning strike.,Lightning
families need rescue. road clearance is required.,Landslide
a wildfire. people are evacuating.,Forest Fire
fire has started. medical assistance is required.,Lightning
hill slope failure has caused a major landslide.,Landslide
extreme heat. the nearby village is filled with flames. houses are at risk.,Forest Fire
a severe coastal storm. our village has no electricity. communication is unavailable.,Cyclone
a forest fire. people are evacuating.,Forest Fire
our farm is surrounded by rising water.,Flood
the school is unsafe because of falling rocks.,Landslide
the market is unsafe because of strong winds.,Cyclone
the nearby village has poor visibility. please send firefighters.,Forest Fire
burning vegetation. the mountain forest has poor visibility. people are evacuating.,Forest Fire
the highway is unsafe because of strong winds.,Cyclone
heavy rainfall. the school cannot be reached.,Landslide
loose soil. please send medical assistance.,Landslide
rockfall. our locality has collapsed.,Landslide
soil erosion. the valley is blocked by rocks.,Landslide
our workplace is unsafe because of extreme heat.,Heatwave
prolonged heat is causing health problems.,Heatwave
a spreading fire. breathing has become difficult.,Forest Fire
electricity is unavailable. please send firefighters.,Lightning
our village has developed cracks.,Earthquake
seismic activity has caused severe damage to our apartment.,Earthquake
the market is surrounded by fallen trees.,Lightning
continuous rain. urgent help is needed.,Landslide
the highway has become unsafe because of floodwater.,Flood
heavy snowfall. please send mountain rescue.,Avalanche
trees have fallen everywhere. urgent rescue is required.,Cyclone
loose soil. please help immediately.,Landslide
the highway is filled with water.,Flood
scorching weather. the market is difficult to work in. people are collapsing.,Heatwave
blocked drainage has resulted in severe flooding.,Flood
our locality is unsafe because of falling rocks.,Landslide
snow accumulation. the mountain pass is covered with snow. medical help is needed.,Avalanche
the nearby town has no drinking water.,Heatwave
our workplace is unsafe because of extreme heat.,Heatwave
roads are blocked. please send NDRF.,Earthquake
record high temperature is causing health problems.,Heatwave
electricity has been cut off. please restore electricity.,Cyclone
powerful tremors. we need medical help.,Earthquake
the hospital has been washed away.,Flood
strong earthquake has affected the road.,Earthquake
burning vegetation. the mountain forest is unsafe.,Forest Fire
people are stranded. please send relief materials.,Cyclone
electrical discharge. a person has been injured.,Lightning
unstable snow. the highway is trapped under snow. people cannot move.,Avalanche
scorching weather. drinking water is unavailable.,Heatwave
extreme heat. our locality is filled with flames. breathing has become difficult.,Forest Fire
mountain snow movement. urgent rescue is required.,Avalanche
roads are blocked. please restore electricity.,Cyclone
mountain erosion has triggered a landslide near the highway.,Landslide
unstable hillside. our house is completely blocked. families need rescue.,Landslide
strong earthquake. please send NDRF.,Earthquake
a lightning strike. an electric pole is surrounded by fallen trees. electricity is unavailable.,Lightning
our camp is trapped under snow. send emergency teams.,Avalanche
emergency help is needed. medical assistance is required.,Lightning
heavy rainfall has caused the market to become flooded.,Flood
people are stranded. please send emergency teams.,Cyclone
a violent storm. our house has been badly damaged.,Cyclone
electricity is unavailable. please send a rescue boat.,Flood
our locality has lost its roof.,Cyclone
soil erosion has triggered a landslide near our house.,Landslide
our locality is difficult to work in. please send medical assistance.,Heatwave
the school is damaged. urgent rescue is required.,Earthquake
high temperature. the nearby town is surrounded by fire. animals are trapped.,Forest Fire
a powerful cyclone. communication is unavailable.,Cyclone
powerful tremors. the school has partially collapsed.,Earthquake
people are stranded. please help immediately.,Cyclone
a forest fire is spreading rapidly.,Forest Fire
the highway is surrounded by fallen trees.,Lightning
the farmland is covered with smoke.,Forest Fire
a severe coastal storm has affected the coastal area.,Cyclone
intense thunder. emergency rescue is required.,Lightning
scorching weather. the school has no drinking water. people are fainting.,Heatwave
the market is unsafe because of extreme heat.,Heatwave
the highway is unsafe after the lightning strike.,Lightning
the bridge is no longer safe after the earthquake.,Earthquake
vehicles are stuck. please send mountain rescue.,Avalanche
people are suffering from heatstroke. medical teams are needed.,Heatwave
extreme weather conditions has affected our locality.,Cyclone
unstable hillside. urgent help is needed.,Landslide
continuous rainfall. the bridge has been washed away. medical help is required.,Flood
prolonged heat. our city is facing extreme temperatures. drinking water is unavailable.,Heatwave
the hill station cannot be reached. please help immediately.,Avalanche
the mountain road is blocked by snow.,Avalanche
unstable hillside. urgent help is needed.,Landslide
dry weather is spreading rapidly.,Forest Fire
scorching weather is causing health problems.,Heatwave
the highway is unsafe. medical assistance is needed.,Forest Fire
our house is surrounded by fallen trees. please help immediately.,Lightning
prolonged heat. the construction site is facing extreme temperatures.,Heatwave
unstable snow. people cannot move.,Avalanche
the market cannot be accessed.,Lightning
unstable hillside. our locality is covered with mud. people cannot leave.,Landslide
powerful tremors. the hospital has developed cracks. we need medical help.,Earthquake
sudden earthquake has caused severe damage to the market.,Earthquake
snow accumulation has affected the nearby valley.,Avalanche
the farm has caught fire.,Lightning
intense sunlight. people are collapsing.,Heatwave
a lightning strike. urgent help is needed.,Lightning
scorching weather. our village is unsafe during the afternoon. many people are dehydrated.,Heatwave
blocked drainage. the highway is surrounded by water. please send help immediately.,Flood
continuous rainfall. my family is trapped.,Flood
clouds burst with intense rain has caused our farm to become flooded.,Flood
strong winds has affected our locality.,Forest Fire
our house has lost its roof.,Cyclone
our house cannot be reached.,Flood
tourists need rescue. send emergency teams.,Avalanche
unstable snow. people are trapped.,Avalanche
the highway is trapped under snow.,Avalanche
heavy snowfall. our shelter is unsafe. people cannot move.,Avalanche
families are stranded. please send mountain rescue.,Avalanche
a snow slide. our camp has been buried.,Avalanche
the bridge is unsafe because of falling rocks.,Landslide
the nearby town is unsafe because of extreme heat.,Heatwave
stormy weather. communication has stopped.,Lightning
roads are closed. please send emergency teams.,Forest Fire
the nearby town is unsafe because of extreme heat.,Heatwave
the hospital is surrounded by rising water.,Flood
tourists need rescue. evacuation is required.,Avalanche
people are collapsing. please send medical assistance.,Heatwave
cyclonic winds has caused widespread destruction.,Cyclone
blocked drainage. the highway has been washed away. medical help is required.,Flood
we need food. please send a rescue boat.,Flood
the market is unsafe because of extreme heat.,Heatwave
very high temperature. urgent help is needed.,Heatwave
the trekking route is unsafe because of heavy snowfall.,Avalanche
the school is surrounded by fallen trees. please restore electricity.,Cyclone
the highway has poor visibility.,Forest Fire
continuous lightning. an electric pole has been damaged. fire has started.,Lightning
continuous hot weather is causing health problems.,Heatwave
the road is surrounded by rising water.,Flood
strong winds. fire is spreading quickly.,Forest Fire
high temperature. the nearby village is surrounded by fire.,Forest Fire
continuous hot weather. many people are dehydrated.,Heatwave
the forest road cannot be reached. please help immediately.,Landslide
hill slope failure has triggered a landslide near the mountain road.,Landslide
a lightning strike has affected the farm.,Lightning
fire is spreading quickly. help is needed immediately.,Forest Fire
an intense storm. please restore electricity.,Cyclone
fire is spreading quickly. medical assistance is needed.,Forest Fire
the highway is unsafe because of heavy smoke.,Forest Fire
a violent storm. the fishing harbor is surrounded by fallen trees. trees have fallen everywhere.,Cyclone
extreme weather conditions. families need immediate help.,Cyclone
the mountain road is unsafe because of heavy snowfall.,Avalanche
very high temperature has affected the farm.,Heatwave
record high temperature. many people are dehydrated.,Heatwave
a lightning strike has affected the school.,Lightning
dam overflow has caused the bridge to become flooded.,Flood
record high temperature. the market has become extremely hot. many people are dehydrated.,Heatwave
our house cannot be accessed.,Lightning
the road is surrounded by rising water.,Flood
record high temperature is causing health problems.,Heatwave
the wildlife sanctuary has been evacuated. please send firefighters.,Forest Fire
an avalanche. the mountain road is trapped under snow. medical help is needed.,Avalanche
high temperature has affected the highway.,Forest Fire
continuous rain has caused a major landslide.,Landslide
continuous lightning has affected the school.,Lightning
a forest fire. please send firefighters.,Forest Fire
very strong winds. the fishing harbor is covered with debris. people are stranded.,Cyclone
an intense storm. the market has lost its roof. houses are damaged.,Cyclone
record high temperature is causing health problems.,Heatwave
mountain erosion has caused a major landslide.,Landslide
the highway is unsafe because of heavy snowfall.,Avalanche
continuous rain has triggered a landslide near the bridge.,Landslide
people are trapped. please help immediately.,Earthquake
clouds burst with intense rain has caused flooding in the highway.,Flood
the highway cannot be reached.,Avalanche
our locality is unsafe during the afternoon. please provide drinking water.,Heatwave
ground shaking has affected our village.,Earthquake
our city is facing extreme temperatures. please provide drinking water.,Heatwave
ground shaking. families are stranded.,Earthquake
people are stranded. road clearance is required.,Landslide
trees have fallen everywhere. please restore electricity.,Cyclone
the highway is unsafe after the lightning strike.,Lightning
intense thunder. our locality is unsafe.,Lightning
heavy snowfall. the mountain pass is blocked by snow.,Avalanche
ground shaking has affected the school.,Earthquake
our farm is submerged and people are stranded.,Flood
prolonged heat has affected the nearby town.,Heatwave
our house has lost its roof. medical assistance is needed.,Cyclone
soil erosion has caused a major landslide.,Landslide
the hospital is no longer safe after the earthquake.,Earthquake
ice collapse. the mountain road is blocked by snow.,Avalanche
a severe thunderstorm. please help immediately.,Lightning
a tropical cyclone. please send relief materials.,Cyclone
a lightning strike has affected the nearby forest.,Lightning
ground shaking. our building has collapsed.,Earthquake
river overflow has resulted in severe flooding.,Flood
a wildfire. animals are trapped.,Forest Fire
a powerful cyclone. the nearby town has been flooded.,Cyclone
high temperature is spreading rapidly.,Forest Fire
many people are dehydrated. please provide drinking water.,Heatwave
mountain snow movement has affected our camp.,Avalanche
our village is surrounded by water.,Flood
violent shaking. our building is shaking. roads are blocked.,Earthquake
the market cannot be reached.,Flood
the construction site is unsafe because of extreme heat.,Heatwave
heatwave conditions. people are fainting.,Heatwave
the fishing harbor is unsafe because of strong winds.,Cyclone
the nearby town has no drinking water.,Heatwave
the highway has been damaged. please send medical assistance.,Landslide
clouds burst with intense rain. roads are blocked.,Flood
the forest trail is covered with snow.,Avalanche
extreme weather conditions has affected our locality.,Cyclone
intense thunder. our village has caught fire. electricity is unavailable.,Lightning
the hills is unsafe because of heavy smoke.,Forest Fire
communication has stopped. please send firefighters.,Lightning
very high temperature is causing health problems.,Heatwave
our locality has suffered a power outage.,Lightning
heavy rainfall. rescue teams are needed.,Landslide
earthquake shock. ambulance is needed.,Earthquake
river overflow has caused flooding in our village.,Flood
continuous lightning. emergency help is needed.,Lightning
mountain erosion has caused a major landslide.,Landslide
blocked drainage has caused our colony to become flooded.,Flood
extreme heat is spreading rapidly.,Forest Fire
dry weather has affected the highway.,Forest Fire
sudden earthquake has caused severe damage to the market.,Earthquake
the office has partially collapsed.,Earthquake
stormy weather. our village has caught fire.,Lightning
our locality is unsafe because of heavy smoke.,Forest Fire
the national park is unsafe because of heavy smoke.,Forest Fire
our house is underwater and my family is trapped.,Flood
snow accumulation. the forest trail is blocked by snow.,Avalanche
ambulance cannot reach. please send help immediately.,Flood
people are panicking. medical assistance is needed.,Earthquake
extreme heat. the market has become extremely hot. many people are dehydrated.,Heatwave
the fishing harbor is unsafe because of strong winds.,Cyclone
our locality is unsafe because of heavy smoke.,Forest Fire
prolonged heat. the highway is difficult to work in.,Heatwave
continuous tremors. our village is unsafe. we need medical help.,Earthquake
the nearby town is facing extreme temperatures.,Heatwave
the office is no longer safe after the earthquake.,Earthquake
mountain snow movement. vehicles are stuck.,Avalanche
the farm is unsafe after the lightning strike.,Lightning
hill slope failure. road clearance is required.,Landslide
our locality is unsafe. medical assistance is required.,Lightning
the highway cannot be reached and people need rescue.,Flood
the mountain road cannot be reached. please send medical assistance.,Landslide
a severe thunderstorm. a person has been injured.,Lightning
heavy rainfall has caused flooding in our house.,Flood
a lightning strike. emergency rescue is required.,Lightning
river overflow. roads are blocked.,Flood
continuous snowfall. urgent rescue is required.,Avalanche
powerful tremors. the bridge has severe structural damage. roads are blocked.,Earthquake
intense thunder has caused severe damage.,Lightning
continuous rain. the mountain road is buried under debris.,Landslide
dry weather is spreading rapidly.,Forest Fire
continuous lightning has affected the farm.,Lightning
river overflow has caused flooding in our village.,Flood
the valley is covered with mud.,Landslide
an electric pole has lost electricity.,Lightning
our locality is unsafe because of heavy smoke.,Forest Fire
our village is inaccessible. medical assistance is needed.,Cyclone
a forest fire. the nearby town is surrounded by fire.,Forest Fire
a lightning strike. an electric pole is surrounded by fallen trees.,Lightning
extreme weather conditions has affected the fishing harbor.,Cyclone
a severe thunderstorm. the market cannot be accessed. emergency help is needed.,Lightning
a snow slide has blocked the entire route.,Avalanche
high temperature. the highway is burning rapidly. fire is spreading quickly.,Forest Fire
the bridge has partially collapsed. please help immediately.,Earthquake
earthquake shock. the bridge has developed cracks.,Earthquake
the nearby forest has suffered a power outage. urgent help is needed.,Lightning
very high temperature has affected the highway.,Heatwave
ice collapse. the forest trail cannot be reached.,Avalanche
rescue teams are needed. please send medical assistance.,Landslide
the school is underwater.,Flood
our village is buried under debris.,Landslide
the highway is surrounded by fire. medical assistance is needed.,Forest Fire
people are stranded. please restore electricity.,Cyclone
dam overflow has caused flooding in the hospital.,Flood
the coastal area has no electricity.,Cyclone
cyclonic winds. the coastal area has been badly damaged.,Cyclone
roads are blocked. please restore electricity.,Cyclone
our city is difficult to work in. urgent help is needed.,Heatwave
the market is unsafe because of strong winds.,Cyclone
the highway is difficult to work in. please send medical assistance.,Heatwave
medical help is needed. urgent rescue is required.,Avalanche
the hospital has caught fire. urgent help is needed.,Lightning
heatwave conditions. please provide drinking water.,Heatwave
dry weather. fire is spreading quickly.,Forest Fire
a severe thunderstorm. urgent help is needed.,Lightning
continuous hot weather has affected the market.,Heatwave
sudden earthquake. our house has partially collapsed.,Earthquake
very strong winds has caused widespread destruction.,Cyclone
our building is unsafe. ambulance is needed.,Earthquake
extreme heat. ambulance is required.,Heatwave
record high temperature is causing health problems.,Heatwave
our locality cannot be accessed. please send firefighters.,Lightning
intense thunder. people are scared.,Lightning
loose soil has triggered a landslide near the highway.,Landslide
our village is no longer safe after the earthquake.,Earthquake
the farm is unsafe because of extreme heat.,Heatwave
mountain snow movement has affected the trekking route.,Avalanche
an electric pole is unsafe after the lightning strike.,Lightning
we need drinking water. please send NDRF.,Flood
a snow slide. our shelter is unsafe. people are trapped.,Avalanche
fire has started. medical assistance is required.,Lightning
the wildlife sanctuary is unsafe because of heavy smoke.,Forest Fire
heavy snowfall. send emergency teams.,Avalanche
dry weather. animals are trapped.,Forest Fire
the school is inaccessible. please restore electricity.,Cyclone
the bridge is covered with mud. urgent help is needed.,Landslide
extreme heat. the highway is burning rapidly.,Forest Fire
tourists need rescue. please send mountain rescue.,Avalanche
the highway is unsafe because of strong winds.,Cyclone
families are stranded. please help immediately.,Avalanche
a wildfire. fire is spreading quickly.,Forest Fire
our village is covered with snow.,Avalanche
lightning during heavy rain has caused severe damage.,Lightning
the wildlife sanctuary is unsafe because of heavy smoke.,Forest Fire
sudden earthquake has caused severe damage to our village.,Earthquake
scorching weather. our village has become extremely hot.,Heatwave
our colony has become unsafe because of floodwater.,Flood
the forest road is unsafe because of falling rocks.,Landslide
animals are trapped. please send emergency teams.,Forest Fire
strong winds. the hills is covered with smoke.,Forest Fire
the nearby valley is unsafe because of heavy snowfall.,Avalanche
record high temperature has affected our locality.,Heatwave
the school is unsafe after the lightning strike.,Lightning
mountain erosion. our locality has collapsed. people are stranded.,Landslide
an avalanche. please send mountain rescue.,Avalanche
we need medical help. please send rescue teams.,Earthquake
the market has lost electricity. emergency rescue is required.,Lightning
cyclonic winds has affected the hospital.,Cyclone
our locality is difficult to work in.,Heatwave
stormy weather. emergency help is needed.,Lightning
heavy rainfall has caused the road to become flooded.,Flood
continuous hot weather is causing health problems.,Heatwave
the hospital has been badly damaged. please restore electricity.,Cyclone
a severe coastal storm has affected the highway.,Cyclone
a lightning strike. the school has lost electricity. people need medical help.,Lightning
an electric pole is unsafe after the lightning strike.,Lightning
mountain erosion. the hillside has been damaged.,Landslide
unstable snow has affected our camp.,Avalanche
the hillside cannot be reached. road clearance is required.,Landslide
the highway has been damaged.,Landslide
the hills has been evacuated.,Forest Fire
intense thunder has caused severe damage.,Lightning
continuous rainfall has caused our farm to become flooded.,Flood
the school is surrounded by rising water.,Flood
a powerful cyclone has affected the school.,Cyclone
the market is unsafe.,Lightning
very high temperature. please send medical assistance.,Heatwave
our city is unsafe because of extreme heat.,Heatwave
earthquake shock. people are trapped.,Earthquake
the nearby valley has become inaccessible.,Avalanche
our house has been badly damaged. please restore electricity.,Cyclone
the market is surrounded by rising water.,Flood
a forest fire. roads are closed.,Forest Fire
lightning during heavy rain has affected our village.,Lightning
unstable hillside has triggered a landslide near our village.,Landslide
ground shaking has caused severe damage to the hospital.,Earthquake
trees have fallen everywhere. please send relief materials.,Cyclone
continuous hot weather. the nearby town has no drinking water. elderly people need help.,Heatwave
the nearby town is unsafe because of extreme heat.,Heatwave
the farm is unsafe because of extreme heat.,Heatwave
very high temperature. elderly people need help.,Heatwave
extreme weather conditions has affected the coastal area.,Cyclone
extreme weather conditions has affected the hospital.,Cyclone
very high temperature. the school is experiencing severe heat. drinking water is unavailable.,Heatwave
our village is shaking.,Earthquake
breathing has become difficult. help is needed immediately.,Forest Fire
vehicles are stuck. medical assistance is needed.,Avalanche
unstable snow. the highway is unsafe.,Avalanche
unstable hillside. the school is covered with mud.,Landslide
water released from the dam. people need rescue.,Flood
unstable hillside has caused a major landslide.,Landslide
continuous hot weather. please help immediately.,Heatwave
intense thunder. fire has started.,Lightning
our village has partially collapsed.,Earthquake
the valley is unsafe because of falling rocks.,Landslide
fire is spreading quickly. urgent evacuation is required.,Forest Fire
the school is completely blocked. please send rescue teams.,Landslide
dry weather has affected the hills.,Forest Fire
intense thunder. please send firefighters.,Lightning
sudden earthquake. our house is shaking. people are trapped.,Earthquake
a tropical cyclone. the school has no electricity. electricity has been cut off.,Cyclone
monsoon rain has resulted in severe flooding.,Flood
scorching weather. ambulance is required.,Heatwave
a powerful lightning strike. urgent help is needed.,Lightning
sudden earthquake has caused severe damage to our house.,Earthquake
the national park has been evacuated. please send emergency teams.,Forest Fire
roads are blocked. medical assistance is needed.,Earthquake
our farm is surrounded by rising water.,Flood
river overflow has caused flooding in our village.,Flood
we need drinking water. medical help is required.,Flood
ice collapse. the highway is blocked by snow. families are stranded.,Avalanche
electrical discharge has affected an electric pole.,Lightning
sudden earthquake. our house has collapsed.,Earthquake
intense sunlight. medical help is needed.,Heatwave
continuous rain has caused a major landslide.,Landslide
continuous snowfall has blocked the entire route.,Avalanche
the hills is unsafe because of heavy smoke.,Forest Fire
rockfall has caused a major landslide.,Landslide
electricity is unavailable. please send an ambulance.,Flood
strong winds has affected the hills.,Forest Fire
the market has no drinking water. please provide drinking water.,Heatwave
strong earthquake. families are stranded.,Earthquake
the nearby town has become unbearable. medical teams are needed.,Heatwave
heavy rainfall has caused a major landslide.,Landslide
dry weather is spreading rapidly.,Forest Fire
heavy rainfall. families need rescue.,Landslide
lightning during heavy rain. please send an ambulance.,Lightning
soil erosion has triggered a landslide near the valley.,Landslide
lightning during heavy rain. a person has been injured.,Lightning
continuous lightning. fire has started.,Lightning
rescue teams are needed. please send rescue teams.,Landslide
trees have fallen everywhere. please help immediately.,Cyclone
our village is unsafe because of heavy snowfall.,Avalanche
very strong winds. families need immediate help.,Cyclone
a spreading fire has affected our locality.,Forest Fire
heatwave conditions has affected the market.,Heatwave
electricity has been cut off. please help immediately.,Cyclone
medical help is needed. medical teams are needed.,Heatwave
a powerful lightning strike. our house has caught fire.,Lightning
intense sunlight is causing health problems.,Heatwave
an intense storm has caused widespread destruction.,Cyclone
intense thunder. please send an ambulance.,Lightning
communication has stopped. please send an ambulance.,Lightning
the forest is unsafe.,Forest Fire
heavy rainfall. the market is submerged. please send NDRF.,Flood
strong earthquake has affected the bridge.,Earthquake
the farm has become extremely hot. please help immediately.,Heatwave
lightning during heavy rain. a person has been injured.,Lightning
people are trapped. please help immediately.,Earthquake
heavy rainfall. the mountain road is covered with mud. families need rescue.,Landslide
clouds burst with intense rain. our village cannot be reached. please send NDRF.,Flood
strong winds. people need immediate help.,Forest Fire
continuous rain has caused a major landslide.,Landslide
rescue teams are needed. please send medical assistance.,Landslide
the nearby forest is unsafe. please send an ambulance.,Lightning
the road is damaged. please send rescue teams.,Earthquake
the forest road cannot be reached. please help immediately.,Landslide
cyclonic winds has affected the nearby town.,Cyclone
medical help is needed. please help immediately.,Avalanche
scorching weather. the construction site is difficult to work in.,Heatwave
our house has caught fire.,Lightning
scorching weather. the school is experiencing severe heat.,Heatwave
record high temperature is causing health problems.,Heatwave
dry weather. the wildlife sanctuary is covered with smoke.,Forest Fire
an intense storm. the nearby town is covered with debris. families need immediate help.,Cyclone
continuous rainfall. our house is filled with water. medical help is required.,Flood
very strong winds has caused widespread destruction.,Cyclone
scorching weather. our city is difficult to work in.,Heatwave
the national park is covered with smoke. please send emergency teams.,Forest Fire
the forest is covered with smoke.,Forest Fire
lightning during heavy rain. emergency help is needed.,Lightning
continuous rainfall has caused the road to become flooded.,Flood
our house is surrounded by rising water.,Flood
the wildlife sanctuary is unsafe because of heavy smoke.,Forest Fire
stormy weather has caused severe damage.,Lightning
intense sunlight. medical teams are needed.,Heatwave
our house is underwater and ambulance cannot reach.,Flood
ice collapse. medical assistance is needed.,Avalanche
continuous lightning has caused severe damage.,Lightning
a forest fire. the farmland is filled with flames. people need immediate help.,Forest Fire
the bridge has developed cracks.,Earthquake
scorching weather. many people are dehydrated.,Heatwave
the mountain forest is unsafe because of heavy smoke.,Forest Fire
mountain erosion. the hillside has collapsed.,Landslide
the school has suffered a power outage. please send firefighters.,Lightning
record high temperature. people are fainting.,Heatwave
dry weather. the nearby town is burning rapidly. animals are trapped.,Forest Fire
the highway is unsafe because of heavy snowfall.,Avalanche
people are trapped. medical assistance is needed.,Avalanche
sudden earthquake. the school has collapsed. we need medical help.,Earthquake
rockfall has caused a major landslide.,Landslide
a severe coastal storm has affected the school.,Cyclone
the nearby town has no drinking water.,Heatwave
the nearby forest has suffered a power outage.,Lightning
our apartment is shaking. urgent rescue is required.,Earthquake
clouds burst with intense rain has caused flooding in our village.,Flood
rockfall. the valley is buried under debris.,Landslide
unstable snow. roads are blocked.,Avalanche
water released from the dam. ambulance cannot reach.,Flood
our colony is surrounded by rising water.,Flood
an avalanche has blocked the entire route.,Avalanche
a lightning strike has caused severe damage.,Lightning
a powerful cyclone has caused widespread destruction.,Cyclone
the hospital is surrounded by rising water.,Flood
electricity has been cut off. please send relief materials.,Cyclone
the road has become unsafe because of floodwater.,Flood
a severe coastal storm. the school has lost its roof.,Cyclone
unstable hillside has triggered a landslide near the forest road.,Landslide
a lightning strike. our village is unsafe. a person has been injured.,Lightning
a violent storm has caused widespread destruction.,Cyclone
lightning during heavy rain. an electric pole has caught fire. people are scared.,Lightning
sudden earthquake. the school has severe structural damage.,Earthquake
ambulance cannot reach. please send an ambulance.,Flood
our locality has become unbearable. please provide drinking water.,Heatwave
rescue teams are needed. please send rescue teams.,Landslide
roads are blocked. please help immediately.,Avalanche
continuous tremors. many people are injured.,Earthquake
very strong winds has affected our house.,Cyclone
loose soil. please send medical assistance.,Landslide
a severe thunderstorm. urgent help is needed.,Lightning
a wildfire. breathing has become difficult.,Forest Fire
people are fainting. please help immediately.,Heatwave
a lightning strike has caused severe damage.,Lightning
very strong winds has caused widespread destruction.,Cyclone
very high temperature. urgent help is needed.,Heatwave
people are collapsing. please send medical assistance.,Heatwave
the road is no longer safe after the earthquake.,Earthquake
the nearby forest is unsafe after the lightning strike.,Lightning
the forest is unsafe because of heavy smoke.,Forest Fire
a powerful lightning strike. the farm is unsafe. electricity is unavailable.,Lightning
heavy snowfall. medical assistance is needed.,Avalanche
extreme weather conditions. families need immediate help.,Cyclone
a powerful cyclone. the highway is surrounded by fallen trees. trees have fallen everywhere.,Cyclone
the highway is unsafe because of falling rocks.,Landslide
mountain snow movement. evacuation is required.,Avalanche
scorching weather. medical teams are needed.,Heatwave
violent shaking has affected our house.,Earthquake
the hillside is covered with mud.,Landslide
the school has no drinking water.,Heatwave
intense sunlight. drinking water is unavailable.,Heatwave
fire has started. please help immediately.,Lightning
burning vegetation. please control the fire.,Forest Fire
a forest fire is spreading rapidly.,Forest Fire
the national park is burning rapidly.,Forest Fire
our colony is surrounded by water and electricity is unavailable.,Flood
dam overflow has caused flooding in the market.,Flood
people are suffering from heatstroke. please help immediately.,Heatwave
the mountain road is unsafe because of falling rocks.,Landslide
strong earthquake has affected the market.,Earthquake
the market is unsafe during the afternoon.,Heatwave
intense thunder. our village is surrounded by fallen trees. fire has started.,Lightning
the forest trail is unsafe because of heavy snowfall.,Avalanche
the bridge is unsafe because of falling rocks.,Landslide
rockfall. families need rescue.,Landslide
extreme weather conditions. the fishing harbor has been badly damaged.,Cyclone
seismic activity. our building has developed cracks. roads are blocked.,Earthquake
our village has collapsed. road clearance is required.,Landslide
continuous rain. road clearance is required.,Landslide
an avalanche. please help immediately.,Avalanche
we need food. please send NDRF.,Flood
our locality has been evacuated. medical assistance is needed.,Forest Fire
heatwave conditions. our locality has become unbearable. many people are dehydrated.,Heatwave
clouds burst with intense rain has resulted in severe flooding.,Flood
the market is inaccessible.,Cyclone
high temperature. roads are closed.,Forest Fire
extreme heat is spreading rapidly.,Forest Fire
elderly people need help. please provide drinking water.,Heatwave
record high temperature. the school has no drinking water. people are suffering from heatstroke.,Heatwave
powerful tremors. please help immediately.,Earthquake
a powerful cyclone. families need immediate help.,Cyclone
lightning during heavy rain. our locality has been damaged.,Lightning
soil erosion. families need rescue.,Landslide
our workplace is unsafe during the afternoon.,Heatwave
roads are blocked. urgent rescue is required.,Avalanche
scorching weather. people are fainting.,Heatwave
ice collapse. people are trapped.,Avalanche
vehicles are stuck. send emergency teams.,Avalanche
intense sunlight. our locality is experiencing severe heat.,Heatwave
intense sunlight. the school is experiencing severe heat.,Heatwave
people are panicking. ambulance is needed.,Earthquake
burning vegetation. the national park is unsafe.,Forest Fire
scorching weather. drinking water is unavailable.,Heatwave
a forest fire. the national park has poor visibility. houses are at risk.,Forest Fire
dry weather has affected the hills.,Forest Fire
the forest is unsafe because of heavy smoke.,Forest Fire
a severe thunderstorm has caused severe damage.,Lightning
continuous rainfall. the highway is filled with water. please send an ambulance.,Flood
a spreading fire has affected the hills.,Forest Fire
people cannot leave. urgent help is needed.,Landslide
heavy snowfall has blocked the entire route.,Avalanche
people cannot leave. urgent help is needed.,Landslide
continuous lightning. emergency rescue is required.,Lightning
the hospital is unsafe after the lightning strike.,Lightning
water released from the dam has resulted in severe flooding.,Flood
very high temperature. our locality is facing extreme temperatures.,Heatwave
violent shaking has caused severe damage to the road.,Earthquake
a spreading fire. the nearby town is unsafe. houses are at risk.,Forest Fire
electrical discharge has caused severe damage.,Lightning
a lightning strike has affected an electric pole.,Lightning
our village is underwater and we need food.,Flood
heavy snowfall has affected the mountain road.,Avalanche
a forest fire. urgent evacuation is required.,Forest Fire
earthquake shock. ambulance is needed.,Earthquake
rockfall. emergency rescue is required.,Landslide
prolonged heat. the farm is facing extreme temperatures.,Heatwave
our workplace is unsafe during the afternoon.,Heatwave
electrical discharge. the nearby forest has lost electricity.,Lightning
a forest fire. urgent evacuation is required.,Forest Fire
the market is surrounded by water and we need food.,Flood
snow accumulation has blocked the entire route.,Avalanche
dry weather has affected the forest.,Forest Fire
our locality is unsafe.,Lightning
the hills is surrounded by fire. urgent evacuation is required.,Forest Fire
continuous snowfall has blocked the entire route.,Avalanche
record high temperature has affected the school.,Heatwave
continuous lightning. an electric pole has suffered a power outage. communication has stopped.,Lightning
violent shaking has caused severe damage to the market.,Earthquake
the national park is unsafe because of heavy smoke.,Forest Fire
the market cannot be reached and we need food.,Flood
heavy snowfall has affected our camp.,Avalanche
continuous tremors. medical assistance is needed.,Earthquake
record high temperature. ambulance is required.,Heatwave
the school has been flooded.,Cyclone
soil erosion has triggered a landslide near the valley.,Landslide
our city is unsafe because of extreme heat.,Heatwave
the farm is facing extreme temperatures.,Heatwave
the office has partially collapsed.,Earthquake
continuous rainfall. people are stranded.,Flood
people need rescue. urgent rescue is needed.,Flood
the forest is burning rapidly.,Forest Fire
people need rescue. please send help immediately.,Flood
our house is unsafe because of falling rocks.,Landslide
extreme heat. fire is spreading quickly.,Forest Fire
the hospital is unsafe after the lightning strike.,Lightning
the forest is unsafe because of heavy smoke.,Forest Fire
the mountain road is unsafe because of falling rocks.,Landslide
the nearby forest has suffered a power outage.,Lightning
heatwave conditions has affected our city.,Heatwave
continuous lightning has caused severe damage.,Lightning
the hospital has lost its roof.,Cyclone
soil erosion has triggered a landslide near our locality.,Landslide
extreme heat. the national park is covered with smoke.,Forest Fire
continuous snowfall. urgent rescue is required.,Avalanche
continuous hot weather. people are fainting.,Heatwave
record high temperature. our locality has no drinking water.,Heatwave
our village is unsafe because of strong winds.,Cyclone
a tropical cyclone has caused widespread destruction.,Cyclone
the market is no longer safe after the earthquake.,Earthquake
a spreading fire has affected the highway.,Forest Fire
continuous tremors. the office has developed cracks.,Earthquake
heavy rainfall has triggered a landslide near the forest road.,Landslide
water released from the dam has caused the road to become flooded.,Flood
the school has been washed away and people need rescue.,Flood
a tropical cyclone. the market has lost its roof. communication is unavailable.,Cyclone
the hospital has partially collapsed. medical assistance is needed.,Earthquake
violent shaking. buildings are collapsing.,Earthquake
extreme heat. the construction site has become extremely hot. people are fainting.,Heatwave
our village is unsafe because of strong winds.,Cyclone
monsoon rain. our house is surrounded by water. medical help is required.,Flood
the national park is unsafe because of heavy smoke.,Forest Fire
scorching weather has affected the nearby town.,Heatwave
mountain snow movement. the trekking route is covered with snow. people cannot move.,Avalanche
the highway is surrounded by rising water.,Flood
an avalanche. the mountain pass is covered with snow.,Avalanche
unstable snow has affected our village.,Avalanche
stormy weather. a person has been injured.,Lightning
our city has no drinking water.,Heatwave
our village is no longer safe after the earthquake.,Earthquake
the bridge is surrounded by rising water.,Flood
our locality is unsafe because of heavy smoke.,Forest Fire
the hospital is unsafe because of strong winds.,Cyclone
many people are dehydrated. please send medical assistance.,Heatwave
blocked drainage. we need drinking water.,Flood
unstable snow has affected our shelter.,Avalanche
unstable hillside. people are stranded.,Landslide
heatwave conditions. our village is difficult to work in. many people are dehydrated.,Heatwave
continuous tremors. people are panicking.,Earthquake
the nearby forest has suffered a power outage.,Lightning
continuous hot weather. our locality has no drinking water. drinking water is unavailable.,Heatwave
river overflow. we need food.,Flood
continuous tremors. the market has partially collapsed. people are trapped.,Earthquake
the trekking route is unsafe because of heavy snowfall.,Avalanche
the construction site is unsafe because of extreme heat.,Heatwave
a person has been injured. emergency rescue is required.,Lightning
buildings are collapsing. ambulance is needed.,Earthquake
dry weather. the mountain forest is covered with smoke. roads are closed.,Forest Fire
the hospital has suffered a power outage.,Lightning
roads are closed. please control the fire.,Forest Fire
our locality cannot be reached.,Landslide
the school has suffered a power outage. please help immediately.,Lightning
houses are at risk. please send firefighters.,Forest Fire
our workplace has become extremely hot. please provide drinking water.,Heatwave
people are stranded. please help immediately.,Landslide
extreme heat has affected the hills.,Forest Fire
stormy weather has caused severe damage.,Lightning
unstable snow. the highway is blocked by snow. families are stranded.,Avalanche
the hills is unsafe because of heavy smoke.,Forest Fire
record high temperature has affected the market.,Heatwave
burning vegetation. people need immediate help.,Forest Fire
very high temperature. people are suffering from heatstroke.,Heatwave
continuous rainfall. the bridge has been washed away. please send NDRF.,Flood
my family is trapped. please send help immediately.,Flood
our building is no longer safe after the earthquake.,Earthquake
our locality is unsafe because of heavy smoke.,Forest Fire
transport has stopped. road clearance is required.,Landslide
heatwave conditions. please provide drinking water.,Heatwave
rockfall has caused a major landslide.,Landslide
the forest trail has become inaccessible. evacuation is required.,Avalanche
the highway is trapped under snow. evacuation is required.,Avalanche
the highway is unsafe because of heavy smoke.,Forest Fire
burning vegetation. the farmland has been evacuated.,Forest Fire
the farmland is unsafe because of heavy smoke.,Forest Fire
burning vegetation. the mountain forest is covered with smoke. roads are closed.,Forest Fire
monsoon rain has caused flooding in the bridge.,Flood
the wildlife sanctuary is burning rapidly.,Forest Fire
the school is unsafe.,Earthquake
an avalanche has affected our camp.,Avalanche
people are trapped. urgent rescue is required.,Earthquake
the school is blocked by rocks. please send medical assistance.,Landslide
our village has caught fire.,Lightning
the school is unsafe because of falling rocks.,Landslide
rockfall has triggered a landslide near our village.,Landslide
blocked drainage has caused flooding in the market.,Flood
our camp is trapped under snow.,Avalanche
our locality is covered with smoke. urgent evacuation is required.,Forest Fire
blocked drainage has caused flooding in the market.,Flood
our house cannot be reached.,Flood
an electric pole has suffered a power outage. urgent help is needed.,Lightning
families need rescue. please send medical assistance.,Landslide
unstable hillside has triggered a landslide near the valley.,Landslide
electrical discharge. a person has been injured.,Lightning
the bridge is unsafe because of falling rocks.,Landslide
unstable hillside. families need rescue.,Landslide
blocked drainage. the highway is filled with water. please send an ambulance.,Flood
our house has lost its roof.,Cyclone
the farm cannot be accessed.,Lightning
the forest is burning rapidly. help is needed immediately.,Forest Fire
a spreading fire. please send firefighters.,Forest Fire
heatwave conditions. our locality is facing extreme temperatures. people are fainting.,Heatwave
rockfall. our locality is blocked by rocks. vehicles are trapped.,Landslide
burning vegetation has affected the hills.,Forest Fire
unstable hillside has caused a major landslide.,Landslide
rockfall has caused a major landslide.,Landslide
our locality is covered with debris.,Cyclone
families are stranded. medical assistance is needed.,Avalanche
the road is unsafe. please help immediately.,Earthquake
cyclonic winds has affected our village.,Cyclone
the nearby valley cannot be reached.,Avalanche
our village is unsafe because of heavy snowfall.,Avalanche
an electric pole has caught fire. please help immediately.,Lightning
continuous lightning. the highway has caught fire. people need medical help.,Lightning
our locality is surrounded by fire. medical assistance is needed.,Forest Fire
very strong winds has affected the hospital.,Cyclone
our apartment is no longer safe after the earthquake.,Earthquake
ice collapse has affected our camp.,Avalanche
our apartment is shaking.,Earthquake
burning vegetation. breathing has become difficult.,Forest Fire
the hill station has been buried. please send mountain rescue.,Avalanche
people are panicking. medical assistance is needed.,Earthquake
scorching weather. our city has become unbearable.,Heatwave
the wildlife sanctuary is unsafe. help is needed immediately.,Forest Fire
extreme heat is causing health problems.,Heatwave
people are trapped. please send mountain rescue.,Avalanche
an electric pole is unsafe after the lightning strike.,Lightning
heatwave conditions. medical help is needed.,Heatwave
prolonged heat. the highway is experiencing severe heat. drinking water is unavailable.,Heatwave
river overflow has caused the highway to become flooded.,Flood
dry weather. animals are trapped.,Forest Fire
high temperature. medical assistance is needed.,Forest Fire
a snow slide has blocked the entire route.,Avalanche
many people are injured. ambulance is needed.,Earthquake
the nearby valley is unsafe because of heavy snowfall.,Avalanche
burning vegetation. the forest is burning rapidly.,Forest Fire
a powerful lightning strike has affected the school.,Lightning
continuous hot weather. medical teams are needed.,Heatwave
mountain erosion. our house has collapsed. vehicles are trapped.,Landslide
the farm is surrounded by fallen trees.,Lightning
clouds burst with intense rain. our colony cannot be reached. please send NDRF.,Flood
the school is unsafe because of strong winds.,Cyclone
ice collapse. the mountain road has become inaccessible.,Avalanche
a severe thunderstorm. the farm has suffered a power outage. emergency help is needed.,Lightning
our house has collapsed. medical assistance is needed.,Earthquake
unstable snow. people are trapped.,Avalanche
the wildlife sanctuary is unsafe.,Forest Fire
a violent storm. the highway has been flooded.,Cyclone
our locality is unsafe because of extreme heat.,Heatwave
a spreading fire. animals are trapped.,Forest Fire
electrical discharge has caused severe damage.,Lightning
an avalanche has affected our camp.,Avalanche
our colony is flooded and people need rescue.,Flood
heavy snowfall has affected the mountain road.,Avalanche
the highway is surrounded by rising water.,Flood
prolonged heat. please help immediately.,Heatwave
monsoon rain has caused the hospital to become flooded.,Flood
the nearby forest is unsafe after the lightning strike.,Lightning
families are stranded. please send NDRF.,Earthquake
people need immediate help. medical assistance is needed.,Forest Fire
a powerful cyclone has affected our village.,Cyclone
very high temperature. the construction site has become extremely hot. people are suffering from heatstroke.,Heatwave
prolonged heat is causing health problems.,Heatwave
a forest fire has affected the forest.,Forest Fire
snow accumulation. our camp is trapped under snow. medical help is needed.,Avalanche
a forest fire. the hills has poor visibility.,Forest Fire
a violent storm. trees have fallen everywhere.,Cyclone
the mountain road is unsafe because of heavy snowfall.,Avalanche
monsoon rain has caused flooding in our village.,Flood
river overflow has caused the school to become flooded.,Flood
the hill station is unsafe because of heavy snowfall.,Avalanche
a snow slide has affected the mountain road.,Avalanche
mountain snow movement. people are trapped.,Avalanche
our city is unsafe because of extreme heat.,Heatwave
loose soil. the bridge has been damaged. rescue teams are needed.,Landslide
a wildfire. the forest is covered with smoke.,Forest Fire
the highway is unsafe. emergency rescue is required.,Lightning
people need immediate help. medical assistance is needed.,Forest Fire
the highway has become unsafe because of floodwater.,Flood
the highway is covered with smoke. urgent evacuation is required.,Forest Fire
our village cannot be accessed.,Lightning
roads are blocked. medical assistance is needed.,Avalanche
the bridge has partially collapsed. please send rescue teams.,Earthquake
a severe coastal storm has affected the market.,Cyclone
loose soil. urgent help is needed.,Landslide
violent shaking has caused severe damage to the school.,Earthquake
a forest fire. urgent evacuation is required.,Forest Fire
heatwave conditions. the market is facing extreme temperatures.,Heatwave
continuous rainfall. we need food.,Flood
the school cannot be accessed. urgent help is needed.,Lightning
rockfall. the hillside has been damaged. families need rescue.,Landslide
a severe coastal storm. the fishing harbor is surrounded by fallen trees. people are stranded.,Cyclone
a powerful lightning strike has affected an electric pole.,Lightning
prolonged heat. people are collapsing.,Heatwave
a lightning strike has affected the nearby forest.,Lightning
monsoon rain. people are stranded.,Flood
a snow slide has affected our camp.,Avalanche
extreme heat. urgent help is needed.,Heatwave
roads are blocked. please restore electricity.,Cyclone
violent shaking has affected the bridge.,Earthquake
very high temperature. please provide drinking water.,Heatwave
blocked drainage has caused flooding in the school.,Flood
unstable snow. the mountain road has become inaccessible. people cannot move.,Avalanche
sudden earthquake has caused severe damage to the bridge.,Earthquake
electricity is unavailable. emergency rescue is required.,Lightning
loose soil. the highway is buried under debris. roads are closed.,Landslide
our house is unsafe after the lightning strike.,Lightning
the farmland is unsafe because of heavy smoke.,Forest Fire
our workplace is unsafe because of extreme heat.,Heatwave
the nearby village is surrounded by fire. please control the fire.,Forest Fire
mountain snow movement. our shelter is covered with snow. medical help is needed.,Avalanche
ground shaking. urgent rescue is required.,Earthquake
a violent storm has affected our house.,Cyclone
clouds burst with intense rain has resulted in severe flooding.,Flood
lightning during heavy rain. urgent help is needed.,Lightning
a severe thunderstorm has caused severe damage.,Lightning
continuous hot weather. our city is experiencing severe heat. drinking water is unavailable.,Heatwave
heavy rainfall has triggered a landslide near the highway.,Landslide
river overflow has caused our house to become flooded.,Flood
extreme heat is causing health problems.,Heatwave
dry weather. the highway is unsafe.,Forest Fire
unstable snow has affected the highway.,Avalanche
a violent storm. urgent rescue is required.,Cyclone
the hospital is no longer safe after the earthquake.,Earthquake
the nearby village is covered with smoke.,Forest Fire
the nearby town is filled with flames. medical assistance is needed.,Forest Fire
blocked drainage has resulted in severe flooding.,Flood
the road is submerged.,Flood
elderly people need help. medical teams are needed.,Heatwave
the bridge has collapsed. ambulance is needed.,Earthquake
heavy rainfall has caused a major landslide.,Landslide
continuous snowfall. families are stranded.,Avalanche
an avalanche. our village is blocked by snow.,Avalanche
the school has severe structural damage. please send NDRF.,Earthquake
blocked drainage. electricity is unavailable.,Flood
an avalanche. medical assistance is needed.,Avalanche
our locality has poor visibility.,Forest Fire
our colony has become unsafe because of floodwater.,Flood
unstable snow. families are stranded.,Avalanche
river overflow. we need food.,Flood
unstable snow. the hill station is trapped under snow.,Avalanche
mountain erosion. the forest road has collapsed. families need rescue.,Landslide
houses are damaged. please send emergency teams.,Cyclone
very strong winds. please send emergency teams.,Cyclone
extreme heat has affected the national park.,Forest Fire
dam overflow. the market is underwater. please send NDRF.,Flood
burning vegetation is spreading rapidly.,Forest Fire
sudden earthquake. the hospital has developed cracks.,Earthquake
the highway is covered with snow.,Avalanche
our village is completely blocked. please send medical assistance.,Landslide
very high temperature. medical teams are needed.,Heatwave
continuous hot weather has affected the farm.,Heatwave
the wildlife sanctuary is surrounded by fire. please send emergency teams.,Forest Fire
intense sunlight. our locality is facing extreme temperatures.,Heatwave
we need drinking water. please send a rescue boat.,Flood
families are stranded. please send NDRF.,Earthquake
transport has stopped. emergency rescue is required.,Landslide
unstable snow has affected our village.,Avalanche
the forest road is buried under debris. please help immediately.,Landslide
the highway is covered with mud.,Landslide
cyclonic winds has affected the hospital.,Cyclone
people are trapped. please help immediately.,Avalanche
electrical discharge has affected our house.,Lightning
many people are injured. please help immediately.,Earthquake
hill slope failure. our house has been damaged.,Landslide
houses are damaged. medical assistance is needed.,Cyclone
the school is no longer safe after the earthquake.,Earthquake
buildings are collapsing. please send NDRF.,Earthquake
violent shaking. the road has collapsed. families are stranded.,Earthquake
loose soil has caused a major landslide.,Landslide
the highway is unsafe because of heavy smoke.,Forest Fire
unstable hillside. the school cannot be reached. rescue teams are needed.,Landslide
the fishing harbor is unsafe because of strong winds.,Cyclone
powerful tremors has affected our village.,Earthquake
a snow slide has blocked the entire route.,Avalanche
strong winds has affected the nearby town.,Forest Fire
houses are at risk. help is needed immediately.,Forest Fire
heavy rainfall has resulted in severe flooding.,Flood
very strong winds. please send emergency teams.,Cyclone
the valley has collapsed.,Landslide
continuous tremors. please send rescue teams.,Earthquake
a powerful lightning strike. communication has stopped.,Lightning
the farm has been damaged. please send firefighters.,Lightning
high temperature is spreading rapidly.,Forest Fire
the nearby forest is unsafe. medical assistance is required.,Lightning
a forest fire is spreading rapidly.,Forest Fire
water released from the dam. our village is underwater. please send an ambulance.,Flood
extreme weather conditions. roads are blocked.,Cyclone
mountain erosion has triggered a landslide near the highway.,Landslide
roads are blocked. urgent rescue is required.,Earthquake
an avalanche. send emergency teams.,Avalanche
unstable snow. the mountain pass has become inaccessible.,Avalanche
the hospital is underwater.,Flood
the mountain pass cannot be reached. medical assistance is needed.,Avalanche
heatwave conditions has affected the highway.,Heatwave
prolonged heat. our locality is experiencing severe heat. people are collapsing.,Heatwave
an avalanche has affected the mountain pass.,Avalanche
the highway is unsafe because of falling rocks.,Landslide
electrical discharge. emergency help is needed.,Lightning
families need rescue. road clearance is required.,Landslide
blocked drainage. the school is underwater. please send NDRF.,Flood
hill slope failure. rescue teams are needed.,Landslide
our workplace is unsafe because of extreme heat.,Heatwave
mountain snow movement. people cannot move.,Avalanche
heavy snowfall. our shelter is unsafe.,Avalanche
the nearby town is unsafe because of strong winds.,Cyclone
extreme heat. please help immediately.,Heatwave
the nearby village is burning rapidly.,Forest Fire
a severe thunderstorm has caused severe damage.,Lightning
continuous hot weather. medical help is needed.,Heatwave
stormy weather has affected the nearby forest.,Lightning
intense thunder has affected our village.,Lightning
our locality is surrounded by fire.,Forest Fire
lightning during heavy rain. please send firefighters.,Lightning
dam overflow has caused flooding in the school.,Flood
heavy snowfall has affected the mountain road.,Avalanche
a severe thunderstorm. the farm has been damaged. people need medical help.,Lightning
snow accumulation has affected the forest trail.,Avalanche
our locality is unsafe because of extreme heat.,Heatwave
the hillside is buried under debris.,Landslide
very high temperature. our workplace is facing extreme temperatures. people are suffering from heatstroke.,Heatwave
the hospital is no longer safe after the earthquake.,Earthquake
intense sunlight. people are suffering from heatstroke.,Heatwave
the mountain road is covered with snow. send emergency teams.,Avalanche
the highway is completely blocked.,Landslide
snow accumulation. our village is unsafe. tourists need rescue.,Avalanche
the hospital is unsafe after the lightning strike.,Lightning
violent shaking. the bridge has collapsed.,Earthquake
our village is unsafe.,Earthquake
loose soil. urgent help is needed.,Landslide
powerful tremors has affected our apartment.,Earthquake
very strong winds has caused widespread destruction.,Cyclone
violent shaking has caused severe damage to the school.,Earthquake
sudden earthquake. please send rescue teams.,Earthquake
ground shaking has caused severe damage to the school.,Earthquake
vehicles are stuck. send emergency teams.,Avalanche
our locality is unsafe after the lightning strike.,Lightning
heatwave conditions. our village has become unbearable. many people are dehydrated.,Heatwave
prolonged heat. drinking water is unavailable.,Heatwave
rockfall. the school is completely blocked.,Landslide
vehicles are stuck. evacuation is required.,Avalanche
snow accumulation. the forest trail is unsafe.,Avalanche
dry weather is spreading rapidly.,Forest Fire
a lightning strike. electricity is unavailable.,Lightning
continuous lightning has affected the market.,Lightning
earthquake shock. the road has developed cracks.,Earthquake
the nearby forest is unsafe after the lightning strike.,Lightning
heavy rainfall. roads are blocked.,Flood
a severe coastal storm. our village has been badly damaged. electricity has been cut off.,Cyclone
our building is no longer safe after the earthquake.,Earthquake
continuous tremors has caused severe damage to our building.,Earthquake
clouds burst with intense rain has caused flooding in the road.,Flood
blocked drainage has caused flooding in our farm.,Flood
intense sunlight has affected the farm.,Heatwave
a wildfire is spreading rapidly.,Forest Fire
river overflow. ambulance cannot reach.,Flood
a violent storm. families need immediate help.,Cyclone
fire is spreading quickly. please send emergency teams.,Forest Fire
the nearby village has been evacuated. please control the fire.,Forest Fire
rockfall has triggered a landslide near our village.,Landslide
our village has become unbearable.,Heatwave
people need immediate help. please send firefighters.,Forest Fire
extreme heat. ambulance is required.,Heatwave
a forest fire. the mountain forest is filled with flames.,Forest Fire
the market is filled with water.,Flood
an intense storm has affected the coastal area.,Cyclone
the highway is submerged and people need rescue.,Flood
a powerful lightning strike has caused severe damage.,Lightning
our locality has suffered a power outage. emergency rescue is required.,Lightning
the hospital has suffered a power outage. please send an ambulance.,Lightning
scorching weather. the construction site has become unbearable. people are fainting.,Heatwave
the highway has lost electricity.,Lightning
our locality has been damaged. urgent help is needed.,Lightning
our locality is unsafe because of falling rocks.,Landslide
a wildfire. please send emergency teams.,Forest Fire
intense sunlight. our locality has become extremely hot. people are suffering from heatstroke.,Heatwave
heavy rainfall has caused our village to become flooded.,Flood
a powerful lightning strike. electricity is unavailable.,Lightning
the school is difficult to work in.,Heatwave
a powerful cyclone. the market has been badly damaged.,Cyclone
our village cannot be reached. road clearance is required.,Landslide
our locality is blocked by rocks. please send medical assistance.,Landslide
hill slope failure. road clearance is required.,Landslide
stormy weather. the market is surrounded by fallen trees.,Lightning
heatwave conditions. people are suffering from heatstroke.,Heatwave
our workplace is experiencing severe heat.,Heatwave
our house has severe structural damage. please help immediately.,Earthquake
a powerful cyclone has affected the nearby town.,Cyclone
heavy rainfall has caused the hospital to become flooded.,Flood
the bridge is no longer safe after the earthquake.,Earthquake
the market is unsafe. please send firefighters.,Lightning
the valley has been damaged.,Landslide
a snow slide. families are stranded.,Avalanche
many people are injured. urgent rescue is required.,Earthquake
a severe coastal storm has caused widespread destruction.,Cyclone
a tropical cyclone has caused widespread destruction.,Cyclone
we need food. please send NDRF.,Flood
sudden earthquake. the hospital is shaking.,Earthquake
violent shaking. urgent rescue is required.,Earthquake
blocked drainage. roads are blocked.,Flood
ground shaking. buildings are collapsing.,Earthquake
high temperature is spreading rapidly.,Forest Fire
dam overflow has resulted in severe flooding.,Flood
a spreading fire. the nearby town has poor visibility.,Forest Fire
a powerful cyclone. the school is surrounded by fallen trees. families need immediate help.,Cyclone
our building has collapsed. medical assistance is needed.,Earthquake
our village is covered with snow.,Avalanche
the trekking route cannot be reached.,Avalanche
prolonged heat has affected the nearby town.,Heatwave
we need drinking water. medical help is required.,Flood
extreme heat is causing health problems.,Heatwave
ice collapse. the nearby valley is covered with snow. medical help is needed.,Avalanche
prolonged heat. the nearby town is difficult to work in. people are collapsing.,Heatwave
roads are blocked. ambulance is needed.,Earthquake
ground shaking has affected our building.,Earthquake
buildings are collapsing. urgent rescue is required.,Earthquake
a lightning strike. the nearby forest cannot be accessed.,Lightning
electricity is unavailable. medical help is required.,Flood
we need medical help. urgent rescue is required.,Earthquake
snow accumulation. medical assistance is needed.,Avalanche
our village has no electricity.,Cyclone
a tropical cyclone has caused widespread destruction.,Cyclone
our village is unsafe.,Avalanche
prolonged heat is causing health problems.,Heatwave
our camp is blocked by snow.,Avalanche
blocked drainage. ambulance cannot reach.,Flood
people need immediate help. help is needed immediately.,Forest Fire
our workplace has become unbearable.,Heatwave
many people are injured. please send rescue teams.,Earthquake
our village is unsafe.,Earthquake
extreme weather conditions. houses are damaged.,Cyclone
the mountain road is unsafe because of falling rocks.,Landslide
our village is inaccessible. medical assistance is needed.,Cyclone
people cannot move. urgent rescue is required.,Avalanche
our locality has been badly damaged. medical assistance is needed.,Cyclone
the mountain pass is trapped under snow.,Avalanche
powerful tremors has caused severe damage to the market.,Earthquake
people are stranded. please send help immediately.,Flood
the market is unsafe because of extreme heat.,Heatwave
houses are at risk. please send firefighters.,Forest Fire
the nearby village is unsafe because of heavy smoke.,Forest Fire
the bridge is flooded.,Flood
our locality has been flooded.,Cyclone
families need rescue. emergency rescue is required.,Landslide
the mountain road is unsafe because of falling rocks.,Landslide
an intense storm has affected the school.,Cyclone
a severe coastal storm. our house has been flooded. people are stranded.,Cyclone
a severe coastal storm. people are stranded.,Cyclone
intense sunlight. our city has no drinking water. elderly people need help.,Heatwave
water released from the dam. the hospital is flooded. please send help immediately.,Flood
an avalanche has blocked the entire route.,Avalanche
continuous hot weather is causing health problems.,Heatwave
people are stranded. urgent rescue is required.,Cyclone
the construction site is experiencing severe heat.,Heatwave
record high temperature. the construction site has no drinking water. people are suffering from heatstroke.,Heatwave
the coastal area is unsafe because of strong winds.,Cyclone
strong earthquake. many people are injured.,Earthquake
very strong winds. please send relief materials.,Cyclone
cyclonic winds. the market has no electricity.,Cyclone
an electric pole has been damaged. urgent help is needed.,Lightning
the school has collapsed.,Landslide
snow accumulation. the mountain road cannot be reached. medical help is needed.,Avalanche
strong earthquake. the school is shaking.,Earthquake
continuous rain has caused a major landslide.,Landslide
the nearby forest is unsafe after the lightning strike.,Lightning
a severe coastal storm. medical assistance is needed.,Cyclone
continuous lightning. an electric pole has lost electricity.,Lightning
violent shaking has affected our village.,Earthquake
very high temperature. please provide drinking water.,Heatwave
prolonged heat. the farm is difficult to work in. people are collapsing.,Heatwave
an intense storm has affected our locality.,Cyclone
the school is no longer safe after the earthquake.,Earthquake
our shelter is unsafe because of heavy snowfall.,Avalanche
our village is unsafe because of strong winds.,Cyclone
extreme heat is causing health problems.,Heatwave
extreme weather conditions. please help immediately.,Cyclone
burning vegetation. the wildlife sanctuary is filled with flames. breathing has become difficult.,Forest Fire
snow accumulation has affected the nearby valley.,Avalanche
intense thunder. fire has started.,Lightning
our shelter is unsafe. send emergency teams.,Avalanche
continuous rainfall. ambulance cannot reach.,Flood
intense sunlight. urgent help is needed.,Heatwave
the nearby valley has been buried.,Avalanche
an avalanche. the nearby valley is covered with snow. vehicles are stuck.,Avalanche
a forest fire has affected the nearby village.,Forest Fire
burning vegetation. please send firefighters.,Forest Fire
intense thunder has caused severe damage.,Lightning
strong earthquake. the hospital is shaking.,Earthquake
electricity has been cut off. medical assistance is needed.,Cyclone
fire has started. please send firefighters.,Lightning
our locality is surrounded by fallen trees.,Cyclone
cyclonic winds has caused widespread destruction.,Cyclone
an intense storm has caused widespread destruction.,Cyclone
the valley is covered with mud.,Landslide
very strong winds. the coastal area has lost its roof.,Cyclone
strong earthquake. roads are blocked.,Earthquake
the school has caught fire.,Lightning
heavy snowfall has affected the hill station.,Avalanche
continuous rain has caused a major landslide.,Landslide
our locality is unsafe because of strong winds.,Cyclone
electricity is unavailable. please send help immediately.,Flood
water released from the dam has caused flooding in our colony.,Flood
intense thunder. the school has caught fire.,Lightning
continuous tremors. please send rescue teams.,Earthquake
strong winds has affected the farmland.,Forest Fire
a powerful cyclone. urgent rescue is required.,Cyclone
our farm is surrounded by rising water.,Flood
our house has been badly damaged.,Cyclone
our locality is covered with mud.,Landslide
dry weather has affected the wildlife sanctuary.,Forest Fire
very high temperature has affected our city.,Heatwave
a powerful cyclone has caused widespread destruction.,Cyclone
the hospital has been flooded. please send relief materials.,Cyclone
burning vegetation. people are evacuating.,Forest Fire
strong earthquake. medical assistance is needed.,Earthquake
a snow slide. send emergency teams.,Avalanche
a forest fire. the highway is unsafe.,Forest Fire
sudden earthquake. our apartment has collapsed.,Earthquake
transport has stopped. emergency rescue is required.,Landslide
the hillside is covered with mud.,Landslide
roads are blocked. medical assistance is needed.,Avalanche
strong winds. the highway has been evacuated. roads are closed.,Forest Fire
seismic activity. our apartment is damaged.,Earthquake
a person has been injured. urgent help is needed.,Lightning
a severe thunderstorm. our locality has been damaged. people are scared.,Lightning
the valley is covered with mud. urgent help is needed.,Landslide
medical help is needed. urgent help is needed.,Heatwave
scorching weather is causing health problems.,Heatwave
soil erosion has caused a major landslide.,Landslide
fire is spreading quickly. help is needed immediately.,Forest Fire
loose soil has triggered a landslide near the forest road.,Landslide
mountain erosion. roads are closed.,Landslide
an avalanche has blocked the entire route.,Avalanche
the hill station has become inaccessible. medical assistance is needed.,Avalanche
mountain snow movement has affected the nearby valley.,Avalanche
a severe thunderstorm has affected our village.,Lightning
a powerful cyclone has affected the coastal area.,Cyclone
rescue teams are needed. urgent help is needed.,Landslide
the highway has been badly damaged.,Cyclone
heavy rainfall. we need drinking water.,Flood
the hills is burning rapidly. medical assistance is needed.,Forest Fire
the highway is filled with flames.,Forest Fire
burning vegetation. the forest is surrounded by fire.,Forest Fire
the farmland is surrounded by fire. please send emergency teams.,Forest Fire
many people are dehydrated. medical teams are needed.,Heatwave
unstable hillside. transport has stopped.,Landslide
cyclonic winds has caused widespread destruction.,Cyclone
ground shaking. the bridge has developed cracks.,Earthquake
prolonged heat. drinking water is unavailable.,Heatwave
mountain snow movement. the nearby valley is blocked by snow. tourists need rescue.,Avalanche
our locality is unsafe because of extreme heat.,Heatwave
monsoon rain has caused the school to become flooded.,Flood
we need medical help. ambulance is needed.,Earthquake
the forest road is unsafe because of falling rocks.,Landslide
the nearby village has poor visibility. urgent evacuation is required.,Forest Fire
powerful tremors. the bridge has collapsed. families are stranded.,Earthquake
our village is unsafe because of strong winds.,Cyclone
continuous lightning. emergency help is needed.,Lightning
a severe coastal storm. the fishing harbor has lost its roof.,Cyclone
mountain erosion. the highway is covered with mud. people cannot leave.,Landslide
heavy snowfall. please send mountain rescue.,Avalanche
continuous snowfall. people are trapped.,Avalanche
prolonged heat. the school has become extremely hot. people are suffering from heatstroke.,Heatwave
the market is unsafe because of extreme heat.,Heatwave
electrical discharge has caused severe damage.,Lightning
a lightning strike. please send an ambulance.,Lightning
our locality is unsafe after the lightning strike.,Lightning
the bridge has become unsafe because of floodwater.,Flood
the farmland is unsafe.,Forest Fire
ambulance cannot reach. please send NDRF.,Flood
an avalanche. our shelter is unsafe.,Avalanche
cyclonic winds. please help immediately.,Cyclone
stormy weather. please help immediately.,Lightning
fire is spreading quickly. please send emergency teams.,Forest Fire
blocked drainage has caused our colony to become flooded.,Flood
unstable snow. the mountain pass has been buried.,Avalanche
heavy rainfall. please help immediately.,Landslide
our building is no longer safe after the earthquake.,Earthquake
record high temperature. medical help is needed.,Heatwave
the nearby town is experiencing severe heat.,Heatwave
the trekking route is trapped under snow.,Avalanche
continuous tremors. roads are blocked.,Earthquake
strong earthquake has caused severe damage to the road.,Earthquake
people are stranded. please send rescue teams.,Landslide
very high temperature. please send medical assistance.,Heatwave
the school has collapsed. emergency rescue is required.,Landslide
dry weather is spreading rapidly.,Forest Fire
heavy rainfall. urgent help is needed.,Landslide
the mountain road has become inaccessible. please send mountain rescue.,Avalanche
the nearby village is unsafe because of heavy smoke.,Forest Fire
emergency help is needed. medical assistance is required.,Lightning
snow accumulation has blocked the entire route.,Avalanche
the market is flooded and electricity is unavailable.,Flood
unstable hillside has caused a major landslide.,Landslide
medical help is needed. please send medical assistance.,Heatwave
unstable snow. send emergency teams.,Avalanche
an intense storm has caused widespread destruction.,Cyclone
the highway is burning rapidly. please send emergency teams.,Forest Fire
continuous rain. people cannot leave.,Landslide
heatwave conditions. drinking water is unavailable.,Heatwave
vehicles are stuck. medical assistance is needed.,Avalanche
drinking water is unavailable. urgent help is needed.,Heatwave
the highway has been flooded. please send emergency teams.,Cyclone
our village has collapsed. emergency rescue is required.,Landslide
river overflow has caused the highway to become flooded.,Flood
continuous tremors has affected our building.,Earthquake
our colony is surrounded by water.,Flood
burning vegetation. houses are at risk.,Forest Fire
river overflow has caused our colony to become flooded.,Flood
our house is underwater and we need food.,Flood
emergency help is needed. medical assistance is required.,Lightning
strong earthquake. the hospital has severe structural damage. people are panicking.,Earthquake
our village is unsafe because of falling rocks.,Landslide
intense sunlight. our workplace has become unbearable. elderly people need help.,Heatwave
very high temperature has affected the highway.,Heatwave
snow accumulation. our camp has been buried. vehicles are stuck.,Avalanche
a forest fire. fire is spreading quickly.,Forest Fire
scorching weather. our city has become extremely hot. drinking water is unavailable.,Heatwave
the school is surrounded by rising water.,Flood
families are stranded. ambulance is needed.,Earthquake
continuous tremors. people are trapped.,Earthquake
our locality is unsafe because of heavy smoke.,Forest Fire
sudden earthquake. the office has developed cracks.,Earthquake
an intense storm. our house has been badly damaged.,Cyclone
the market is surrounded by water and people are stranded.,Flood
extreme heat. drinking water is unavailable.,Heatwave
a person has been injured. urgent help is needed.,Lightning
dam overflow. the hospital has been washed away. please send help immediately.,Flood
continuous lightning. electricity is unavailable.,Lightning
our locality is unsafe because of heavy smoke.,Forest Fire
unstable snow has blocked the entire route.,Avalanche
scorching weather. people are collapsing.,Heatwave
the farm is experiencing severe heat.,Heatwave
the school is unsafe because of falling rocks.,Landslide
dam overflow has resulted in severe flooding.,Flood
violent shaking. people are trapped.,Earthquake
the hill station cannot be reached.,Avalanche
river overflow has caused flooding in the road.,Flood
a lightning strike. the school has caught fire.,Lightning
a tropical cyclone. people are stranded.,Cyclone
the market is shaking.,Earthquake
heatwave conditions. people are suffering from heatstroke.,Heatwave
roads are blocked. medical assistance is needed.,Avalanche
continuous rain has triggered a landslide near the school.,Landslide
the bridge is underwater and people need rescue.,Flood
our house is surrounded by rising water.,Flood
earthquake shock has affected our apartment.,Earthquake
extreme heat. the hills is burning rapidly.,Forest Fire
cyclonic winds. please send emergency teams.,Cyclone
a severe thunderstorm. the highway has been damaged. people need medical help.,Lightning
people are collapsing. urgent help is needed.,Heatwave
very high temperature. the school is facing extreme temperatures. elderly people need help.,Heatwave
our camp is covered with snow.,Avalanche
a violent storm. our house has been flooded. trees have fallen everywhere.,Cyclone
a tropical cyclone. families need immediate help.,Cyclone
extreme weather conditions has affected our house.,Cyclone
powerful tremors has caused severe damage to our village.,Earthquake
people are suffering from heatstroke. ambulance is required.,Heatwave
the hillside has been damaged.,Landslide
transport has stopped. please help immediately.,Landslide
we need food. please send a rescue boat.,Flood
mountain erosion. our locality has collapsed.,Landslide
the road is damaged. ambulance is needed.,Earthquake
continuous tremors. the road has developed cracks.,Earthquake
loose soil has caused a major landslide.,Landslide
the nearby village is burning rapidly. medical assistance is needed.,Forest Fire
our colony cannot be reached and people need rescue.,Flood
lightning during heavy rain. please send firefighters.,Lightning
people are collapsing. urgent help is needed.,Heatwave
our house is surrounded by rising water.,Flood
the market is surrounded by rising water.,Flood
people are evacuating. medical assistance is needed.,Forest Fire
the nearby village is unsafe.,Forest Fire
the bridge is shaking. please send rescue teams.,Earthquake
the school is experiencing severe heat. please send medical assistance.,Heatwave
elderly people need help. please provide drinking water.,Heatwave
cyclonic winds has caused widespread destruction.,Cyclone
a severe coastal storm. roads are blocked.,Cyclone
people are suffering from heatstroke. please send medical assistance.,Heatwave
an electric pole is unsafe after the lightning strike.,Lightning
river overflow. our colony cannot be reached. please send an ambulance.,Flood
our house is filled with water and electricity is unavailable.,Flood
unstable hillside has caused a major landslide.,Landslide
loose soil has triggered a landslide near the bridge.,Landslide
the school is unsafe because of falling rocks.,Landslide
earthquake shock. urgent rescue is required.,Earthquake
our farm is flooded and people are stranded.,Flood
people cannot leave. urgent help is needed.,Landslide
heavy rainfall has caused the bridge to become flooded.,Flood
our apartment is no longer safe after the earthquake.,Earthquake
an electric pole cannot be accessed.,Lightning
a powerful lightning strike. urgent help is needed.,Lightning
heavy rainfall has caused a major landslide.,Landslide
heavy snowfall has affected the mountain pass.,Avalanche
the hill station is unsafe.,Avalanche
a lightning strike. emergency help is needed.,Lightning
the mountain pass is trapped under snow. medical assistance is needed.,Avalanche
the school is unsafe because of extreme heat.,Heatwave
burning vegetation. the highway is surrounded by fire.,Forest Fire
unstable hillside. people are stranded.,Landslide
our building is no longer safe after the earthquake.,Earthquake
the nearby village has poor visibility. please send emergency teams.,Forest Fire
vehicles are trapped. please send medical assistance.,Landslide
continuous tremors. the road is damaged. people are trapped.,Earthquake
high temperature. please send emergency teams.,Forest Fire
vehicles are stuck. send emergency teams.,Avalanche
extreme heat. the highway is facing extreme temperatures. people are suffering from heatstroke.,Heatwave
the forest is filled with flames.,Forest Fire
our locality has been damaged. medical assistance is required.,Lightning
strong winds. breathing has become difficult.,Forest Fire
the construction site is experiencing severe heat.,Heatwave
very strong winds. the hospital has been badly damaged. electricity has been cut off.,Cyclone
water released from the dam. our farm is flooded. medical help is required.,Flood
our locality is filled with flames. please send firefighters.,Forest Fire
electrical discharge has affected the hospital.,Lightning
an avalanche has affected our village.,Avalanche
we need food. urgent rescue is needed.,Flood
scorching weather. the farm is facing extreme temperatures.,Heatwave
the forest trail cannot be reached. send emergency teams.,Avalanche
strong earthquake. roads are blocked.,Earthquake
an avalanche. the nearby valley cannot be reached. people are trapped.,Avalanche
the farm cannot be accessed. please help immediately.,Lightning
the road has become unsafe because of floodwater.,Flood
earthquake shock has affected the road.,Earthquake
a snow slide. the hill station is unsafe. vehicles are stuck.,Avalanche
the highway is surrounded by rising water.,Flood
a lightning strike. the school has lost electricity. emergency help is needed.,Lightning
water released from the dam. people need rescue.,Flood
the highway has no drinking water. medical teams are needed.,Heatwave
the mountain road has been damaged. please send rescue teams.,Landslide
mountain erosion. our village cannot be reached.,Landslide
intense thunder has affected the highway.,Lightning
high temperature. the mountain forest is unsafe.,Forest Fire
a lightning strike has caused severe damage.,Lightning
intense sunlight. our workplace is experiencing severe heat. elderly people need help.,Heatwave
heatwave conditions has affected the farm.,Heatwave
very high temperature is causing health problems.,Heatwave
a violent storm. please restore electricity.,Cyclone
our house is inaccessible.,Cyclone
stormy weather has caused severe damage.,Lightning
the bridge has been damaged. urgent help is needed.,Landslide
a wildfire. the nearby town has been evacuated.,Forest Fire
blocked drainage has caused our farm to become flooded.,Flood
our village is unsafe during the afternoon. urgent help is needed.,Heatwave
rescue teams are needed. emergency rescue is required.,Landslide
extreme heat. ambulance is required.,Heatwave
our village is unsafe.,Avalanche
ground shaking. the road is damaged. buildings are collapsing.,Earthquake
dam overflow. my family is trapped.,Flood
extreme weather conditions. communication is unavailable.,Cyclone
extreme heat. the construction site is facing extreme temperatures. elderly people need help.,Heatwave
the hillside is blocked by rocks.,Landslide
cyclonic winds. families need immediate help.,Cyclone
powerful tremors has affected our apartment.,Earthquake
heavy rainfall. the forest road has collapsed.,Landslide
burning vegetation has affected the national park.,Forest Fire
continuous tremors has affected our village.,Earthquake
a snow slide. the nearby valley has been buried.,Avalanche
a severe thunderstorm. the farm cannot be accessed.,Lightning
loose soil has caused a major landslide.,Landslide
cyclonic winds. the market has been badly damaged.,Cyclone
the nearby town is unsafe. please control the fire.,Forest Fire
ice collapse. families are stranded.,Avalanche
a powerful cyclone has affected the coastal area.,Cyclone
communication has stopped. please send an ambulance.,Lightning
our house has been damaged.,Landslide
ground shaking. buildings are collapsing.,Earthquake
our locality has been damaged. please send an ambulance.,Lightning
intense thunder has caused severe damage.,Lightning
violent shaking has caused severe damage to our apartment.,Earthquake
the school has partially collapsed. please send rescue teams.,Earthquake
extreme heat has affected the forest.,Forest Fire
continuous tremors has affected the office.,Earthquake
a severe thunderstorm. the hospital is surrounded by fallen trees.,Lightning
our apartment is no longer safe after the earthquake.,Earthquake
soil erosion. transport has stopped.,Landslide
animals are trapped. help is needed immediately.,Forest Fire
water released from the dam. the bridge is underwater. medical help is required.,Flood
a forest fire. animals are trapped.,Forest Fire
continuous hot weather. our locality is experiencing severe heat. drinking water is unavailable.,Heatwave
rockfall has caused a major landslide.,Landslide
our village is unsafe because of strong winds.,Cyclone
our village has no electricity. medical assistance is needed.,Cyclone
continuous hot weather. the school is difficult to work in.,Heatwave
roads are blocked. please help immediately.,Avalanche
a severe coastal storm has caused widespread destruction.,Cyclone
sudden earthquake. the hospital has partially collapsed.,Earthquake
the school is unsafe because of extreme heat.,Heatwave
our house is surrounded by rising water.,Flood
our farm is surrounded by rising water.,Flood
our colony cannot be reached and we need food.,Flood
the hospital has partially collapsed.,Earthquake
a spreading fire. the national park is unsafe. breathing has become difficult.,Forest Fire
continuous hot weather. medical teams are needed.,Heatwave
monsoon rain. our farm is filled with water. please send a rescue boat.,Flood
extreme weather conditions. our locality is covered with debris.,Cyclone
mountain snow movement. our village is blocked by snow. medical help is needed.,Avalanche
rockfall has triggered a landslide near the school.,Landslide
the mountain forest is covered with smoke. urgent evacuation is required.,Forest Fire
heavy rainfall has caused flooding in the road.,Flood
an intense storm. the school has been flooded.,Cyclone
snow accumulation has blocked the entire route.,Avalanche
ice collapse. the mountain pass cannot be reached. people are trapped.,Avalanche
ice collapse. people are trapped.,Avalanche
ground shaking. families are stranded.,Earthquake
continuous rain. rescue teams are needed.,Landslide
seismic activity. please send NDRF.,Earthquake
sudden earthquake has affected the school.,Earthquake
ice collapse. urgent rescue is required.,Avalanche
elderly people need help. medical teams are needed.,Heatwave
the highway has been badly damaged.,Cyclone
dam overflow. the hospital has been washed away. please send help immediately.,Flood
sudden earthquake has caused severe damage to the office.,Earthquake
the market is surrounded by rising water.,Flood
a lightning strike. medical assistance is required.,Lightning
unstable snow. please help immediately.,Avalanche
very high temperature is causing health problems.,Heatwave
high temperature. please send firefighters.,Forest Fire
electricity has been cut off. urgent rescue is required.,Cyclone
the national park is filled with flames.,Forest Fire
a wildfire. the hills is burning rapidly.,Forest Fire
a lightning strike. urgent help is needed.,Lightning
loose soil has triggered a landslide near the hillside.,Landslide
the construction site is unsafe because of extreme heat.,Heatwave
the highway is surrounded by rising water.,Flood
vehicles are trapped. urgent help is needed.,Landslide
mountain snow movement has affected the trekking route.,Avalanche
mountain erosion. vehicles are trapped.,Landslide
an electric pole is unsafe after the lightning strike.,Lightning
continuous snowfall. the mountain road is unsafe. roads are blocked.,Avalanche
families are stranded. please help immediately.,Avalanche
the coastal area is unsafe because of strong winds.,Cyclone
record high temperature. our city has no drinking water.,Heatwave
very strong winds has caused widespread destruction.,Cyclone
people cannot leave. urgent help is needed.,Landslide
stormy weather. urgent help is needed.,Lightning
mountain snow movement. the hill station is unsafe. medical help is needed.,Avalanche
our locality is unsafe. medical assistance is needed.,Forest Fire
monsoon rain has caused our colony to become flooded.,Flood
clouds burst with intense rain. the market is filled with water. medical help is required.,Flood
communication is unavailable. please restore electricity.,Cyclone
extreme heat. the forest is surrounded by fire. houses are at risk.,Forest Fire
mountain snow movement. tourists need rescue.,Avalanche
unstable hillside has caused a major landslide.,Landslide
extreme heat is causing health problems.,Heatwave
very strong winds has affected the nearby town.,Cyclone
continuous snowfall. the hill station is blocked by snow.,Avalanche
heavy snowfall. people are trapped.,Avalanche
heavy rainfall. people cannot leave.,Landslide
people are evacuating. please send firefighters.,Forest Fire
our village has collapsed. please help immediately.,Landslide
mountain snow movement has affected our village.,Avalanche
the highway is unsafe because of heavy smoke.,Forest Fire
high temperature. the highway is unsafe. fire is spreading quickly.,Forest Fire
snow accumulation has blocked the entire route.,Avalanche
the road has become unsafe because of floodwater.,Flood
clouds burst with intense rain has caused the school to become flooded.,Flood
the hospital is filled with water and electricity is unavailable.,Flood
continuous rain has caused a major landslide.,Landslide
ground shaking. we need medical help.,Earthquake
our village is unsafe. urgent rescue is required.,Earthquake
continuous tremors has caused severe damage to the office.,Earthquake
unstable snow. our village is blocked by snow. roads are blocked.,Avalanche
high temperature has affected the hills.,Forest Fire
ice collapse has blocked the entire route.,Avalanche
extreme heat has affected the highway.,Heatwave
emergency help is needed. emergency rescue is required.,Lightning
the forest road cannot be reached.,Landslide
a snow slide has affected the nearby valley.,Avalanche
our farm is submerged.,Flood
the bridge is underwater.,Flood
rockfall. our locality is buried under debris.,Landslide
elderly people need help. please send medical assistance.,Heatwave
an electric pole is unsafe after the lightning strike.,Lightning
our locality is unsafe because of strong winds.,Cyclone
blocked drainage. our farm is surrounded by water. please send NDRF.,Flood
seismic activity. ambulance is needed.,Earthquake
the mountain pass is unsafe because of heavy snowfall.,Avalanche
our village is unsafe. emergency rescue is required.,Lightning
communication is unavailable. please restore electricity.,Cyclone
powerful tremors. we need medical help.,Earthquake
extreme heat. the nearby town is surrounded by fire. breathing has become difficult.,Forest Fire
loose soil. people cannot leave.,Landslide
our farm is submerged.,Flood
the forest road is buried under debris. please help immediately.,Landslide
extreme heat has affected the nearby village.,Forest Fire
our apartment is damaged. please send NDRF.,Earthquake
medical help is needed. evacuation is required.,Avalanche
the school has no drinking water. please send medical assistance.,Heatwave
our shelter has been buried. please help immediately.,Avalanche
continuous rainfall has resulted in severe flooding.,Flood
electrical discharge has affected the school.,Lightning
a severe coastal storm has caused widespread destruction.,Cyclone
high temperature. medical assistance is needed.,Forest Fire
a forest fire is spreading rapidly.,Forest Fire
strong winds. help is needed immediately.,Forest Fire
heavy rainfall. the highway has been washed away. please send NDRF.,Flood
extreme heat. our workplace has become extremely hot.,Heatwave
the road cannot be reached and we need food.,Flood
prolonged heat. our workplace is facing extreme temperatures. medical help is needed.,Heatwave
the road is unsafe. medical assistance is needed.,Earthquake
a severe thunderstorm has affected our village.,Lightning
heavy rainfall has caused a major landslide.,Landslide
blocked drainage has caused our house to become flooded.,Flood
seismic activity has caused severe damage to the market.,Earthquake
snow accumulation. urgent rescue is required.,Avalanche
the school is buried under debris.,Landslide
rockfall. our locality is covered with mud. people cannot leave.,Landslide
an avalanche. the hill station is blocked by snow. medical help is needed.,Avalanche
scorching weather. drinking water is unavailable.,Heatwave
a powerful lightning strike. the farm cannot be accessed.,Lightning
electrical discharge has caused severe damage.,Lightning
a lightning strike. fire has started.,Lightning
intense sunlight has affected the highway.,Heatwave
burning vegetation. please control the fire.,Forest Fire
the hospital cannot be reached and people need rescue.,Flood
a powerful lightning strike. emergency rescue is required.,Lightning
a snow slide has affected the mountain road.,Avalanche
a tropical cyclone. please restore electricity.,Cyclone
a lightning strike has caused severe damage.,Lightning
stormy weather. the nearby forest has caught fire. people need medical help.,Lightning
electrical discharge has affected the highway.,Lightning
extreme heat. the nearby village has been evacuated. fire is spreading quickly.,Forest Fire
elderly people need help. please help immediately.,Heatwave
breathing has become difficult. please send firefighters.,Forest Fire
mountain erosion has caused a major landslide.,Landslide
snow accumulation has affected the trekking route.,Avalanche
the road has partially collapsed.,Earthquake
clouds burst with intense rain has caused flooding in the market.,Flood
strong earthquake. please send NDRF.,Earthquake
the highway is buried under debris. please send rescue teams.,Landslide
heavy rainfall. please send rescue teams.,Landslide
the highway is surrounded by fallen trees. please send emergency teams.,Cyclone
the school is inaccessible. please send relief materials.,Cyclone
tourists need rescue. please help immediately.,Avalanche
extreme weather conditions has affected the fishing harbor.,Cyclone
we need medical help. medical assistance is needed.,Earthquake
continuous hot weather. our village has no drinking water.,Heatwave
electricity has been cut off. please help immediately.,Cyclone
a powerful cyclone has affected the coastal area.,Cyclone
electrical discharge. people are scared.,Lightning
people are trapped. please send rescue teams.,Earthquake
strong winds. the mountain forest is surrounded by fire. people are evacuating.,Forest Fire
a wildfire is spreading rapidly.,Forest Fire
people need medical help. please send an ambulance.,Lightning
our apartment is no longer safe after the earthquake.,Earthquake
the farmland is burning rapidly.,Forest Fire
the highway is difficult to work in. please send medical assistance.,Heatwave
the highway has been evacuated.,Forest Fire
very high temperature. urgent help is needed.,Heatwave
rockfall has triggered a landslide near the hillside.,Landslide
strong winds has affected the farmland.,Forest Fire
the road is shaking. please send rescue teams.,Earthquake
the mountain pass cannot be reached. please send mountain rescue.,Avalanche
the construction site is difficult to work in. please provide drinking water.,Heatwave
continuous lightning. people are scared.,Lightning
continuous hot weather. our workplace is facing extreme temperatures. people are fainting.,Heatwave
continuous snowfall. our camp is unsafe.,Avalanche
a severe thunderstorm. please send an ambulance.,Lightning
heavy rainfall. ambulance cannot reach.,Flood
our city has become unbearable.,Heatwave
hill slope failure. the bridge is blocked by rocks. people are stranded.,Landslide
the mountain road is unsafe because of falling rocks.,Landslide
a violent storm. please restore electricity.,Cyclone
soil erosion. the mountain road is blocked by rocks.,Landslide
very strong winds. trees have fallen everywhere.,Cyclone
the school is inaccessible. please restore electricity.,Cyclone
ice collapse. tourists need rescue.,Avalanche
our village is shaking. please send rescue teams.,Earthquake
the highway has suffered a power outage. urgent help is needed.,Lightning
the forest road is completely blocked. emergency rescue is required.,Landslide
high temperature has affected the hills.,Forest Fire
our building has severe structural damage.,Earthquake
our building has partially collapsed.,Earthquake
high temperature. the hills has poor visibility.,Forest Fire
a tropical cyclone. houses are damaged.,Cyclone
a violent storm has affected our locality.,Cyclone
hill slope failure. the forest road is covered with mud. vehicles are trapped.,Landslide
the highway is unsafe because of strong winds.,Cyclone
heatwave conditions. the market has become extremely hot.,Heatwave
extreme weather conditions has affected the coastal area.,Cyclone
heavy snowfall. tourists need rescue.,Avalanche
a powerful cyclone. the fishing harbor is inaccessible. electricity has been cut off.,Cyclone
the nearby forest has lost electricity. medical assistance is required.,Lightning
loose soil. emergency rescue is required.,Landslide
the hills has been evacuated.,Forest Fire
transport has stopped. urgent help is needed.,Landslide
mountain snow movement. vehicles are stuck.,Avalanche
people are fainting. please help immediately.,Heatwave
a powerful lightning strike has affected an electric pole.,Lightning
the school is unsafe because of extreme heat.,Heatwave
our building is no longer safe after the earthquake.,Earthquake
our locality is blocked by rocks.,Landslide
our house has caught fire. please help immediately.,Lightning
record high temperature. ambulance is required.,Heatwave
mountain erosion. the hillside has collapsed.,Landslide
very strong winds. our locality has been flooded.,Cyclone
the highway is unsafe because of strong winds.,Cyclone
ground shaking has caused severe damage to the road.,Earthquake
continuous lightning has affected an electric pole.,Lightning
our village is unsafe because of falling rocks.,Landslide
a spreading fire. urgent evacuation is required.,Forest Fire
animals are trapped. please send emergency teams.,Forest Fire
the hospital is flooded and ambulance cannot reach.,Flood
the mountain road is buried under debris. road clearance is required.,Landslide
river overflow. people are stranded.,Flood
the school is submerged and ambulance cannot reach.,Flood
violent shaking has affected the market.,Earthquake
the highway is unsafe because of extreme heat.,Heatwave
the school is covered with debris. please send emergency teams.,Cyclone
electrical discharge. our locality is unsafe. people need medical help.,Lightning
burning vegetation. please send firefighters.,Forest Fire
our locality is inaccessible.,Cyclone
the forest is covered with smoke.,Forest Fire
a severe coastal storm. electricity has been cut off.,Cyclone
hill slope failure. the hillside has been damaged.,Landslide
water released from the dam has caused the bridge to become flooded.,Flood
our village is no longer safe after the earthquake.,Earthquake
buildings are collapsing. please send rescue teams.,Earthquake
the nearby town is unsafe because of heavy smoke.,Forest Fire
continuous tremors has caused severe damage to our village.,Earthquake
many people are injured. ambulance is needed.,Earthquake
people are fainting. please help immediately.,Heatwave
mountain snow movement. roads are blocked.,Avalanche
unstable snow. medical assistance is needed.,Avalanche
the mountain forest has been evacuated. please send firefighters.,Forest Fire
strong earthquake. urgent rescue is required.,Earthquake
blocked drainage. our house is flooded. urgent rescue is needed.,Flood
a severe coastal storm has affected the hospital.,Cyclone
ice collapse. roads are blocked.,Avalanche
people are panicking. please send rescue teams.,Earthquake
a severe coastal storm has affected the fishing harbor.,Cyclone
lightning during heavy rain. the market is unsafe.,Lightning
the nearby forest has lost electricity.,Lightning
the nearby forest is unsafe after the lightning strike.,Lightning
the market is surrounded by rising water.,Flood
blocked drainage has resulted in severe flooding.,Flood
a lightning strike. please send firefighters.,Lightning
our locality is unsafe because of extreme heat.,Heatwave
the office is unsafe. ambulance is needed.,Earthquake
our village is unsafe because of extreme heat.,Heatwave
heatwave conditions has affected our locality.,Heatwave
the highway is completely blocked. please send rescue teams.,Landslide
the mountain forest is filled with flames.,Forest Fire
dam overflow has caused our farm to become flooded.,Flood
the highway is unsafe because of extreme heat.,Heatwave
a powerful lightning strike. please send firefighters.,Lightning
continuous snowfall has blocked the entire route.,Avalanche
our building has severe structural damage. please help immediately.,Earthquake
heavy snowfall. the mountain road is blocked by snow.,Avalanche
unstable snow has affected the highway.,Avalanche
unstable hillside. the hillside has been damaged.,Landslide
strong earthquake. our village is unsafe.,Earthquake
a wildfire. the nearby town is surrounded by fire.,Forest Fire
our house has no electricity. urgent rescue is required.,Cyclone
our village has become inaccessible. urgent rescue is required.,Avalanche
the mountain pass has been buried.,Avalanche
heavy snowfall has affected our village.,Avalanche
a severe thunderstorm has affected the market.,Lightning
blocked drainage. the road is surrounded by water. please send a rescue boat.,Flood
continuous snowfall. people cannot move.,Avalanche
the market is inaccessible.,Cyclone
my family is trapped. please send an ambulance.,Flood
a severe coastal storm. the school is surrounded by fallen trees.,Cyclone
people are scared. emergency rescue is required.,Lightning
the nearby town is unsafe during the afternoon. ambulance is required.,Heatwave
our locality has lost its roof. please send relief materials.,Cyclone
the farm is unsafe because of extreme heat.,Heatwave
our house is unsafe because of falling rocks.,Landslide
communication has stopped. please send an ambulance.,Lightning
our camp is unsafe because of heavy snowfall.,Avalanche
extreme heat has affected the mountain forest.,Forest Fire
houses are at risk. medical assistance is needed.,Forest Fire
a forest fire is spreading rapidly.,Forest Fire
ice collapse. the mountain pass is trapped under snow.,Avalanche
elderly people need help. ambulance is required.,Heatwave
blocked drainage has resulted in severe flooding.,Flood
intense sunlight is causing health problems.,Heatwave
stormy weather. people are scared.,Lightning
heavy rainfall has triggered a landslide near our locality.,Landslide
our locality is buried under debris. please send rescue teams.,Landslide
the office is unsafe.,Earthquake
record high temperature is causing health problems.,Heatwave
a powerful cyclone. people are stranded.,Cyclone
our apartment has severe structural damage. please send rescue teams.,Earthquake
electricity has been cut off. please restore electricity.,Cyclone
our farm is underwater and electricity is unavailable.,Flood
soil erosion has caused a major landslide.,Landslide
powerful tremors has caused severe damage to our apartment.,Earthquake
the valley is blocked by rocks.,Landslide
electricity has been cut off. please restore electricity.,Cyclone
an avalanche. our village cannot be reached.,Avalanche
rockfall. please send medical assistance.,Landslide
stormy weather has caused severe damage.,Lightning
dry weather. houses are at risk.,Forest Fire
the farm is unsafe because of extreme heat.,Heatwave
the school is surrounded by rising water.,Flood
a snow slide. people cannot move.,Avalanche
our locality is surrounded by fallen trees.,Lightning
our city is experiencing severe heat.,Heatwave
our shelter is covered with snow.,Avalanche
cyclonic winds. the highway has been badly damaged. communication is unavailable.,Cyclone
a powerful cyclone. please restore electricity.,Cyclone
an intense storm has caused widespread destruction.,Cyclone
the coastal area is unsafe because of strong winds.,Cyclone
a powerful cyclone. our village has no electricity.,Cyclone
our workplace has no drinking water.,Heatwave
the school is buried under debris.,Landslide
unstable hillside has triggered a landslide near the valley.,Landslide
unstable hillside. the forest road is blocked by rocks. people cannot leave.,Landslide
intense thunder. urgent help is needed.,Lightning
trees have fallen everywhere. please help immediately.,Cyclone
an avalanche. the trekking route is covered with snow. roads are blocked.,Avalanche
mountain erosion. emergency rescue is required.,Landslide
continuous hot weather. our city is unsafe during the afternoon. people are suffering from heatstroke.,Heatwave
families need rescue. road clearance is required.,Landslide
vehicles are stuck. please send mountain rescue.,Avalanche
continuous tremors. please send rescue teams.,Earthquake
stormy weather. electricity is unavailable.,Lightning
the highway has lost electricity. please send an ambulance.,Lightning
the national park has poor visibility.,Forest Fire
very strong winds. people are stranded.,Cyclone
the hospital is unsafe because of strong winds.,Cyclone
heavy snowfall. people are trapped.,Avalanche
many people are dehydrated. please provide drinking water.,Heatwave
hill slope failure. transport has stopped.,Landslide
a violent storm. urgent rescue is required.,Cyclone
a snow slide. please send mountain rescue.,Avalanche
families are stranded. please send rescue teams.,Earthquake
sudden earthquake has affected the school.,Earthquake
strong earthquake. the market has partially collapsed.,Earthquake
continuous rain has caused a major landslide.,Landslide
vehicles are stuck. medical assistance is needed.,Avalanche
the valley is unsafe because of falling rocks.,Landslide
the hospital is surrounded by fallen trees.,Lightning
the bridge is unsafe because of falling rocks.,Landslide
the nearby forest is unsafe after the lightning strike.,Lightning
a severe thunderstorm. communication has stopped.,Lightning
the farm is facing extreme temperatures. urgent help is needed.,Heatwave
blocked drainage. people are stranded.,Flood
very high temperature. the highway has no drinking water. drinking water is unavailable.,Heatwave
the nearby forest is unsafe.,Lightning
hill slope failure has triggered a landslide near the forest road.,Landslide
our locality is inaccessible. please help immediately.,Cyclone
very high temperature. the farm is unsafe during the afternoon. elderly people need help.,Heatwave
hill slope failure. the valley has been damaged.,Landslide
the highway is unsafe after the lightning strike.,Lightning
our house has partially collapsed.,Earthquake
stormy weather. the school is unsafe. electricity is unavailable.,Lightning
continuous tremors has affected our village.,Earthquake
people are stranded. please send medical assistance.,Landslide
soil erosion. the hillside is buried under debris. families need rescue.,Landslide
a snow slide. please send mountain rescue.,Avalanche
continuous snowfall. medical help is needed.,Avalanche
fire has started. urgent help is needed.,Lightning
powerful tremors. please help immediately.,Earthquake
an avalanche. the forest trail has become inaccessible. roads are blocked.,Avalanche
continuous lightning. the farm is unsafe.,Lightning
electrical discharge. our house has caught fire.,Lightning
extreme heat. urgent help is needed.,Heatwave
our house has collapsed.,Earthquake
violent shaking. our building is shaking.,Earthquake
the hospital is unsafe because of strong winds.,Cyclone
the school has become extremely hot. ambulance is required.,Heatwave
burning vegetation. the forest is covered with smoke. people need immediate help.,Forest Fire
the nearby town has been badly damaged.,Cyclone
our village cannot be reached.,Flood
burning vegetation. breathing has become difficult.,Forest Fire
sudden earthquake has caused severe damage to the road.,Earthquake
intense thunder has affected the nearby forest.,Lightning
the forest trail has become inaccessible. evacuation is required.,Avalanche
the coastal area is covered with debris. please help immediately.,Cyclone
the nearby valley is unsafe because of heavy snowfall.,Avalanche
the road is no longer safe after the earthquake.,Earthquake
rockfall. the mountain road cannot be reached. people are stranded.,Landslide
seismic activity. buildings are collapsing.,Earthquake
strong earthquake. the market is shaking. we need medical help.,Earthquake
a powerful cyclone. our village has no electricity.,Cyclone
the farm is difficult to work in. please provide drinking water.,Heatwave
powerful tremors has affected our building.,Earthquake
our house is inaccessible. please send emergency teams.,Cyclone
ice collapse has blocked the entire route.,Avalanche
our village is underwater.,Flood
our village is shaking. please help immediately.,Earthquake
many people are dehydrated. please provide drinking water.,Heatwave
a forest fire. the highway is filled with flames. people need immediate help.,Forest Fire
people are panicking. please help immediately.,Earthquake
prolonged heat is causing health problems.,Heatwave
our village is unsafe because of extreme heat.,Heatwave
continuous lightning. the highway has suffered a power outage. emergency help is needed.,Lightning
continuous snowfall. our village has become inaccessible. people cannot move.,Avalanche
continuous tremors. the bridge has collapsed.,Earthquake
continuous snowfall. the highway is covered with snow. roads are blocked.,Avalanche
unstable hillside has triggered a landslide near our house.,Landslide
continuous hot weather has affected the school.,Heatwave
dam overflow. the school has been washed away. please send NDRF.,Flood
the nearby forest has caught fire. please help immediately.,Lightning
our shelter is trapped under snow.,Avalanche
an avalanche. please help immediately.,Avalanche
a severe coastal storm. our locality has been flooded.,Cyclone
extreme heat. our locality is burning rapidly.,Forest Fire
record high temperature. the nearby town is experiencing severe heat. drinking water is unavailable.,Heatwave
breathing has become difficult. medical assistance is needed.,Forest Fire
the hospital is surrounded by fallen trees. emergency rescue is required.,Lightning
soil erosion has caused a major landslide.,Landslide
our house has collapsed.,Earthquake
heavy rainfall has caused a major landslide.,Landslide
our apartment has partially collapsed. please send rescue teams.,Earthquake
ground shaking. we need medical help.,Earthquake
the road has developed cracks. please send NDRF.,Earthquake
mountain snow movement has blocked the entire route.,Avalanche
a forest fire. the highway has been evacuated. people need immediate help.,Forest Fire
our workplace is difficult to work in.,Heatwave
a lightning strike has caused severe damage.,Lightning
hill slope failure. vehicles are trapped.,Landslide
the hillside has collapsed.,Landslide
the valley is unsafe because of falling rocks.,Landslide
dam overflow. our village is filled with water. please send a rescue boat.,Flood
the hospital is unsafe after the lightning strike.,Lightning
scorching weather. urgent help is needed.,Heatwave
mountain snow movement has blocked the entire route.,Avalanche
the forest trail is unsafe because of heavy snowfall.,Avalanche
a severe coastal storm. the highway has lost its roof. communication is unavailable.,Cyclone
heavy rainfall has resulted in severe flooding.,Flood
the highway is unsafe after the lightning strike.,Lightning
sudden earthquake has affected the school.,Earthquake
powerful tremors. people are trapped.,Earthquake
very high temperature. drinking water is unavailable.,Heatwave
powerful tremors has affected our village.,Earthquake
the valley has collapsed.,Landslide
extreme weather conditions. the highway is inaccessible.,Cyclone
a forest fire is spreading rapidly.,Forest Fire
the highway has become inaccessible. urgent rescue is required.,Avalanche
the market has developed cracks.,Earthquake
hill slope failure has triggered a landslide near our house.,Landslide
stormy weather. our village has caught fire. people need medical help.,Lightning
a forest fire. the mountain forest has been evacuated. people are evacuating.,Forest Fire
the forest has been evacuated. please control the fire.,Forest Fire
hill slope failure. our house has been damaged. people cannot leave.,Landslide
heavy snowfall. the trekking route has become inaccessible. families are stranded.,Avalanche
monsoon rain has caused the bridge to become flooded.,Flood
strong earthquake has caused severe damage to the road.,Earthquake
very high temperature is causing health problems.,Heatwave
earthquake shock. our building is unsafe.,Earthquake
a snow slide has affected the nearby valley.,Avalanche
an electric pole is surrounded by fallen trees.,Lightning
record high temperature is causing health problems.,Heatwave
a severe thunderstorm has caused severe damage.,Lightning
the market is shaking.,Earthquake
ice collapse. send emergency teams.,Avalanche
ice collapse. the highway is unsafe.,Avalanche
the nearby town is unsafe because of heavy smoke.,Forest Fire
the school has become unsafe because of floodwater.,Flood
a powerful cyclone has caused widespread destruction.,Cyclone
people need rescue. please send a rescue boat.,Flood
electricity is unavailable. urgent rescue is needed.,Flood
the national park is unsafe. please send emergency teams.,Forest Fire
mountain erosion. road clearance is required.,Landslide
the hill station is covered with snow.,Avalanche
the hospital is unsafe because of strong winds.,Cyclone
heatwave conditions is causing health problems.,Heatwave
extreme weather conditions. the highway is surrounded by fallen trees. trees have fallen everywhere.,Cyclone
water released from the dam has resulted in severe flooding.,Flood
a severe coastal storm. the nearby town has no electricity.,Cyclone
unstable snow has affected our shelter.,Avalanche
the school is no longer safe after the earthquake.,Earthquake
the market has become unsafe because of floodwater.,Flood
burning vegetation. the hills is filled with flames.,Forest Fire
monsoon rain. people need rescue.,Flood
our city is unsafe because of extreme heat.,Heatwave
roads are blocked. please send a rescue boat.,Flood
a forest fire. the wildlife sanctuary is surrounded by fire. fire is spreading quickly.,Forest Fire
people are stranded. road clearance is required.,Landslide
river overflow has caused flooding in our house.,Flood
electrical discharge. please send firefighters.,Lightning
continuous snowfall has blocked the entire route.,Avalanche
heavy snowfall has affected our village.,Avalanche
our village is surrounded by fallen trees. urgent help is needed.,Lightning
our house has become unsafe because of floodwater.,Flood
the highway has collapsed. please send rescue teams.,Landslide
people are trapped. please send NDRF.,Earthquake
an intense storm has affected the hospital.,Cyclone
mountain snow movement. people are trapped.,Avalanche
monsoon rain. the road is underwater. urgent rescue is needed.,Flood
mountain erosion has triggered a landslide near the bridge.,Landslide
buildings are collapsing. urgent rescue is required.,Earthquake
water released from the dam has caused our colony to become flooded.,Flood
soil erosion. people are stranded.,Landslide
the farm is difficult to work in.,Heatwave
monsoon rain has caused flooding in the highway.,Flood
a powerful cyclone has affected the highway.,Cyclone
medical help is needed. send emergency teams.,Avalanche
record high temperature. people are suffering from heatstroke.,Heatwave
houses are at risk. please send firefighters.,Forest Fire
our locality is unsafe because of falling rocks.,Landslide
our village has become unsafe because of floodwater.,Flood
the bridge is surrounded by water.,Flood
the highway has been damaged. urgent help is needed.,Landslide
continuous hot weather. please help immediately.,Heatwave
the nearby village has been evacuated.,Forest Fire
violent shaking. our building is shaking. many people are injured.,Earthquake
a severe thunderstorm. emergency help is needed.,Lightning
the road is no longer safe after the earthquake.,Earthquake
lightning during heavy rain. people need medical help.,Lightning
the school is unsafe because of extreme heat.,Heatwave
violent shaking. the school has severe structural damage.,Earthquake
a spreading fire. the wildlife sanctuary has been evacuated. animals are trapped.,Forest Fire
strong winds. the nearby village is surrounded by fire. people need immediate help.,Forest Fire
continuous lightning. an electric pole is unsafe.,Lightning
trees have fallen everywhere. medical assistance is needed.,Cyclone
our village is unsafe because of heavy snowfall.,Avalanche
soil erosion. our locality has collapsed.,Landslide
the highway is experiencing severe heat. ambulance is required.,Heatwave
the hospital is damaged. urgent rescue is required.,Earthquake
the mountain pass is unsafe because of heavy snowfall.,Avalanche
people are evacuating. help is needed immediately.,Forest Fire
continuous hot weather has affected the highway.,Heatwave
powerful tremors. we need medical help.,Earthquake
powerful tremors. our village is unsafe.,Earthquake
unstable snow. please send mountain rescue.,Avalanche
houses are at risk. please send emergency teams.,Forest Fire
our house is unsafe because of strong winds.,Cyclone
lightning during heavy rain. please send an ambulance.,Lightning
intense sunlight. medical help is needed.,Heatwave
electrical discharge. people need medical help.,Lightning
a violent storm. electricity has been cut off.,Cyclone
high temperature. people need immediate help.,Forest Fire
the bridge is surrounded by rising water.,Flood
our locality is buried under debris. emergency rescue is required.,Landslide
continuous lightning. please send an ambulance.,Lightning
continuous lightning. a person has been injured.,Lightning
heatwave conditions. the highway has become unbearable. elderly people need help.,Heatwave
very strong winds. people are stranded.,Cyclone
the market has been washed away and roads are blocked.,Flood
burning vegetation. houses are at risk.,Forest Fire
extreme heat has affected the forest.,Forest Fire
unstable hillside. urgent help is needed.,Landslide
our apartment is no longer safe after the earthquake.,Earthquake
a powerful cyclone. please restore electricity.,Cyclone
continuous lightning. our house is unsafe. people are scared.,Lightning
mountain erosion. road clearance is required.,Landslide
a wildfire is spreading rapidly.,Forest Fire
the nearby forest has been damaged. please send an ambulance.,Lightning
our village has lost electricity. please help immediately.,Lightning
emergency help is needed. emergency rescue is required.,Lightning
water released from the dam has caused flooding in our house.,Flood
our house is no longer safe after the earthquake.,Earthquake
earthquake shock has affected the school.,Earthquake
dam overflow. ambulance cannot reach.,Flood
a powerful cyclone. the nearby town is surrounded by fallen trees. people are stranded.,Cyclone
blocked drainage. we need food.,Flood
rockfall. urgent help is needed.,Landslide
people need rescue. please send a rescue boat.,Flood
our camp is blocked by snow. please send mountain rescue.,Avalanche
the market has been badly damaged. medical assistance is needed.,Cyclone
sudden earthquake has caused severe damage to the hospital.,Earthquake
our shelter is unsafe because of heavy snowfall.,Avalanche
violent shaking. the bridge has developed cracks. many people are injured.,Earthquake
families are stranded. medical assistance is needed.,Avalanche
a violent storm. medical assistance is needed.,Cyclone
the highway has been washed away and people are stranded.,Flood
burning vegetation. please control the fire.,Forest Fire
the bridge is no longer safe after the earthquake.,Earthquake
the mountain road is unsafe because of heavy snowfall.,Avalanche
rockfall has triggered a landslide near the forest road.,Landslide
our house is no longer safe after the earthquake.,Earthquake
the highway is filled with water and electricity is unavailable.,Flood
our village has no drinking water. medical teams are needed.,Heatwave
sudden earthquake. our apartment has developed cracks. people are trapped.,Earthquake
families need immediate help. please send emergency teams.,Cyclone
a severe coastal storm. our village has lost its roof. houses are damaged.,Cyclone
continuous tremors. medical assistance is needed.,Earthquake
strong earthquake. the market is shaking.,Earthquake
the nearby town is burning rapidly.,Forest Fire
our village is inaccessible. urgent rescue is required.,Cyclone
a lightning strike. urgent help is needed.,Lightning
the farm is unsafe because of extreme heat.,Heatwave
a severe coastal storm. people are stranded.,Cyclone
the coastal area has been flooded.,Cyclone
snow accumulation has affected the forest trail.,Avalanche
a severe coastal storm has caused widespread destruction.,Cyclone
ice collapse has blocked the entire route.,Avalanche
the fishing harbor has been badly damaged. please send relief materials.,Cyclone
a wildfire. people need immediate help.,Forest Fire
mountain snow movement. the hill station cannot be reached. families are stranded.,Avalanche
the highway is underwater.,Flood
our village is shaking.,Earthquake
a severe coastal storm. please help immediately.,Cyclone
heavy rainfall has triggered a landslide near the hillside.,Landslide
sudden earthquake. medical assistance is needed.,Earthquake
extreme weather conditions. houses are damaged.,Cyclone
a lightning strike has caused severe damage.,Lightning
communication has stopped. emergency rescue is required.,Lightning
a tropical cyclone. our locality has no electricity. roads are blocked.,Cyclone
the farm has caught fire. emergency rescue is required.,Lightning
scorching weather. our village has no drinking water. people are collapsing.,Heatwave
our village is unsafe.,Avalanche
the mountain road is covered with mud.,Landslide
continuous rainfall. we need food.,Flood
extreme heat is causing health problems.,Heatwave
our city is difficult to work in. ambulance is required.,Heatwave
a powerful cyclone has caused widespread destruction.,Cyclone
the highway is unsafe because of heavy snowfall.,Avalanche
the coastal area has been flooded.,Cyclone
the highway is unsafe because of falling rocks.,Landslide
lightning during heavy rain has caused severe damage.,Lightning
a severe thunderstorm. communication has stopped.,Lightning
very high temperature. ambulance is required.,Heatwave
soil erosion. people cannot leave.,Landslide
the nearby town is unsafe because of extreme heat.,Heatwave
prolonged heat is causing health problems.,Heatwave
people are suffering from heatstroke. please provide drinking water.,Heatwave
sudden earthquake has affected the bridge.,Earthquake
extreme weather conditions has caused widespread destruction.,Cyclone
the road is no longer safe after the earthquake.,Earthquake
loose soil. roads are closed.,Landslide
earthquake shock. please send NDRF.,Earthquake
the trekking route has become inaccessible.,Avalanche
people are stranded. please help immediately.,Landslide
strong winds. our locality has been evacuated. animals are trapped.,Forest Fire
violent shaking. our house is damaged.,Earthquake
the trekking route is unsafe.,Avalanche
our locality is completely blocked. emergency rescue is required.,Landslide
the farm is unsafe because of extreme heat.,Heatwave
a spreading fire. the nearby village has been evacuated.,Forest Fire
seismic activity. we need medical help.,Earthquake
monsoon rain has caused our house to become flooded.,Flood
a snow slide has blocked the entire route.,Avalanche
tourists need rescue. evacuation is required.,Avalanche
the school has been damaged. please help immediately.,Lightning
our locality is unsafe.,Lightning
ambulance cannot reach. please send help immediately.,Flood
rockfall has caused a major landslide.,Landslide
families need immediate help. urgent rescue is required.,Cyclone
mountain snow movement. the trekking route cannot be reached. people cannot move.,Avalanche
the fishing harbor is covered with debris. please send emergency teams.,Cyclone
ground shaking. please send NDRF.,Earthquake
the mountain pass cannot be reached. please help immediately.,Avalanche
violent shaking. medical assistance is needed.,Earthquake
cyclonic winds. the coastal area has no electricity. people are stranded.,Cyclone
our city has no drinking water.,Heatwave
the school has lost electricity. urgent help is needed.,Lightning
prolonged heat. the farm is unsafe during the afternoon. people are suffering from heatstroke.,Heatwave
a tropical cyclone has caused widespread destruction.,Cyclone
scorching weather. the market is unsafe during the afternoon.,Heatwave
a powerful lightning strike. emergency rescue is required.,Lightning
very high temperature has affected the nearby town.,Heatwave
extreme weather conditions. the highway is surrounded by fallen trees.,Cyclone
unstable hillside has triggered a landslide near our house.,Landslide
hill slope failure. please send rescue teams.,Landslide
powerful tremors. our building is shaking.,Earthquake
extreme heat has affected the nearby village.,Forest Fire
burning vegetation. people are evacuating.,Forest Fire
continuous hot weather. the highway is facing extreme temperatures.,Heatwave
a forest fire. the wildlife sanctuary has been evacuated.,Forest Fire
people are scared. emergency rescue is required.,Lightning
a violent storm. trees have fallen everywhere.,Cyclone
strong winds. people are evacuating.,Forest Fire
roads are closed. please control the fire.,Forest Fire
medical help is needed. please send mountain rescue.,Avalanche
our house has been flooded.,Cyclone
our house is surrounded by rising water.,Flood
earthquake shock. ambulance is needed.,Earthquake
heavy rainfall has resulted in severe flooding.,Flood
strong winds. breathing has become difficult.,Forest Fire
the construction site is unsafe because of extreme heat.,Heatwave
many people are dehydrated. please send medical assistance.,Heatwave
unstable hillside. the highway is covered with mud.,Landslide
the trekking route is unsafe because of heavy snowfall.,Avalanche
a tropical cyclone. communication is unavailable.,Cyclone
violent shaking. our building has developed cracks. buildings are collapsing.,Earthquake
mountain erosion has caused a major landslide.,Landslide
continuous rainfall has caused flooding in the hospital.,Flood
seismic activity. ambulance is needed.,Earthquake
rockfall has caused a major landslide.,Landslide
water released from the dam has caused the school to become flooded.,Flood
families need immediate help. urgent rescue is required.,Cyclone
the school has lost electricity. urgent help is needed.,Lightning
seismic activity has affected the hospital.,Earthquake
an intense storm. the fishing harbor has no electricity. electricity has been cut off.,Cyclone
the fishing harbor is unsafe because of strong winds.,Cyclone
our locality is completely blocked. please send medical assistance.,Landslide
unstable hillside. people cannot leave.,Landslide
stormy weather has caused severe damage.,Lightning
the school is unsafe because of falling rocks.,Landslide
our shelter is unsafe because of heavy snowfall.,Avalanche
our locality has been evacuated. please send firefighters.,Forest Fire
heatwave conditions. our locality has become unbearable. people are suffering from heatstroke.,Heatwave
medical help is needed. evacuation is required.,Avalanche
our apartment is damaged. medical assistance is needed.,Earthquake
the highway has no electricity. please help immediately.,Cyclone
the nearby forest cannot be accessed. please send an ambulance.,Lightning
loose soil. rescue teams are needed.,Landslide
continuous tremors has caused severe damage to the road.,Earthquake
a snow slide. the mountain pass is covered with snow.,Avalanche
people need immediate help. urgent evacuation is required.,Forest Fire
the school is unsafe because of falling rocks.,Landslide
elderly people need help. urgent help is needed.,Heatwave
unstable snow has blocked the entire route.,Avalanche
an avalanche has blocked the entire route.,Avalanche
a severe coastal storm has affected the coastal area.,Cyclone
seismic activity. please help immediately.,Earthquake
a spreading fire is spreading rapidly.,Forest Fire
violent shaking. please help immediately.,Earthquake
heavy rainfall. urgent help is needed.,Landslide
high temperature has affected the nearby town.,Forest Fire
our building has collapsed.,Earthquake
electrical discharge. our village is unsafe. people are scared.,Lightning
our house is covered with mud. please send rescue teams.,Landslide
many people are dehydrated. please help immediately.,Heatwave
the construction site has become extremely hot.,Heatwave
people are trapped. medical assistance is needed.,Avalanche
roads are blocked. please help immediately.,Cyclone
the highway has suffered a power outage.,Lightning
a lightning strike. a person has been injured.,Lightning
hill slope failure. roads are closed.,Landslide
people are scared. please help immediately.,Lightning
electricity is unavailable. please send help immediately.,Flood
sudden earthquake has affected our apartment.,Earthquake
trees have fallen everywhere. urgent rescue is required.,Cyclone
our colony is surrounded by rising water.,Flood
violent shaking. our house is unsafe.,Earthquake
our house has been flooded.,Cyclone
powerful tremors has caused severe damage to the bridge.,Earthquake
hill slope failure. transport has stopped.,Landslide
the nearby valley is covered with snow. please send mountain rescue.,Avalanche
animals are trapped. medical assistance is needed.,Forest Fire
the school has caught fire.,Lightning
a severe coastal storm. please send emergency teams.,Cyclone
people are scared. urgent help is needed.,Lightning
the fishing harbor is inaccessible.,Cyclone
extreme heat. ambulance is required.,Heatwave
clouds burst with intense rain. the highway is filled with water. please send NDRF.,Flood
a spreading fire. the nearby village is covered with smoke.,Forest Fire
burning vegetation is spreading rapidly.,Forest Fire
sudden earthquake. the road has partially collapsed.,Earthquake
ice collapse has blocked the entire route.,Avalanche
ground shaking has caused severe damage to the market.,Earthquake
ground shaking. urgent rescue is required.,Earthquake
electrical discharge. the nearby forest is surrounded by fallen trees. a person has been injured.,Lightning
our farm is surrounded by rising water.,Flood
people are panicking. medical assistance is needed.,Earthquake
powerful tremors. the market is shaking. buildings are collapsing.,Earthquake
people are collapsing. please help immediately.,Heatwave
the market has caught fire.,Lightning
clouds burst with intense rain. people need rescue.,Flood
a powerful cyclone. people are stranded.,Cyclone
strong earthquake. the office is shaking.,Earthquake
a lightning strike. people are scared.,Lightning
intense sunlight. the highway is unsafe during the afternoon. medical help is needed.,Heatwave
extreme heat. our locality has poor visibility.,Forest Fire
lightning during heavy rain. electricity is unavailable.,Lightning
high temperature is spreading rapidly.,Forest Fire
very strong winds. please restore electricity.,Cyclone
snow accumulation. the mountain road is blocked by snow.,Avalanche
our village is surrounded by rising water.,Flood
the forest is unsafe because of heavy smoke.,Forest Fire
powerful tremors. roads are blocked.,Earthquake
water released from the dam has caused our colony to become flooded.,Flood
heatwave conditions. many people are dehydrated.,Heatwave
a snow slide. medical assistance is needed.,Avalanche
rockfall has triggered a landslide near the forest road.,Landslide
our colony is surrounded by rising water.,Flood
water released from the dam has caused flooding in the school.,Flood
heavy rainfall has caused a major landslide.,Landslide
the nearby town is facing extreme temperatures. please help immediately.,Heatwave
the valley has been damaged. please help immediately.,Landslide
the market has become unsafe because of floodwater.,Flood
the bridge is covered with mud.,Landslide
prolonged heat is causing health problems.,Heatwave
the road is submerged.,Flood
our village is unsafe after the lightning strike.,Lightning
extreme heat is spreading rapidly.,Forest Fire
the fishing harbor is surrounded by fallen trees. please send emergency teams.,Cyclone
the hospital is surrounded by fallen trees. urgent help is needed.,Lightning
roads are closed. help is needed immediately.,Forest Fire
our house is surrounded by rising water.,Flood
earthquake shock has affected our building.,Earthquake
a violent storm. the fishing harbor has been badly damaged.,Cyclone
our locality is blocked by rocks.,Landslide
a violent storm. communication is unavailable.,Cyclone
snow accumulation. the nearby valley has become inaccessible. roads are blocked.,Avalanche
ground shaking has caused severe damage to our building.,Earthquake
rockfall. the school is buried under debris. rescue teams are needed.,Landslide
a violent storm has caused widespread destruction.,Cyclone
continuous lightning. the hospital is unsafe.,Lightning
extreme heat. roads are closed.,Forest Fire
high temperature is spreading rapidly.,Forest Fire
dry weather has affected the hills.,Forest Fire
the market is damaged. medical assistance is needed.,Earthquake
a snow slide has blocked the entire route.,Avalanche
the trekking route is blocked by snow. please send mountain rescue.,Avalanche
breathing has become difficult. urgent evacuation is required.,Forest Fire
the farm has become extremely hot. please help immediately.,Heatwave
a lightning strike. electricity is unavailable.,Lightning
electrical discharge. our locality has suffered a power outage. fire has started.,Lightning
strong earthquake has affected our apartment.,Earthquake
the hill station is covered with snow.,Avalanche
the construction site has become extremely hot. please provide drinking water.,Heatwave
extreme heat. the wildlife sanctuary is covered with smoke. breathing has become difficult.,Forest Fire
mountain snow movement has affected the nearby valley.,Avalanche
stormy weather. the farm has caught fire. people need medical help.,Lightning
the highway is unsafe after the lightning strike.,Lightning
fire has started. urgent help is needed.,Lightning
the forest is covered with smoke. please control the fire.,Forest Fire
roads are blocked. please send NDRF.,Flood
burning vegetation. the hills has been evacuated.,Forest Fire
strong earthquake has affected our building.,Earthquake
medical help is needed. medical assistance is needed.,Avalanche
people cannot move. please send mountain rescue.,Avalanche
our village has severe structural damage.,Earthquake
blocked drainage has caused flooding in our farm.,Flood
strong winds. people are evacuating.,Forest Fire
an avalanche. the nearby valley is trapped under snow. vehicles are stuck.,Avalanche
intense sunlight. please provide drinking water.,Heatwave
the road is unsafe. medical assistance is needed.,Earthquake
unstable hillside. rescue teams are needed.,Landslide
the highway has become unbearable. please send medical assistance.,Heatwave
the road is underwater.,Flood
seismic activity has caused severe damage to the bridge.,Earthquake
dam overflow. the highway is filled with water. please send an ambulance.,Flood
continuous snowfall. people cannot move.,Avalanche
burning vegetation is spreading rapidly.,Forest Fire
intense sunlight. the construction site is unsafe during the afternoon.,Heatwave
mountain erosion. people cannot leave.,Landslide
burning vegetation. please send firefighters.,Forest Fire
heavy rainfall has triggered a landslide near the school.,Landslide
the highway is facing extreme temperatures. please help immediately.,Heatwave
the coastal area has no electricity.,Cyclone
people need immediate help. please send emergency teams.,Forest Fire
sudden earthquake. our building is damaged.,Earthquake
extreme heat. the school is experiencing severe heat. elderly people need help.,Heatwave
extreme weather conditions has caused widespread destruction.,Cyclone
monsoon rain has resulted in severe flooding.,Flood
ice collapse. families are stranded.,Avalanche
loose soil has caused a major landslide.,Landslide
loose soil. our house has been damaged. families need rescue.,Landslide
our house cannot be reached. urgent help is needed.,Landslide
our village has lost its roof. please restore electricity.,Cyclone
strong winds. the national park is surrounded by fire.,Forest Fire
earthquake shock. our apartment is damaged.,Earthquake
high temperature. the highway is burning rapidly.,Forest Fire
heavy snowfall. our shelter has become inaccessible.,Avalanche
blocked drainage has resulted in severe flooding.,Flood
the nearby forest has lost electricity.,Lightning
the market is no longer safe after the earthquake.,Earthquake
heavy snowfall. evacuation is required.,Avalanche
loose soil. the valley is buried under debris. roads are closed.,Landslide
the forest road cannot be reached. road clearance is required.,Landslide
an avalanche. our village has become inaccessible. people cannot move.,Avalanche
the highway has become unbearable. please help immediately.,Heatwave
a spreading fire. please control the fire.,Forest Fire
strong winds has affected the nearby town.,Forest Fire
powerful tremors has caused severe damage to the office.,Earthquake
the highway has become unsafe because of floodwater.,Flood
the mountain road is blocked by snow.,Avalanche
a powerful lightning strike. the farm has been damaged.,Lightning
extreme heat is spreading rapidly.,Forest Fire
a wildfire. urgent evacuation is required.,Forest Fire
continuous hot weather. many people are dehydrated.,Heatwave
prolonged heat. the highway is experiencing severe heat.,Heatwave
river overflow. ambulance cannot reach.,Flood
we need medical help. urgent rescue is required.,Earthquake
the highway is surrounded by rising water.,Flood
the nearby town is unsafe because of strong winds.,Cyclone
water released from the dam. we need drinking water.,Flood
the nearby forest is surrounded by fallen trees.,Lightning
extreme heat. animals are trapped.,Forest Fire
a severe coastal storm has affected the nearby town.,Cyclone
strong earthquake has caused severe damage to the bridge.,Earthquake
record high temperature. urgent help is needed.,Heatwave
a forest fire. houses are at risk.,Forest Fire
continuous lightning. our locality is unsafe.,Lightning
the school is unsafe. medical assistance is needed.,Earthquake
hill slope failure has caused a major landslide.,Landslide
breathing has become difficult. medical assistance is needed.,Forest Fire
people are scared. urgent help is needed.,Lightning
roads are blocked. evacuation is required.,Avalanche
the hospital is shaking. ambulance is needed.,Earthquake
the farmland is surrounded by fire. please send firefighters.,Forest Fire
extreme weather conditions. the hospital has been badly damaged. communication is unavailable.,Cyclone
mountain snow movement. our village is covered with snow.,Avalanche
continuous rainfall. our house is filled with water. please send a rescue boat.,Flood
many people are dehydrated. urgent help is needed.,Heatwave
buildings are collapsing. medical assistance is needed.,Earthquake
roads are closed. please help immediately.,Landslide
the hospital is surrounded by rising water.,Flood
an avalanche has affected the nearby valley.,Avalanche
violent shaking. people are panicking.,Earthquake
our village is unsafe because of heavy snowfall.,Avalanche
a person has been injured. emergency rescue is required.,Lightning
intense sunlight. our city is facing extreme temperatures. people are collapsing.,Heatwave
a snow slide. roads are blocked.,Avalanche
roads are closed. emergency rescue is required.,Landslide
the mountain road is unsafe because of falling rocks.,Landslide
a lightning strike has affected the school.,Lightning
dam overflow has caused the bridge to become flooded.,Flood
ground shaking has affected our village.,Earthquake
our building is unsafe. please help immediately.,Earthquake
record high temperature. our workplace is unsafe during the afternoon. drinking water is unavailable.,Heatwave
the highway is unsafe because of heavy snowfall.,Avalanche
unstable hillside. people are stranded.,Landslide
our village has been washed away.,Flood
continuous hot weather. the highway has become unbearable.,Heatwave
a violent storm. houses are damaged.,Cyclone
roads are closed. please send firefighters.,Forest Fire
our locality is difficult to work in.,Heatwave
heavy rainfall has caused a major landslide.,Landslide
our farm has become unsafe because of floodwater.,Flood
continuous tremors has caused severe damage to our apartment.,Earthquake
extreme weather conditions. families need immediate help.,Cyclone
a lightning strike has caused severe damage.,Lightning
the school is unsafe because of strong winds.,Cyclone
a person has been injured. please help immediately.,Lightning
roads are blocked. please send emergency teams.,Cyclone
people need medical help. medical assistance is required.,Lightning
the fishing harbor has no electricity.,Cyclone
our colony is surrounded by rising water.,Flood
the school cannot be reached.,Landslide
the trekking route is blocked by snow.,Avalanche
a powerful lightning strike. please send an ambulance.,Lightning
powerful tremors has caused severe damage to the road.,Earthquake
stormy weather. the school has lost electricity.,Lightning
clouds burst with intense rain has caused the hospital to become flooded.,Flood
ice collapse. the nearby valley is covered with snow.,Avalanche
an intense storm. please send relief materials.,Cyclone
emergency help is needed. please send firefighters.,Lightning
a wildfire has affected our locality.,Forest Fire
our village is unsafe after the lightning strike.,Lightning
tourists need rescue. urgent rescue is required.,Avalanche
the market has partially collapsed. ambulance is needed.,Earthquake
our village has no drinking water. please send medical assistance.,Heatwave
unstable snow. send emergency teams.,Avalanche
our village has been flooded.,Cyclone
the mountain road is unsafe. urgent rescue is required.,Avalanche
the construction site is unsafe because of extreme heat.,Heatwave
breathing has become difficult. urgent evacuation is required.,Forest Fire
our village is blocked by rocks.,Landslide
continuous hot weather is causing health problems.,Heatwave
the forest is unsafe because of heavy smoke.,Forest Fire
continuous rainfall has resulted in severe flooding.,Flood
snow accumulation. roads are blocked.,Avalanche
the nearby town has poor visibility. please send emergency teams.,Forest Fire
the valley is buried under debris.,Landslide
the mountain pass has become inaccessible. send emergency teams.,Avalanche
dry weather. people need immediate help.,Forest Fire
the farmland is surrounded by fire. medical assistance is needed.,Forest Fire
heavy rainfall has caused our village to become flooded.,Flood
earthquake shock. medical assistance is needed.,Earthquake
continuous tremors. the school has developed cracks.,Earthquake
a forest fire. roads are closed.,Forest Fire
sudden earthquake. our building has severe structural damage. families are stranded.,Earthquake
our house has become unsafe because of floodwater.,Flood
unstable hillside has caused a major landslide.,Landslide
our village is trapped under snow. please send mountain rescue.,Avalanche
heavy rainfall has triggered a landslide near the hillside.,Landslide
people need medical help. please send an ambulance.,Lightning
the nearby forest has lost electricity. please send firefighters.,Lightning
a severe thunderstorm. medical assistance is required.,Lightning
a severe coastal storm. people are stranded.,Cyclone
mountain snow movement. our shelter has been buried. medical help is needed.,Avalanche
the farmland is unsafe because of heavy smoke.,Forest Fire
a powerful cyclone has affected our locality.,Cyclone
scorching weather. our city has become unbearable. people are suffering from heatstroke.,Heatwave
blocked drainage. our village is filled with water. please send an ambulance.,Flood
our city is unsafe because of extreme heat.,Heatwave
families are stranded. evacuation is required.,Avalanche
the coastal area is unsafe because of strong winds.,Cyclone
high temperature. the national park has been evacuated. animals are trapped.,Forest Fire
our village has severe structural damage. medical assistance is needed.,Earthquake
earthquake shock. please send rescue teams.,Earthquake
burning vegetation. houses are at risk.,Forest Fire
strong winds is spreading rapidly.,Forest Fire
a severe coastal storm. please help immediately.,Cyclone
our shelter is trapped under snow. evacuation is required.,Avalanche
the farmland has been evacuated.,Forest Fire
the market is flooded and electricity is unavailable.,Flood
the market has become unsafe because of floodwater.,Flood
our house has lost its roof.,Cyclone
a violent storm. the nearby town has lost its roof.,Cyclone
people are evacuating. please control the fire.,Forest Fire
our camp has been buried.,Avalanche
the school has become unsafe because of floodwater.,Flood
strong earthquake has caused severe damage to our village.,Earthquake
our house is unsafe. please send firefighters.,Lightning
the farm has no drinking water.,Heatwave
unstable hillside. our house has been damaged.,Landslide
continuous rainfall. the bridge is filled with water. medical help is required.,Flood
our village is unsafe because of falling rocks.,Landslide
unstable snow has affected the mountain road.,Avalanche
the market is unsafe because of strong winds.,Cyclone
the mountain pass is blocked by snow.,Avalanche
extreme heat. our city has no drinking water.,Heatwave
our building has developed cracks.,Earthquake
the farmland is covered with smoke. medical assistance is needed.,Forest Fire
our city is unsafe because of extreme heat.,Heatwave
monsoon rain has caused flooding in the school.,Flood
river overflow has resulted in severe flooding.,Flood
unstable snow. the nearby valley is trapped under snow.,Avalanche
extreme weather conditions has affected our locality.,Cyclone
a severe thunderstorm has caused severe damage.,Lightning
the forest road is unsafe because of falling rocks.,Landslide
clouds burst with intense rain has caused flooding in the road.,Flood
a tropical cyclone has affected the nearby town.,Cyclone
ice collapse has blocked the entire route.,Avalanche
families need rescue. please send rescue teams.,Landslide
the highway is unsafe. please help immediately.,Avalanche
unstable hillside has caused a major landslide.,Landslide
heatwave conditions. the construction site has become unbearable. people are fainting.,Heatwave
violent shaking has caused severe damage to the road.,Earthquake
our locality has been damaged.,Landslide
the national park is unsafe because of heavy smoke.,Forest Fire
prolonged heat. the highway has no drinking water. medical help is needed.,Heatwave
a powerful cyclone. the nearby town has been badly damaged.,Cyclone
our house cannot be reached. road clearance is required.,Landslide
the mountain pass is unsafe.,Avalanche
we need food. medical help is required.,Flood
a person has been injured. medical assistance is required.,Lightning
the fishing harbor has no electricity. please send emergency teams.,Cyclone
monsoon rain has caused the hospital to become flooded.,Flood
electricity is unavailable. please send an ambulance.,Flood
our colony has become unsafe because of floodwater.,Flood
a severe coastal storm. roads are blocked.,Cyclone
the fishing harbor is unsafe because of strong winds.,Cyclone
the mountain pass is unsafe because of heavy snowfall.,Avalanche
a wildfire. our locality is burning rapidly.,Forest Fire
the market is unsafe because of extreme heat.,Heatwave
roads are blocked. please send help immediately.,Flood
people are suffering from heatstroke. please send medical assistance.,Heatwave
dry weather is spreading rapidly.,Forest Fire
an intense storm. roads are blocked.,Cyclone
animals are trapped. urgent evacuation is required.,Forest Fire
continuous rain. the valley has been damaged.,Landslide
a severe thunderstorm. emergency help is needed.,Lightning
blocked drainage. the highway is underwater. please send an ambulance.,Flood
our building has severe structural damage.,Earthquake
the market is surrounded by rising water.,Flood
ground shaking has caused severe damage to the market.,Earthquake
seismic activity. the bridge has developed cracks. buildings are collapsing.,Earthquake
powerful tremors has affected the hospital.,Earthquake
roads are blocked. urgent rescue is needed.,Flood
the school is unsafe because of falling rocks.,Landslide
very strong winds. the fishing harbor has lost its roof.,Cyclone
drinking water is unavailable. please send medical assistance.,Heatwave
our apartment is unsafe. urgent rescue is required.,Earthquake
a snow slide has affected our village.,Avalanche
people cannot move. medical assistance is needed.,Avalanche
fire has started. emergency rescue is required.,Lightning
hill slope failure has triggered a landslide near our locality.,Landslide
powerful tremors. families are stranded.,Earthquake
people are suffering from heatstroke. please send medical assistance.,Heatwave
the highway cannot be reached. please help immediately.,Avalanche
fire is spreading quickly. medical assistance is needed.,Forest Fire
a powerful lightning strike. the market has caught fire.,Lightning
a lightning strike has affected the hospital.,Lightning
our house has lost its roof. please send relief materials.,Cyclone
extreme heat has affected the farm.,Heatwave
our locality is unsafe because of strong winds.,Cyclone
a severe thunderstorm. people are scared.,Lightning
our village is unsafe because of extreme heat.,Heatwave
our house is unsafe after the lightning strike.,Lightning
people are panicking. please help immediately.,Earthquake
strong earthquake. people are trapped.,Earthquake
the highway is experiencing severe heat. urgent help is needed.,Heatwave
our apartment has collapsed. please send rescue teams.,Earthquake
a forest fire has affected the nearby town.,Forest Fire
the highway is experiencing severe heat.,Heatwave
extreme heat. the wildlife sanctuary is surrounded by fire. houses are at risk.,Forest Fire
people cannot move. evacuation is required.,Avalanche
houses are at risk. please send emergency teams.,Forest Fire
continuous tremors has caused severe damage to the road.,Earthquake
the school has become unsafe because of floodwater.,Flood
very high temperature. urgent help is needed.,Heatwave
a severe thunderstorm. urgent help is needed.,Lightning
the wildlife sanctuary is unsafe.,Forest Fire
a severe thunderstorm. electricity is unavailable.,Lightning
continuous rain. families need rescue.,Landslide
heavy rainfall. emergency rescue is required.,Landslide
tourists need rescue. evacuation is required.,Avalanche
clouds burst with intense rain has caused flooding in the highway.,Flood
our colony is filled with water.,Flood
intense thunder. please send an ambulance.,Lightning
families need immediate help. please send emergency teams.,Cyclone
snow accumulation. the hill station is covered with snow. families are stranded.,Avalanche
very high temperature has affected the farm.,Heatwave
strong earthquake. people are trapped.,Earthquake
our camp is unsafe because of heavy snowfall.,Avalanche
the market is difficult to work in.,Heatwave
heavy rainfall. the valley is completely blocked.,Landslide
cyclonic winds. roads are blocked.,Cyclone
our locality has become extremely hot.,Heatwave
the forest road is unsafe because of falling rocks.,Landslide
medical help is needed. evacuation is required.,Avalanche
the coastal area has lost its roof. urgent rescue is required.,Cyclone
the nearby town has been evacuated. please send firefighters.,Forest Fire
the hospital is no longer safe after the earthquake.,Earthquake
tourists need rescue. evacuation is required.,Avalanche
people are collapsing. please send medical assistance.,Heatwave
fire has started. medical assistance is required.,Lightning
the hospital is surrounded by rising water.,Flood
vehicles are trapped. emergency rescue is required.,Landslide
buildings are collapsing. please help immediately.,Earthquake
the market is unsafe.,Lightning
record high temperature is causing health problems.,Heatwave
people need immediate help. urgent evacuation is required.,Forest Fire
a lightning strike has affected the market.,Lightning
a snow slide has affected the nearby valley.,Avalanche
a spreading fire. the highway is filled with flames. people need immediate help.,Forest Fire
mountain snow movement. the mountain pass is covered with snow.,Avalanche
the bridge has become unsafe because of floodwater.,Flood
our apartment has collapsed.,Earthquake
a violent storm. please restore electricity.,Cyclone
record high temperature has affected our locality.,Heatwave
the nearby valley is covered with snow.,Avalanche
the fishing harbor is covered with debris. please send relief materials.,Cyclone
people are collapsing. please send medical assistance.,Heatwave
ground shaking. people are panicking.,Earthquake
a snow slide. roads are blocked.,Avalanche
a lightning strike has affected the school.,Lightning
earthquake shock. the school has developed cracks. many people are injured.,Earthquake
rescue teams are needed. emergency rescue is required.,Landslide
a lightning strike. the highway has caught fire.,Lightning
roads are blocked. please send help immediately.,Flood
heatwave conditions. the nearby town is facing extreme temperatures.,Heatwave
clouds burst with intense rain. the highway is underwater. urgent rescue is needed.,Flood
blocked drainage has resulted in severe flooding.,Flood
continuous snowfall. the mountain pass is trapped under snow. people are trapped.,Avalanche
continuous tremors. our building is unsafe. families are stranded.,Earthquake
electrical discharge. our locality has caught fire.,Lightning
scorching weather. people are fainting.,Heatwave
ground shaking has affected our building.,Earthquake
prolonged heat. the market is facing extreme temperatures.,Heatwave
people are trapped. please send NDRF.,Earthquake
continuous rainfall. the bridge is surrounded by water. please send help immediately.,Flood
dam overflow has resulted in severe flooding.,Flood
people need rescue. urgent rescue is needed.,Flood
mountain erosion. the valley is blocked by rocks.,Landslide
the market is covered with debris.,Cyclone
a snow slide has blocked the entire route.,Avalanche
we need medical help. medical assistance is needed.,Earthquake
our locality is unsafe after the lightning strike.,Lightning
violent shaking has caused severe damage to the road.,Earthquake
a violent storm. the school has been flooded. trees have fallen everywhere.,Cyclone
roads are blocked. please send NDRF.,Earthquake
families need immediate help. please send emergency teams.,Cyclone
a spreading fire. please send emergency teams.,Forest Fire
our colony cannot be reached.,Flood
clouds burst with intense rain has caused flooding in the highway.,Flood
unstable snow. the nearby valley is blocked by snow.,Avalanche
mountain snow movement. our camp has become inaccessible.,Avalanche
our village has been badly damaged.,Cyclone
snow accumulation has affected the hill station.,Avalanche
a severe thunderstorm has affected the school.,Lightning
powerful tremors. many people are injured.,Earthquake
people are panicking. urgent rescue is required.,Earthquake
the highway is blocked by snow. please help immediately.,Avalanche
the school is unsafe after the lightning strike.,Lightning
loose soil. our house is buried under debris.,Landslide
the nearby valley is unsafe because of heavy snowfall.,Avalanche
the nearby town is difficult to work in.,Heatwave
an intense storm has affected the nearby town.,Cyclone
continuous tremors. the hospital has collapsed. roads are blocked.,Earthquake
the highway is unsafe after the lightning strike.,Lightning
our village cannot be reached. please send medical assistance.,Landslide
the hospital has caught fire.,Lightning
continuous rain. rescue teams are needed.,Landslide
ice collapse has blocked the entire route.,Avalanche
a lightning strike. the farm has lost electricity. communication has stopped.,Lightning
loose soil has caused a major landslide.,Landslide
a lightning strike. people are scared.,Lightning
unstable snow. the forest trail has become inaccessible. medical help is needed.,Avalanche
a tropical cyclone. roads are blocked.,Cyclone
strong winds. animals are trapped.,Forest Fire
water released from the dam. our village is surrounded by water. medical help is required.,Flood
the highway has become unsafe because of floodwater.,Flood
the nearby town is surrounded by fallen trees.,Cyclone
the forest trail is unsafe because of heavy snowfall.,Avalanche
the bridge has partially collapsed.,Earthquake
families are stranded. please send rescue teams.,Earthquake
an intense storm has caused widespread destruction.,Cyclone
high temperature. the national park has poor visibility.,Forest Fire
the mountain road is unsafe. urgent rescue is required.,Avalanche
the highway is unsafe because of heavy snowfall.,Avalanche
our village has severe structural damage.,Earthquake
heavy rainfall has resulted in severe flooding.,Flood
river overflow. our village is flooded. please send a rescue boat.,Flood
a forest fire. the nearby village is surrounded by fire.,Forest Fire
our house is unsafe because of falling rocks.,Landslide
very strong winds has affected the coastal area.,Cyclone
the highway is unsafe after the lightning strike.,Lightning
the hospital is unsafe because of strong winds.,Cyclone
mountain snow movement has affected the nearby valley.,Avalanche
an electric pole has suffered a power outage.,Lightning
the valley is unsafe because of falling rocks.,Landslide
our village is covered with debris.,Cyclone
our village is surrounded by water.,Flood
people are suffering from heatstroke. please send medical assistance.,Heatwave
the highway is unsafe during the afternoon. please provide drinking water.,Heatwave
rockfall. our locality has been damaged.,Landslide
our village has been buried. please send mountain rescue.,Avalanche
sudden earthquake. buildings are collapsing.,Earthquake
the fishing harbor has been badly damaged. please restore electricity.,Cyclone
a severe thunderstorm. the nearby forest has lost electricity. fire has started.,Lightning
intense sunlight has affected the highway.,Heatwave
heavy rainfall. our house is covered with mud.,Landslide
prolonged heat. our workplace has become unbearable. people are suffering from heatstroke.,Heatwave
a wildfire is spreading rapidly.,Forest Fire
electrical discharge. the hospital has lost electricity.,Lightning
transport has stopped. please send medical assistance.,Landslide
seismic activity. the office is damaged.,Earthquake
unstable snow has blocked the entire route.,Avalanche
an intense storm. the highway has been badly damaged. people are stranded.,Cyclone
a wildfire. fire is spreading quickly.,Forest Fire
monsoon rain has caused the bridge to become flooded.,Flood
soil erosion has triggered a landslide near the forest road.,Landslide
stormy weather has affected the farm.,Lightning
our shelter cannot be reached. evacuation is required.,Avalanche
our city has become unbearable. please send medical assistance.,Heatwave
people cannot move. please send mountain rescue.,Avalanche
an avalanche. medical assistance is needed.,Avalanche
transport has stopped. please help immediately.,Landslide
the bridge is underwater and my family is trapped.,Flood
cyclonic winds. roads are blocked.,Cyclone
heavy rainfall. families need rescue.,Landslide
the bridge is surrounded by rising water.,Flood
electricity is unavailable. please send NDRF.,Flood
a severe thunderstorm. medical assistance is required.,Lightning
a powerful cyclone has caused widespread destruction.,Cyclone
our house has collapsed.,Landslide
scorching weather. our locality is unsafe during the afternoon.,Heatwave
continuous hot weather. our city is difficult to work in. people are fainting.,Heatwave
water released from the dam has caused flooding in our house.,Flood
the bridge is surrounded by rising water.,Flood
roads are closed. please help immediately.,Landslide
electrical discharge. a person has been injured.,Lightning
the farm is unsafe after the lightning strike.,Lightning
heatwave conditions. please send medical assistance.,Heatwave
stormy weather has affected the farm.,Lightning
an intense storm has caused widespread destruction.,Cyclone
the hill station is blocked by snow. please help immediately.,Avalanche
continuous hot weather is causing health problems.,Heatwave
an intense storm. the school has been badly damaged. families need immediate help.,Cyclone
our workplace is unsafe because of extreme heat.,Heatwave
continuous snowfall. our shelter cannot be reached.,Avalanche
the market has become unsafe because of floodwater.,Flood
strong earthquake. people are panicking.,Earthquake
the fishing harbor is unsafe because of strong winds.,Cyclone
strong winds has affected the farmland.,Forest Fire
the school has become extremely hot. medical teams are needed.,Heatwave
a powerful cyclone. please send emergency teams.,Cyclone
continuous rain. emergency rescue is required.,Landslide
our village has lost electricity.,Lightning
the fishing harbor is unsafe because of strong winds.,Cyclone
extreme weather conditions. the school has been flooded.,Cyclone
strong winds has affected the wildlife sanctuary.,Forest Fire
the school has lost electricity.,Lightning
people cannot leave. urgent help is needed.,Landslide
burning vegetation. breathing has become difficult.,Forest Fire
an intense storm has affected the school.,Cyclone
the farm has become extremely hot.,Heatwave
the mountain forest has been evacuated. please send firefighters.,Forest Fire
strong winds is spreading rapidly.,Forest Fire
continuous snowfall. send emergency teams.,Avalanche
the forest is unsafe because of heavy smoke.,Forest Fire
electrical discharge. the highway is unsafe. emergency help is needed.,Lightning
the bridge is no longer safe after the earthquake.,Earthquake
our shelter cannot be reached.,Avalanche
continuous hot weather has affected our workplace.,Heatwave
a forest fire. help is needed immediately.,Forest Fire
earthquake shock. the market is unsafe.,Earthquake
the school is unsafe after the lightning strike.,Lightning
our village is completely blocked.,Landslide
the bridge is unsafe because of falling rocks.,Landslide
a powerful lightning strike. people are scared.,Lightning
electricity is unavailable. urgent rescue is needed.,Flood
very strong winds has affected the nearby town.,Cyclone
river overflow. our house has been washed away. urgent rescue is needed.,Flood
rockfall. families need rescue.,Landslide
our house is underwater and electricity is unavailable.,Flood
stormy weather. the farm is surrounded by fallen trees. a person has been injured.,Lightning
water released from the dam has caused flooding in the market.,Flood
powerful tremors has caused severe damage to our village.,Earthquake
an avalanche. vehicles are stuck.,Avalanche
people cannot leave. please send rescue teams.,Landslide
our locality is unsafe during the afternoon.,Heatwave
our village is unsafe.,Avalanche
electrical discharge. electricity is unavailable.,Lightning
our locality has been evacuated. please send firefighters.,Forest Fire
our locality has been damaged.,Lightning
high temperature. animals are trapped.,Forest Fire
our village has been badly damaged.,Cyclone
intense sunlight. our village has no drinking water.,Heatwave
burning vegetation. people are evacuating.,Forest Fire
mountain snow movement. our camp is unsafe. people are trapped.,Avalanche
a tropical cyclone. the fishing harbor has lost its roof.,Cyclone
intense sunlight. our workplace is experiencing severe heat. people are suffering from heatstroke.,Heatwave
the highway is unsafe because of falling rocks.,Landslide
rockfall. families need rescue.,Landslide
people are stranded. please send medical assistance.,Landslide
the school is surrounded by rising water.,Flood
an intense storm. the fishing harbor has no electricity. families need immediate help.,Cyclone
the highway cannot be reached.,Flood
a tropical cyclone has affected the hospital.,Cyclone
continuous tremors. ambulance is needed.,Earthquake
continuous snowfall. the highway is unsafe. people cannot move.,Avalanche
stormy weather has caused severe damage.,Lightning
extreme heat. please send emergency teams.,Forest Fire
continuous rainfall. roads are blocked.,Flood
an avalanche has blocked the entire route.,Avalanche
our locality is unsafe because of extreme heat.,Heatwave
the bridge is surrounded by rising water.,Flood
the highway is unsafe because of strong winds.,Cyclone
the market has no electricity.,Cyclone
houses are at risk. medical assistance is needed.,Forest Fire
an avalanche. urgent rescue is required.,Avalanche
extreme heat is spreading rapidly.,Forest Fire
intense sunlight has affected our village.,Heatwave
heavy rainfall has resulted in severe flooding.,Flood
the nearby forest is unsafe after the lightning strike.,Lightning
our farm has become unsafe because of floodwater.,Flood
cyclonic winds. our house is surrounded by fallen trees.,Cyclone
the hillside is unsafe because of falling rocks.,Landslide
seismic activity. the office has severe structural damage.,Earthquake
our shelter cannot be reached. medical assistance is needed.,Avalanche
seismic activity. medical assistance is needed.,Earthquake
the market has developed cracks. medical assistance is needed.,Earthquake
loose soil. the valley has collapsed.,Landslide
continuous hot weather. the school has become unbearable. drinking water is unavailable.,Heatwave
strong earthquake. please send NDRF.,Earthquake
the national park is filled with flames.,Forest Fire
the nearby town is surrounded by fallen trees. please send relief materials.,Cyclone
a wildfire is spreading rapidly.,Forest Fire
our locality is unsafe because of extreme heat.,Heatwave
many people are dehydrated. urgent help is needed.,Heatwave
our building is no longer safe after the earthquake.,Earthquake
loose soil has caused a major landslide.,Landslide
the trekking route has been buried.,Avalanche
the trekking route is unsafe because of heavy snowfall.,Avalanche
the highway is unsafe because of heavy snowfall.,Avalanche
very high temperature has affected the school.,Heatwave
ice collapse. send emergency teams.,Avalanche
the hills is surrounded by fire. please control the fire.,Forest Fire
continuous hot weather. please help immediately.,Heatwave
prolonged heat. urgent help is needed.,Heatwave
vehicles are stuck. medical assistance is needed.,Avalanche
soil erosion has triggered a landslide near the mountain road.,Landslide
ground shaking. the office is unsafe. buildings are collapsing.,Earthquake
an intense storm. please send emergency teams.,Cyclone
earthquake shock. our apartment has developed cracks. many people are injured.,Earthquake
the bridge is surrounded by rising water.,Flood
roads are blocked. please send mountain rescue.,Avalanche
scorching weather. please send medical assistance.,Heatwave
rockfall. the valley has been damaged.,Landslide
continuous rain. road clearance is required.,Landslide
dam overflow has caused flooding in the highway.,Flood
strong earthquake. our building is unsafe.,Earthquake
heavy rainfall has resulted in severe flooding.,Flood
river overflow. roads are blocked.,Flood
the mountain road is unsafe because of heavy snowfall.,Avalanche
the mountain forest is burning rapidly.,Forest Fire
our village cannot be reached. emergency rescue is required.,Landslide
scorching weather has affected the highway.,Heatwave
violent shaking. we need medical help.,Earthquake
the school has severe structural damage.,Earthquake
intense thunder. people are scared.,Lightning
high temperature. people need immediate help.,Forest Fire
soil erosion. families need rescue.,Landslide
dam overflow. our farm is submerged. medical help is required.,Flood
powerful tremors has caused severe damage to the bridge.,Earthquake
unstable snow. people cannot move.,Avalanche
our house has become unsafe because of floodwater.,Flood
record high temperature. please provide drinking water.,Heatwave
an avalanche. please send mountain rescue.,Avalanche
the school is submerged and people need rescue.,Flood
rockfall has triggered a landslide near the bridge.,Landslide
the hillside is unsafe because of falling rocks.,Landslide
blocked drainage has caused flooding in our colony.,Flood
a snow slide. send emergency teams.,Avalanche
our locality is filled with flames.,Forest Fire
our colony has become unsafe because of floodwater.,Flood
our village has developed cracks. medical assistance is needed.,Earthquake
mountain snow movement. vehicles are stuck.,Avalanche
my family is trapped. please send NDRF.,Flood
a tropical cyclone has caused widespread destruction.,Cyclone
electrical discharge. the school is unsafe. electricity is unavailable.,Lightning
heavy rainfall. the valley has been damaged.,Landslide
mountain erosion. road clearance is required.,Landslide
the school is unsafe after the lightning strike.,Lightning
extreme heat. the wildlife sanctuary is covered with smoke. houses are at risk.,Forest Fire
the forest trail is unsafe because of heavy snowfall.,Avalanche
the nearby forest has suffered a power outage.,Lightning
the hill station is unsafe because of heavy snowfall.,Avalanche
ground shaking. the office has partially collapsed.,Earthquake
burning vegetation. the hills is unsafe.,Forest Fire
a lightning strike. please send an ambulance.,Lightning
prolonged heat. medical teams are needed.,Heatwave
violent shaking. please help immediately.,Earthquake
continuous rain. please send rescue teams.,Landslide
the hills is covered with smoke.,Forest Fire
a severe coastal storm. trees have fallen everywhere.,Cyclone
earthquake shock. our house is unsafe.,Earthquake
a spreading fire. the wildlife sanctuary has been evacuated.,Forest Fire
a lightning strike has affected the school.,Lightning
extreme heat. our city is experiencing severe heat.,Heatwave
our building is no longer safe after the earthquake.,Earthquake
the farm is unsafe because of extreme heat.,Heatwave
intense thunder. the school has been damaged.,Lightning
river overflow. our village is filled with water. please send help immediately.,Flood
sudden earthquake. people are trapped.,Earthquake
heavy snowfall. people cannot move.,Avalanche
the mountain pass is blocked by snow. evacuation is required.,Avalanche
our locality is unsafe. please send an ambulance.,Lightning
the fishing harbor has lost its roof. urgent rescue is required.,Cyclone
violent shaking. ambulance is needed.,Earthquake
continuous rain. the valley is completely blocked. roads are closed.,Landslide
mountain snow movement. the trekking route is covered with snow.,Avalanche
our camp is covered with snow.,Avalanche
many people are dehydrated. urgent help is needed.,Heatwave
mountain snow movement. the trekking route has been buried. vehicles are stuck.,Avalanche
the nearby valley cannot be reached.,Avalanche
heavy rainfall. people need rescue.,Flood
the forest is unsafe because of heavy smoke.,Forest Fire
strong winds is spreading rapidly.,Forest Fire
our village is unsafe.,Avalanche
the highway is burning rapidly. help is needed immediately.,Forest Fire
tourists need rescue. please help immediately.,Avalanche
extreme heat. urgent help is needed.,Heatwave
continuous tremors. people are trapped.,Earthquake
blocked drainage has resulted in severe flooding.,Flood
our village is surrounded by rising water.,Flood
an intense storm. the hospital has been flooded.,Cyclone
very high temperature. our workplace is unsafe during the afternoon. elderly people need help.,Heatwave
the market has been washed away and ambulance cannot reach.,Flood
our village is unsafe because of strong winds.,Cyclone
continuous snowfall. our village has become inaccessible.,Avalanche
the forest road has collapsed.,Landslide
clouds burst with intense rain. we need food.,Flood
continuous snowfall has blocked the entire route.,Avalanche
our shelter is unsafe because of heavy snowfall.,Avalanche
sudden earthquake has caused severe damage to the hospital.,Earthquake
the highway is covered with smoke. please send firefighters.,Forest Fire
a severe coastal storm. families need immediate help.,Cyclone
houses are damaged. please send emergency teams.,Cyclone
the nearby village has been evacuated. please control the fire.,Forest Fire
soil erosion. please help immediately.,Landslide
the hospital has suffered a power outage. emergency rescue is required.,Lightning
river overflow. we need food.,Flood
intense sunlight is causing health problems.,Heatwave
burning vegetation has affected the nearby town.,Forest Fire
seismic activity. medical assistance is needed.,Earthquake
heavy rainfall has caused a major landslide.,Landslide
a severe coastal storm has caused widespread destruction.,Cyclone
river overflow has caused flooding in the road.,Flood
extreme heat. the forest has been evacuated.,Forest Fire
the highway is unsafe because of extreme heat.,Heatwave
intense thunder. urgent help is needed.,Lightning
the farm is unsafe because of extreme heat.,Heatwave
dry weather. the wildlife sanctuary is surrounded by fire.,Forest Fire
the school is no longer safe after the earthquake.,Earthquake
a severe coastal storm. trees have fallen everywhere.,Cyclone
our farm is flooded.,Flood
an electric pole is unsafe after the lightning strike.,Lightning
our camp cannot be reached. send emergency teams.,Avalanche
animals are trapped. urgent evacuation is required.,Forest Fire
strong earthquake has caused severe damage to our house.,Earthquake
our colony has been washed away.,Flood
extreme heat. the nearby town has become extremely hot.,Heatwave
continuous hot weather. the nearby town is facing extreme temperatures. people are fainting.,Heatwave
unstable hillside. our village is blocked by rocks.,Landslide
the hospital is unsafe after the lightning strike.,Lightning
ambulance cannot reach. please send a rescue boat.,Flood
unstable snow has blocked the entire route.,Avalanche
record high temperature. the school is facing extreme temperatures.,Heatwave
a severe thunderstorm. people need medical help.,Lightning
animals are trapped. urgent evacuation is required.,Forest Fire
continuous rainfall. our house is flooded. medical help is required.,Flood
the nearby town is filled with flames. please control the fire.,Forest Fire
the nearby forest is unsafe after the lightning strike.,Lightning
monsoon rain has caused flooding in our house.,Flood
rockfall. families need rescue.,Landslide
a violent storm. houses are damaged.,Cyclone
families need rescue. please send rescue teams.,Landslide
ground shaking has affected the office.,Earthquake
sudden earthquake has affected our house.,Earthquake
hill slope failure. the forest road is covered with mud.,Landslide
extreme heat. ambulance is required.,Heatwave
our building has partially collapsed. ambulance is needed.,Earthquake
a powerful cyclone. people are stranded.,Cyclone
an avalanche. send emergency teams.,Avalanche
the forest road cannot be reached.,Landslide
medical help is needed. please help immediately.,Avalanche
an avalanche. urgent rescue is required.,Avalanche
lightning during heavy rain. emergency rescue is required.,Lightning
a lightning strike. our house is surrounded by fallen trees. people need medical help.,Lightning
dam overflow. people need rescue.,Flood
the hospital is unsafe because of strong winds.,Cyclone
stormy weather has affected our locality.,Lightning
very strong winds has affected the fishing harbor.,Cyclone
soil erosion. the forest road has collapsed. transport has stopped.,Landslide
our house is damaged. please send NDRF.,Earthquake
a lightning strike. our locality has suffered a power outage. a person has been injured.,Lightning
roads are closed. urgent help is needed.,Landslide
a spreading fire has affected the highway.,Forest Fire
continuous snowfall. our village is unsafe. tourists need rescue.,Avalanche
ground shaking. roads are blocked.,Earthquake
intense sunlight. our locality has become unbearable.,Heatwave
extreme weather conditions. the highway is inaccessible. trees have fallen everywhere.,Cyclone
our colony has become unsafe because of floodwater.,Flood
the highway is trapped under snow.,Avalanche
roads are blocked. please help immediately.,Avalanche
extreme heat is spreading rapidly.,Forest Fire
roads are blocked. please help immediately.,Earthquake
the fishing harbor has been flooded. please send relief materials.,Cyclone
rockfall. urgent help is needed.,Landslide
the market is unsafe because of strong winds.,Cyclone
the hospital is unsafe after the lightning strike.,Lightning
the hills is burning rapidly. help is needed immediately.,Forest Fire
monsoon rain has resulted in severe flooding.,Flood
lightning during heavy rain. medical assistance is required.,Lightning
breathing has become difficult. please send firefighters.,Forest Fire
families need immediate help. medical assistance is needed.,Cyclone
electrical discharge. an electric pole is unsafe. electricity is unavailable.,Lightning
the road has been washed away.,Flood
the bridge is no longer safe after the earthquake.,Earthquake
mountain erosion. please send rescue teams.,Landslide
extreme weather conditions. the coastal area is covered with debris.,Cyclone
many people are injured. medical assistance is needed.,Earthquake
extreme heat has affected the market.,Heatwave
strong winds is spreading rapidly.,Forest Fire
the forest is burning rapidly.,Forest Fire
breathing has become difficult. help is needed immediately.,Forest Fire
drinking water is unavailable. urgent help is needed.,Heatwave
a forest fire is spreading rapidly.,Forest Fire
the highway is unsafe because of strong winds.,Cyclone
the farm is unsafe. please send firefighters.,Lightning
prolonged heat. please provide drinking water.,Heatwave
extreme heat. our workplace is difficult to work in. many people are dehydrated.,Heatwave
hill slope failure has caused a major landslide.,Landslide
intense sunlight is causing health problems.,Heatwave
continuous snowfall. our shelter is unsafe.,Avalanche
clouds burst with intense rain has caused flooding in the hospital.,Flood
our house cannot be reached. urgent help is needed.,Landslide
continuous lightning. the highway cannot be accessed. fire has started.,Lightning
dam overflow has caused our colony to become flooded.,Flood
continuous rain. our locality cannot be reached.,Landslide
an intense storm. our village is inaccessible.,Cyclone
snow accumulation. urgent rescue is required.,Avalanche
the market has become unbearable.,Heatwave
river overflow. our farm is underwater. medical help is required.,Flood
continuous hot weather. the construction site has become unbearable. elderly people need help.,Heatwave
powerful tremors. people are trapped.,Earthquake
the nearby town has become extremely hot. urgent help is needed.,Heatwave
mountain snow movement. the forest trail has become inaccessible. roads are blocked.,Avalanche
the mountain road cannot be reached. please send medical assistance.,Landslide
very strong winds has caused widespread destruction.,Cyclone
our locality is unsafe because of falling rocks.,Landslide
the mountain forest is surrounded by fire.,Forest Fire
strong earthquake has caused severe damage to our village.,Earthquake
our village is unsafe because of strong winds.,Cyclone
mountain snow movement. please send mountain rescue.,Avalanche
heavy rainfall. road clearance is required.,Landslide
the mountain forest is unsafe because of heavy smoke.,Forest Fire
my family is trapped. please send NDRF.,Flood
powerful tremors. the market has collapsed. families are stranded.,Earthquake
continuous tremors has affected the school.,Earthquake
loose soil. the forest road is blocked by rocks.,Landslide
a snow slide. the highway has become inaccessible. families are stranded.,Avalanche
people need rescue. please send an ambulance.,Flood
strong winds has affected the mountain forest.,Forest Fire
heavy rainfall. rescue teams are needed.,Landslide
heavy rainfall has resulted in severe flooding.,Flood
the school has caught fire. please send an ambulance.,Lightning
the nearby town has become extremely hot.,Heatwave
continuous lightning. the nearby forest has caught fire. people are scared.,Lightning
heatwave conditions is causing health problems.,Heatwave
continuous hot weather has affected our city.,Heatwave
our village is unsafe because of extreme heat.,Heatwave
families are stranded. please help immediately.,Earthquake
the hospital has partially collapsed.,Earthquake
soil erosion has triggered a landslide near the bridge.,Landslide
very strong winds. our locality has no electricity.,Cyclone
our apartment is unsafe.,Earthquake
heatwave conditions. the school has no drinking water. medical help is needed.,Heatwave
our colony cannot be reached.,Flood
dam overflow. people are stranded.,Flood
ambulance cannot reach. please send an ambulance.,Flood
our city has become unbearable.,Heatwave
transport has stopped. please send rescue teams.,Landslide
heavy rainfall has resulted in severe flooding.,Flood
mountain erosion. the bridge has been damaged. people cannot leave.,Landslide
the bridge is surrounded by water.,Flood
loose soil has caused a major landslide.,Landslide
our village has lost its roof.,Cyclone
continuous rainfall. the highway is underwater. please send a rescue boat.,Flood
buildings are collapsing. ambulance is needed.,Earthquake
powerful tremors. please send NDRF.,Earthquake
very strong winds. the highway has no electricity. people are stranded.,Cyclone
the farm is unsafe after the lightning strike.,Lightning
rockfall. families need rescue.,Landslide
our house is covered with debris. medical assistance is needed.,Cyclone
a powerful cyclone. urgent rescue is required.,Cyclone
the hospital is surrounded by rising water.,Flood
our village is surrounded by fallen trees.,Cyclone
our colony is flooded.,Flood
the highway cannot be accessed.,Lightning
our house has become unsafe because of floodwater.,Flood
soil erosion. the forest road is blocked by rocks. roads are closed.,Landslide
prolonged heat. medical teams are needed.,Heatwave
seismic activity. please send NDRF.,Earthquake
our locality is unsafe after the lightning strike.,Lightning
continuous hot weather has affected our city.,Heatwave
intense sunlight. elderly people need help.,Heatwave
strong winds. roads are closed.,Forest Fire
a severe coastal storm has caused widespread destruction.,Cyclone
the coastal area is surrounded by fallen trees.,Cyclone
heavy snowfall has affected our shelter.,Avalanche
the nearby valley has been buried.,Avalanche
powerful tremors. the market has partially collapsed. people are trapped.,Earthquake
heavy rainfall has caused a major landslide.,Landslide
our camp cannot be reached. evacuation is required.,Avalanche
our village is unsafe after the lightning strike.,Lightning
heavy rainfall. the forest road has been damaged.,Landslide
record high temperature. the farm is unsafe during the afternoon.,Heatwave
dam overflow has caused our farm to become flooded.,Flood
our house is unsafe because of falling rocks.,Landslide
people are fainting. please provide drinking water.,Heatwave
the office has collapsed. ambulance is needed.,Earthquake
river overflow. the bridge cannot be reached. urgent rescue is needed.,Flood
heavy rainfall. the forest road is completely blocked. people are stranded.,Landslide
continuous snowfall has blocked the entire route.,Avalanche
loose soil. the valley is covered with mud. transport has stopped.,Landslide
continuous snowfall. urgent rescue is required.,Avalanche
the hills is filled with flames.,Forest Fire
the wildlife sanctuary is unsafe because of heavy smoke.,Forest Fire
the school is inaccessible. please help immediately.,Cyclone
the school is submerged.,Flood
a powerful lightning strike has caused severe damage.,Lightning
monsoon rain. our farm is flooded. please send help immediately.,Flood
seismic activity. our house has partially collapsed. many people are injured.,Earthquake
an electric pole is unsafe after the lightning strike.,Lightning
the highway is unsafe because of heavy smoke.,Forest Fire
heavy snowfall has blocked the entire route.,Avalanche
the mountain pass has been buried. please send mountain rescue.,Avalanche
the mountain pass is blocked by snow.,Avalanche
continuous tremors has affected the market.,Earthquake
lightning during heavy rain. emergency rescue is required.,Lightning
our farm cannot be reached and we need drinking water.,Flood
trees have fallen everywhere. please send relief materials.,Cyclone
stormy weather. the hospital has lost electricity.,Lightning
a lightning strike. communication has stopped.,Lightning
people are trapped. please send mountain rescue.,Avalanche
extreme weather conditions. please send emergency teams.,Cyclone
our village has become extremely hot. please send medical assistance.,Heatwave
very strong winds. medical assistance is needed.,Cyclone
continuous snowfall. evacuation is required.,Avalanche
intense thunder. our locality is surrounded by fallen trees. a person has been injured.,Lightning
houses are damaged. urgent rescue is required.,Cyclone
the highway is unsafe. send emergency teams.,Avalanche
a spreading fire. roads are closed.,Forest Fire
extreme heat. please control the fire.,Forest Fire
unstable hillside. families need rescue.,Landslide
the highway is unsafe because of heavy smoke.,Forest Fire
a snow slide. the mountain pass has become inaccessible.,Avalanche
intense thunder. the market has been damaged. a person has been injured.,Lightning
people are panicking. please help immediately.,Earthquake
extreme heat. please control the fire.,Forest Fire
people are stranded. please send medical assistance.,Landslide
sudden earthquake. urgent rescue is required.,Earthquake
an electric pole is unsafe after the lightning strike.,Lightning
a powerful cyclone. medical assistance is needed.,Cyclone
intense thunder. the market is surrounded by fallen trees.,Lightning
the school has been flooded.,Cyclone
the highway has suffered a power outage. urgent help is needed.,Lightning
our village is unsafe after the lightning strike.,Lightning
the forest road is buried under debris. urgent help is needed.,Landslide
continuous snowfall has affected the trekking route.,Avalanche
a violent storm. please restore electricity.,Cyclone
mountain erosion. please send rescue teams.,Landslide
an intense storm has affected the hospital.,Cyclone
a powerful lightning strike has caused severe damage.,Lightning
continuous tremors. people are trapped.,Earthquake
a powerful cyclone has caused widespread destruction.,Cyclone
a severe thunderstorm. our locality has been damaged.,Lightning
snow accumulation has affected the hill station.,Avalanche
intense sunlight has affected our workplace.,Heatwave
dry weather. the farmland is filled with flames.,Forest Fire
earthquake shock. families are stranded.,Earthquake
continuous lightning has affected an electric pole.,Lightning
our farm has become unsafe because of floodwater.,Flood
the bridge is surrounded by rising water.,Flood
the nearby village is unsafe because of heavy smoke.,Forest Fire
the mountain road is completely blocked.,Landslide
seismic activity. roads are blocked.,Earthquake
a powerful cyclone has affected our village.,Cyclone
very high temperature. drinking water is unavailable.,Heatwave
our locality has become extremely hot.,Heatwave
heatwave conditions. please help immediately.,Heatwave
heavy rainfall. people are stranded.,Landslide
extreme heat. our locality has become unbearable.,Heatwave
the market is difficult to work in. please send medical assistance.,Heatwave
earthquake shock. we need medical help.,Earthquake
ice collapse. please send mountain rescue.,Avalanche
the mountain road has become inaccessible. medical assistance is needed.,Avalanche
our village is buried under debris. please help immediately.,Landslide
heatwave conditions. our workplace is facing extreme temperatures. people are collapsing.,Heatwave
strong earthquake. the road has collapsed.,Earthquake
intense sunlight has affected our workplace.,Heatwave
people are suffering from heatstroke. please provide drinking water.,Heatwave
our locality is filled with flames. urgent evacuation is required.,Forest Fire
people cannot move. urgent rescue is required.,Avalanche
heavy rainfall. our village is flooded. urgent rescue is needed.,Flood
the coastal area has no electricity.,Cyclone
our shelter cannot be reached.,Avalanche
dry weather. roads are closed.,Forest Fire
people cannot move. medical assistance is needed.,Avalanche
violent shaking has caused severe damage to the road.,Earthquake
snow accumulation. urgent rescue is required.,Avalanche
a snow slide. our shelter is blocked by snow. people are trapped.,Avalanche
a severe coastal storm. electricity has been cut off.,Cyclone
strong earthquake. families are stranded.,Earthquake
the farmland has been evacuated. please send firefighters.,Forest Fire
unstable snow has affected the trekking route.,Avalanche
extreme weather conditions has affected our locality.,Cyclone
continuous rainfall. the bridge cannot be reached. medical help is required.,Flood
heatwave conditions. please help immediately.,Heatwave
monsoon rain. my family is trapped.,Flood
clouds burst with intense rain. the bridge cannot be reached. medical help is required.,Flood
soil erosion has caused a major landslide.,Landslide
our village is unsafe because of falling rocks.,Landslide
continuous snowfall has affected the mountain road.,Avalanche
electricity has been cut off. please help immediately.,Cyclone
ambulance cannot reach. please send NDRF.,Flood
clouds burst with intense rain. the bridge has been washed away. please send NDRF.,Flood
very high temperature has affected the school.,Heatwave
families are stranded. please send rescue teams.,Earthquake
people are suffering from heatstroke. ambulance is required.,Heatwave
clouds burst with intense rain has resulted in severe flooding.,Flood
emergency help is needed. please send firefighters.,Lightning
tourists need rescue. evacuation is required.,Avalanche
our house has been flooded.,Cyclone
trees have fallen everywhere. please help immediately.,Cyclone
the highway is burning rapidly.,Forest Fire
the market is experiencing severe heat. please help immediately.,Heatwave
rockfall. please help immediately.,Landslide
many people are dehydrated. urgent help is needed.,Heatwave
continuous lightning has affected our locality.,Lightning
mountain erosion. vehicles are trapped.,Landslide
violent shaking. please help immediately.,Earthquake
the highway is completely blocked. please send medical assistance.,Landslide
our apartment is damaged. please send NDRF.,Earthquake
the nearby village is unsafe.,Forest Fire
continuous snowfall has blocked the entire route.,Avalanche
earthquake shock. please send rescue teams.,Earthquake
people are panicking. urgent rescue is required.,Earthquake
water released from the dam. people need rescue.,Flood
we need drinking water. please send help immediately.,Flood
snow accumulation. urgent rescue is required.,Avalanche
animals are trapped. medical assistance is needed.,Forest Fire
violent shaking has caused severe damage to the market.,Earthquake
extreme heat is spreading rapidly.,Forest Fire
unstable snow. tourists need rescue.,Avalanche
monsoon rain has caused flooding in the highway.,Flood
our colony has become unsafe because of floodwater.,Flood
burning vegetation. urgent evacuation is required.,Forest Fire
our building is shaking. medical assistance is needed.,Earthquake
sudden earthquake has caused severe damage to the bridge.,Earthquake
the highway has become unsafe because of floodwater.,Flood
cyclonic winds. medical assistance is needed.,Cyclone
monsoon rain has caused the school to become flooded.,Flood
our house has been badly damaged.,Cyclone
a violent storm. medical assistance is needed.,Cyclone
dam overflow has caused flooding in the hospital.,Flood
burning vegetation has affected the national park.,Forest Fire
lightning during heavy rain. an electric pole has lost electricity. emergency help is needed.,Lightning
extreme heat. please send firefighters.,Forest Fire
seismic activity. the hospital is shaking. families are stranded.,Earthquake
the mountain pass is covered with snow.,Avalanche
hill slope failure. the bridge has been damaged.,Landslide
prolonged heat. our village is experiencing severe heat. drinking water is unavailable.,Heatwave
a forest fire. houses are at risk.,Forest Fire
continuous rainfall has caused flooding in the road.,Flood
heavy snowfall. please send mountain rescue.,Avalanche
violent shaking has affected the hospital.,Earthquake
the nearby forest is surrounded by fallen trees.,Lightning
extreme heat. ambulance is required.,Heatwave
powerful tremors. families are stranded.,Earthquake
the highway is unsafe because of extreme heat.,Heatwave
continuous hot weather. drinking water is unavailable.,Heatwave
extreme heat. medical assistance is needed.,Forest Fire
earthquake shock. our building has severe structural damage.,Earthquake
continuous tremors has affected the office.,Earthquake
water released from the dam has resulted in severe flooding.,Flood
dry weather. medical assistance is needed.,Forest Fire
the highway is unsafe because of extreme heat.,Heatwave
many people are dehydrated. please send medical assistance.,Heatwave
extreme weather conditions has affected our house.,Cyclone
the highway has been evacuated.,Forest Fire
the forest has been evacuated. help is needed immediately.,Forest Fire
the hospital has lost electricity. please help immediately.,Lightning
unstable snow. people are trapped.,Avalanche
our village has no electricity. urgent rescue is required.,Cyclone
the nearby town has become unbearable. ambulance is required.,Heatwave
record high temperature. the market has become unbearable. people are suffering from heatstroke.,Heatwave
electricity has been cut off. urgent rescue is required.,Cyclone
the bridge is surrounded by rising water.,Flood
the hospital is unsafe after the lightning strike.,Lightning
seismic activity has caused severe damage to our house.,Earthquake
mountain snow movement. urgent rescue is required.,Avalanche
the valley is unsafe because of falling rocks.,Landslide
clouds burst with intense rain has caused our colony to become flooded.,Flood
extreme heat. medical assistance is needed.,Forest Fire
heatwave conditions is causing health problems.,Heatwave
mountain erosion. the mountain road is covered with mud. people are stranded.,Landslide
our village is facing extreme temperatures. please send medical assistance.,Heatwave
our locality cannot be reached. emergency rescue is required.,Landslide
unstable snow. please help immediately.,Avalanche
the hospital is surrounded by rising water.,Flood
rockfall. the bridge cannot be reached. rescue teams are needed.,Landslide
the school is filled with water and people are stranded.,Flood
mountain snow movement. our camp has been buried. families are stranded.,Avalanche
soil erosion has triggered a landslide near our locality.,Landslide
a severe thunderstorm. an electric pole is surrounded by fallen trees. electricity is unavailable.,Lightning
people are stranded. please restore electricity.,Cyclone
continuous hot weather. people are suffering from heatstroke.,Heatwave
very strong winds has caused widespread destruction.,Cyclone
a snow slide has blocked the entire route.,Avalanche
the valley cannot be reached.,Landslide
a snow slide. medical assistance is needed.,Avalanche
cyclonic winds. people are stranded.,Cyclone
loose soil. the mountain road cannot be reached. transport has stopped.,Landslide
the nearby forest is unsafe after the lightning strike.,Lightning
stormy weather. the farm has lost electricity. people are scared.,Lightning
seismic activity. our house is damaged. buildings are collapsing.,Earthquake
our house is shaking. please send rescue teams.,Earthquake
scorching weather. the nearby town is unsafe during the afternoon.,Heatwave
clouds burst with intense rain has caused our colony to become flooded.,Flood
intense thunder. fire has started.,Lightning
soil erosion. families need rescue.,Landslide
a severe coastal storm. the hospital is covered with debris. trees have fallen everywhere.,Cyclone
river overflow has caused the road to become flooded.,Flood
cyclonic winds. our village is surrounded by fallen trees. communication is unavailable.,Cyclone
the hospital is surrounded by fallen trees.,Cyclone
the wildlife sanctuary is unsafe because of heavy smoke.,Forest Fire
the hillside has collapsed. urgent help is needed.,Landslide
a powerful lightning strike. an electric pole is surrounded by fallen trees. a person has been injured.,Lightning
monsoon rain. ambulance cannot reach.,Flood
animals are trapped. medical assistance is needed.,Forest Fire
continuous tremors. medical assistance is needed.,Earthquake
the highway has become unsafe because of floodwater.,Flood
the fishing harbor is unsafe because of strong winds.,Cyclone
our locality is inaccessible. please restore electricity.,Cyclone
intense thunder. fire has started.,Lightning
scorching weather. the nearby town is unsafe during the afternoon.,Heatwave
ice collapse. the mountain road is trapped under snow.,Avalanche
roads are closed. please send medical assistance.,Landslide
people are stranded. please send relief materials.,Cyclone
a severe coastal storm. our village has been flooded.,Cyclone
continuous hot weather. our workplace is experiencing severe heat. many people are dehydrated.,Heatwave
the school is unsafe because of falling rocks.,Landslide
sudden earthquake has affected the road.,Earthquake
a powerful lightning strike. fire has started.,Lightning
we need food. urgent rescue is needed.,Flood
intense sunlight is causing health problems.,Heatwave
medical help is needed. medical assistance is needed.,Avalanche
seismic activity. families are stranded.,Earthquake
the forest road is covered with mud.,Landslide
the nearby town is unsafe because of heavy smoke.,Forest Fire
record high temperature. drinking water is unavailable.,Heatwave
emergency help is needed. medical assistance is required.,Lightning
soil erosion has triggered a landslide near the mountain road.,Landslide
our village is surrounded by rising water.,Flood
continuous rain has triggered a landslide near the highway.,Landslide
roads are closed. road clearance is required.,Landslide
a forest fire. fire is spreading quickly.,Forest Fire
continuous lightning has caused severe damage.,Lightning
heavy rainfall. my family is trapped.,Flood
ice collapse has affected our village.,Avalanche
the nearby forest is surrounded by fallen trees. please help immediately.,Lightning
our locality is unsafe during the afternoon. please help immediately.,Heatwave
continuous snowfall has affected the hill station.,Avalanche
the bridge is no longer safe after the earthquake.,Earthquake
our city is experiencing severe heat. please help immediately.,Heatwave
hill slope failure. the forest road is blocked by rocks. people are stranded.,Landslide
our village is unsafe because of strong winds.,Cyclone
heavy rainfall. the bridge is completely blocked. families need rescue.,Landslide
electricity is unavailable. medical help is required.,Flood
very strong winds. electricity has been cut off.,Cyclone
water released from the dam. the highway is surrounded by water. please send an ambulance.,Flood
continuous tremors has caused severe damage to the road.,Earthquake
our village is flooded.,Flood
a tropical cyclone has affected the school.,Cyclone
lightning during heavy rain. the nearby forest is unsafe. a person has been injured.,Lightning
a powerful cyclone. families need immediate help.,Cyclone
powerful tremors has affected the market.,Earthquake
the forest road has been damaged. please send rescue teams.,Landslide
our village has become extremely hot. please help immediately.,Heatwave
a powerful lightning strike. people need medical help.,Lightning
animals are trapped. please send firefighters.,Forest Fire
houses are at risk. please control the fire.,Forest Fire
our village is unsafe because of extreme heat.,Heatwave
a wildfire has affected the forest.,Forest Fire
families are stranded. urgent rescue is required.,Earthquake
our village has become inaccessible.,Avalanche
medical help is needed. please help immediately.,Avalanche
burning vegetation. houses are at risk.,Forest Fire
the bridge has become unsafe because of floodwater.,Flood
continuous snowfall. people cannot move.,Avalanche
medical help is needed. please help immediately.,Avalanche
very strong winds. the coastal area has lost its roof. roads are blocked.,Cyclone
strong earthquake has affected the bridge.,Earthquake
a severe thunderstorm. the nearby forest has been damaged.,Lightning
the market has been washed away.,Flood
soil erosion. transport has stopped.,Landslide
soil erosion. the mountain road is blocked by rocks. people are stranded.,Landslide
a powerful cyclone has affected the nearby town.,Cyclone
our village has been damaged.,Lightning
electricity has been cut off. urgent rescue is required.,Cyclone
breathing has become difficult. please send emergency teams.,Forest Fire
continuous hot weather. our locality is experiencing severe heat.,Heatwave
intense thunder has affected our village.,Lightning
lightning during heavy rain. people need medical help.,Lightning
the highway has poor visibility. please send emergency teams.,Forest Fire
the mountain pass is unsafe because of heavy snowfall.,Avalanche
the road has developed cracks.,Earthquake
high temperature. the nearby town has been evacuated. houses are at risk.,Forest Fire
breathing has become difficult. help is needed immediately.,Forest Fire
electrical discharge. the school cannot be accessed. emergency help is needed.,Lightning
our locality is facing extreme temperatures.,Heatwave
powerful tremors has caused severe damage to the hospital.,Earthquake
a severe thunderstorm has caused severe damage.,Lightning
our camp is unsafe because of heavy snowfall.,Avalanche
very strong winds. our village has no electricity. families need immediate help.,Cyclone
the highway is unsafe because of falling rocks.,Landslide
continuous rain. the forest road is covered with mud. people are stranded.,Landslide
dam overflow. the highway is surrounded by water. please send an ambulance.,Flood
dam overflow. our village is filled with water. please send NDRF.,Flood
clouds burst with intense rain has caused flooding in the highway.,Flood
strong winds. the wildlife sanctuary is burning rapidly.,Forest Fire
roads are closed. medical assistance is needed.,Forest Fire
transport has stopped. please send medical assistance.,Landslide
scorching weather. the nearby town is facing extreme temperatures. medical help is needed.,Heatwave
seismic activity. our village is shaking.,Earthquake
a tropical cyclone. the hospital is covered with debris. houses are damaged.,Cyclone
roads are closed. please send rescue teams.,Landslide
very strong winds. houses are damaged.,Cyclone
continuous hot weather. please provide drinking water.,Heatwave
hill slope failure has triggered a landslide near the school.,Landslide
a powerful cyclone. the highway has lost its roof. roads are blocked.,Cyclone
unstable hillside has triggered a landslide near the forest road.,Landslide
earthquake shock has affected the road.,Earthquake
extreme heat. the nearby town is facing extreme temperatures. people are suffering from heatstroke.,Heatwave
powerful tremors. families are stranded.,Earthquake
people are panicking. please send NDRF.,Earthquake
a powerful cyclone. the hospital has been flooded.,Cyclone
unstable hillside. the school has been damaged. transport has stopped.,Landslide
the highway cannot be accessed. please help immediately.,Lightning
continuous tremors has caused severe damage to the office.,Earthquake
a wildfire. please send emergency teams.,Forest Fire
ice collapse has blocked the entire route.,Avalanche
ice collapse. people cannot move.,Avalanche
an intense storm. communication is unavailable.,Cyclone
our house is unsafe after the lightning strike.,Lightning
mountain erosion has triggered a landslide near the bridge.,Landslide
mountain erosion. emergency rescue is required.,Landslide
the nearby forest has been damaged. urgent help is needed.,Lightning
our village has caught fire. please send firefighters.,Lightning
heavy snowfall has affected the nearby valley.,Avalanche
a forest fire. the nearby town is burning rapidly. people need immediate help.,Forest Fire
our locality has been flooded.,Cyclone
continuous hot weather. elderly people need help.,Heatwave
people are stranded. please send a rescue boat.,Flood
our shelter cannot be reached. medical assistance is needed.,Avalanche
rockfall. the school cannot be reached. vehicles are trapped.,Landslide
record high temperature is causing health problems.,Heatwave
the mountain pass is unsafe because of heavy snowfall.,Avalanche
strong winds. help is needed immediately.,Forest Fire
a powerful lightning strike. people are scared.,Lightning
our house has been badly damaged.,Cyclone
the highway is unsafe because of heavy snowfall.,Avalanche
mountain erosion. the bridge cannot be reached. transport has stopped.,Landslide
ground shaking. roads are blocked.,Earthquake
loose soil. the valley cannot be reached. rescue teams are needed.,Landslide
a violent storm has caused widespread destruction.,Cyclone
trees have fallen everywhere. please restore electricity.,Cyclone
the bridge is no longer safe after the earthquake.,Earthquake
a powerful cyclone has caused widespread destruction.,Cyclone
our house is filled with water.,Flood
a severe coastal storm has caused widespread destruction.,Cyclone
a tropical cyclone. communication is unavailable.,Cyclone
high temperature. the mountain forest is filled with flames.,Forest Fire
strong winds. please send emergency teams.,Forest Fire
the school has lost its roof. urgent rescue is required.,Cyclone
the coastal area has no electricity.,Cyclone
continuous tremors has caused severe damage to the office.,Earthquake
continuous hot weather has affected our workplace.,Heatwave
continuous tremors. buildings are collapsing.,Earthquake
the nearby town has lost its roof. please send relief materials.,Cyclone
ice collapse. our shelter has become inaccessible.,Avalanche
the hospital is unsafe.,Earthquake
unstable snow has blocked the entire route.,Avalanche
electrical discharge has affected the hospital.,Lightning
the nearby town has been evacuated. please send emergency teams.,Forest Fire
the office is unsafe. please help immediately.,Earthquake
unstable snow. evacuation is required.,Avalanche
soil erosion. the hillside cannot be reached.,Landslide
very strong winds. the school is inaccessible.,Cyclone
river overflow has caused the highway to become flooded.,Flood
the nearby forest has lost electricity. please send firefighters.,Lightning
the mountain forest is unsafe because of heavy smoke.,Forest Fire
our locality has been damaged.,Landslide
stormy weather. a person has been injured.,Lightning
earthquake shock. the bridge is damaged.,Earthquake
a powerful cyclone has caused widespread destruction.,Cyclone
our locality has been evacuated.,Forest Fire
strong winds. people need immediate help.,Forest Fire
intense thunder has affected the nearby forest.,Lightning
an avalanche has blocked the entire route.,Avalanche
we need drinking water. medical help is required.,Flood
mountain snow movement. send emergency teams.,Avalanche
prolonged heat. the highway has become unbearable.,Heatwave
our camp cannot be reached.,Avalanche
lightning during heavy rain. people need medical help.,Lightning
a forest fire. please send emergency teams.,Forest Fire
unstable snow. our camp has been buried. people are trapped.,Avalanche
an intense storm has affected the coastal area.,Cyclone
the highway is surrounded by water.,Flood
extreme heat. many people are dehydrated.,Heatwave
the highway is unsafe after the lightning strike.,Lightning
our village has become inaccessible. medical assistance is needed.,Avalanche
our farm has become unsafe because of floodwater.,Flood
our colony cannot be reached and we need food.,Flood
the bridge is shaking.,Earthquake
snow accumulation. tourists need rescue.,Avalanche
the school is unsafe after the lightning strike.,Lightning
our farm has been washed away.,Flood
our shelter is trapped under snow.,Avalanche
our workplace has become unbearable. please help immediately.,Heatwave
extreme weather conditions. please send emergency teams.,Cyclone
people need medical help. medical assistance is required.,Lightning
mountain snow movement has affected the forest trail.,Avalanche
the market has become unsafe because of floodwater.,Flood
heavy snowfall. the mountain pass is trapped under snow.,Avalanche
a severe coastal storm. electricity has been cut off.,Cyclone
the nearby valley is unsafe. medical assistance is needed.,Avalanche
our building is damaged. please send NDRF.,Earthquake
a snow slide. our camp is covered with snow.,Avalanche
the school has become unsafe because of floodwater.,Flood
intense thunder has affected our house.,Lightning
heavy rainfall. road clearance is required.,Landslide
a violent storm. the highway is inaccessible.,Cyclone
continuous rainfall has caused flooding in our farm.,Flood
the bridge cannot be reached.,Landslide
people are trapped. medical assistance is needed.,Avalanche
the hospital is surrounded by rising water.,Flood
a powerful lightning strike. a person has been injured.,Lightning
heavy rainfall. please send rescue teams.,Landslide
cyclonic winds. the coastal area has no electricity. houses are damaged.,Cyclone
the market has become unsafe because of floodwater.,Flood
unstable hillside. urgent help is needed.,Landslide
the hills is unsafe because of heavy smoke.,Forest Fire
electrical discharge. the market has suffered a power outage. people are scared.,Lightning
snow accumulation has blocked the entire route.,Avalanche
water released from the dam has caused flooding in the bridge.,Flood
mountain erosion has caused a major landslide.,Landslide
prolonged heat. please help immediately.,Heatwave
record high temperature. the highway has no drinking water.,Heatwave
our apartment is unsafe.,Earthquake
drinking water is unavailable. ambulance is required.,Heatwave
extreme heat has affected the highway.,Heatwave
dam overflow. we need food.,Flood
our village is unsafe because of strong winds.,Cyclone
our locality is unsafe because of strong winds.,Cyclone
the farmland is surrounded by fire.,Forest Fire
the market has no electricity.,Cyclone
heatwave conditions. people are collapsing.,Heatwave
emergency help is needed. urgent help is needed.,Lightning
the bridge is surrounded by rising water.,Flood
extreme heat. people are fainting.,Heatwave
heatwave conditions. the nearby town has become unbearable. people are fainting.,Heatwave
the farm is unsafe during the afternoon.,Heatwave
lightning during heavy rain. emergency help is needed.,Lightning
snow accumulation has blocked the entire route.,Avalanche
our apartment has severe structural damage. please send rescue teams.,Earthquake
a wildfire. the nearby village is burning rapidly.,Forest Fire
clouds burst with intense rain has caused the bridge to become flooded.,Flood
the office has partially collapsed. ambulance is needed.,Earthquake
unstable snow has affected our shelter.,Avalanche
ground shaking. please send NDRF.,Earthquake
the market has caught fire. emergency rescue is required.,Lightning
communication is unavailable. please restore electricity.,Cyclone
electrical discharge has caused severe damage.,Lightning
a powerful cyclone has caused widespread destruction.,Cyclone
the nearby town is unsafe because of extreme heat.,Heatwave
the highway is unsafe because of heavy smoke.,Forest Fire
our locality has suffered a power outage.,Lightning
the market has become unbearable. please help immediately.,Heatwave
dry weather. people are evacuating.,Forest Fire
the highway is covered with debris. medical assistance is needed.,Cyclone
the highway is unsafe because of extreme heat.,Heatwave
a wildfire is spreading rapidly.,Forest Fire
our city has no drinking water. urgent help is needed.,Heatwave
a powerful lightning strike has caused severe damage.,Lightning
people are trapped. please help immediately.,Earthquake
continuous tremors. our village has developed cracks. people are trapped.,Earthquake
continuous snowfall. the trekking route is trapped under snow.,Avalanche
sudden earthquake. buildings are collapsing.,Earthquake
people are fainting. please help immediately.,Heatwave
very strong winds has affected our house.,Cyclone
clouds burst with intense rain. the hospital is filled with water. please send help immediately.,Flood
a lightning strike has affected the nearby forest.,Lightning
unstable snow has blocked the entire route.,Avalanche
heavy snowfall. the forest trail is trapped under snow. vehicles are stuck.,Avalanche
a violent storm. houses are damaged.,Cyclone
our farm has been washed away and people are stranded.,Flood
clouds burst with intense rain. the market cannot be reached. medical help is required.,Flood
continuous snowfall has affected the hill station.,Avalanche
strong earthquake has caused severe damage to the hospital.,Earthquake
people cannot leave. road clearance is required.,Landslide
rockfall. the mountain road is covered with mud.,Landslide
ice collapse. our shelter has been buried. tourists need rescue.,Avalanche
soil erosion has triggered a landslide near the valley.,Landslide
prolonged heat is causing health problems.,Heatwave
our farm has become unsafe because of floodwater.,Flood
my family is trapped. please send an ambulance.,Flood
the mountain pass has become inaccessible. please help immediately.,Avalanche
communication has stopped. please help immediately.,Lightning
prolonged heat. medical teams are needed.,Heatwave
extreme weather conditions. the fishing harbor is surrounded by fallen trees.,Cyclone
our locality has poor visibility. please send emergency teams.,Forest Fire
the valley is buried under debris. emergency rescue is required.,Landslide
an intense storm. the market is surrounded by fallen trees.,Cyclone
a tropical cyclone has caused widespread destruction.,Cyclone
electricity is unavailable. medical assistance is required.,Lightning
the trekking route is unsafe because of heavy snowfall.,Avalanche
continuous tremors. people are panicking.,Earthquake
prolonged heat. please provide drinking water.,Heatwave
extreme weather conditions has affected the nearby town.,Cyclone
our camp is unsafe because of heavy snowfall.,Avalanche
soil erosion. roads are closed.,Landslide
snow accumulation. tourists need rescue.,Avalanche
heatwave conditions. please help immediately.,Heatwave
our village has suffered a power outage.,Lightning
a wildfire. please send emergency teams.,Forest Fire
our village has been badly damaged. please restore electricity.,Cyclone
people are fainting. ambulance is required.,Heatwave
violent shaking. buildings are collapsing.,Earthquake
the hospital is unsafe after the lightning strike.,Lightning
the forest trail is blocked by snow. medical assistance is needed.,Avalanche
loose soil has caused a major landslide.,Landslide
the hospital has become unsafe because of floodwater.,Flood
continuous snowfall. the mountain pass is blocked by snow.,Avalanche
a spreading fire. the hills is filled with flames. breathing has become difficult.,Forest Fire
our apartment is no longer safe after the earthquake.,Earthquake
continuous rain. our village has collapsed.,Landslide
the coastal area is inaccessible.,Cyclone
water released from the dam has caused the highway to become flooded.,Flood
people are collapsing. please help immediately.,Heatwave
continuous lightning has caused severe damage.,Lightning
the mountain road is unsafe because of falling rocks.,Landslide
continuous hot weather. medical teams are needed.,Heatwave
our locality is unsafe because of extreme heat.,Heatwave
mountain erosion has triggered a landslide near the highway.,Landslide
continuous tremors. our apartment has severe structural damage.,Earthquake
continuous snowfall has affected our camp.,Avalanche
people need medical help. please send firefighters.,Lightning
the school is filled with water.,Flood
roads are closed. please help immediately.,Landslide
the nearby valley is unsafe. evacuation is required.,Avalanche
mountain erosion. families need rescue.,Landslide
an electric pole is unsafe after the lightning strike.,Lightning
high temperature. please send emergency teams.,Forest Fire
our village is shaking.,Earthquake
unstable hillside. people are stranded.,Landslide
a forest fire has affected the national park.,Forest Fire
extreme heat is spreading rapidly.,Forest Fire
cyclonic winds has caused widespread destruction.,Cyclone
the nearby town has no drinking water.,Heatwave
high temperature is spreading rapidly.,Forest Fire
heatwave conditions has affected our workplace.,Heatwave
extreme heat has affected our locality.,Heatwave
a severe thunderstorm. communication has stopped.,Lightning
houses are at risk. please send firefighters.,Forest Fire
our locality is unsafe.,Lightning
extreme weather conditions has caused widespread destruction.,Cyclone
earthquake shock. please help immediately.,Earthquake
dry weather. the mountain forest is unsafe. breathing has become difficult.,Forest Fire
mountain erosion has triggered a landslide near the hillside.,Landslide
heavy rainfall. please send rescue teams.,Landslide
the nearby valley cannot be reached. evacuation is required.,Avalanche
very high temperature. the construction site is facing extreme temperatures. medical help is needed.,Heatwave
river overflow has caused our village to become flooded.,Flood
river overflow. ambulance cannot reach.,Flood
the forest is unsafe. help is needed immediately.,Forest Fire
the farm has lost electricity.,Lightning
heavy rainfall. our locality is blocked by rocks. people cannot leave.,Landslide
a powerful lightning strike has caused severe damage.,Lightning
unstable snow. the hill station has become inaccessible. medical help is needed.,Avalanche
sudden earthquake has caused severe damage to our building.,Earthquake
the office has partially collapsed. urgent rescue is required.,Earthquake
people are evacuating. please send firefighters.,Forest Fire
an avalanche. the hill station cannot be reached. medical help is needed.,Avalanche
mountain snow movement. vehicles are stuck.,Avalanche
the hospital is inaccessible.,Cyclone
rockfall has caused a major landslide.,Landslide
continuous lightning. the school has lost electricity.,Lightning
continuous snowfall. people are trapped.,Avalanche
continuous hot weather. please send medical assistance.,Heatwave
an avalanche. the highway is covered with snow. people are trapped.,Avalanche
the market cannot be accessed. urgent help is needed.,Lightning
river overflow. my family is trapped.,Flood
our house is inaccessible.,Cyclone
continuous snowfall has blocked the entire route.,Avalanche
unstable snow has blocked the entire route.,Avalanche
an avalanche has blocked the entire route.,Avalanche
our shelter has been buried. send emergency teams.,Avalanche
the valley has collapsed.,Landslide
ground shaking. please send rescue teams.,Earthquake
prolonged heat has affected the highway.,Heatwave
continuous snowfall has affected our camp.,Avalanche
extreme heat. the school is unsafe during the afternoon. many people are dehydrated.,Heatwave
prolonged heat. please help immediately.,Heatwave
the national park is burning rapidly.,Forest Fire
a severe coastal storm. the nearby town has lost its roof. communication is unavailable.,Cyclone
the school has lost its roof.,Cyclone
continuous tremors has caused severe damage to the road.,Earthquake
the bridge is unsafe because of falling rocks.,Landslide
violent shaking has affected the school.,Earthquake
a severe thunderstorm has caused severe damage.,Lightning
the school has suffered a power outage.,Lightning
our building is no longer safe after the earthquake.,Earthquake
the mountain forest has poor visibility.,Forest Fire
medical help is needed. please send medical assistance.,Heatwave
our shelter is unsafe.,Avalanche
the highway is unsafe.,Avalanche
high temperature is spreading rapidly.,Forest Fire
cyclonic winds. the school is surrounded by fallen trees.,Cyclone
the office is no longer safe after the earthquake.,Earthquake
a tropical cyclone. our house is covered with debris. communication is unavailable.,Cyclone
a tropical cyclone. the highway is surrounded by fallen trees.,Cyclone
the market is unsafe after the lightning strike.,Lightning
mountain erosion. transport has stopped.,Landslide
an intense storm. please help immediately.,Cyclone
the nearby valley is unsafe because of heavy snowfall.,Avalanche
dry weather. the wildlife sanctuary is surrounded by fire. people are evacuating.,Forest Fire
the bridge is no longer safe after the earthquake.,Earthquake
our village has become unsafe because of floodwater.,Flood
continuous rain. please send medical assistance.,Landslide
a forest fire has affected the wildlife sanctuary.,Forest Fire
continuous lightning. the hospital has suffered a power outage. communication has stopped.,Lightning
the hospital is unsafe. medical assistance is needed.,Earthquake
rockfall. our village is buried under debris.,Landslide
continuous hot weather is causing health problems.,Heatwave
the school is blocked by rocks.,Landslide
continuous tremors. the office has partially collapsed. buildings are collapsing.,Earthquake
very high temperature is causing health problems.,Heatwave
our village has been buried. send emergency teams.,Avalanche
loose soil. rescue teams are needed.,Landslide
scorching weather is causing health problems.,Heatwave
electrical discharge. urgent help is needed.,Lightning
high temperature. medical assistance is needed.,Forest Fire
mountain erosion. the bridge cannot be reached. people cannot leave.,Landslide
the farm is unsafe after the lightning strike.,Lightning
very strong winds. electricity has been cut off.,Cyclone
a wildfire is spreading rapidly.,Forest Fire
extreme heat is spreading rapidly.,Forest Fire
unstable snow has affected the mountain road.,Avalanche
medical help is needed. please help immediately.,Avalanche
people are stranded. please help immediately.,Cyclone
the highway has collapsed. emergency rescue is required.,Landslide
very high temperature has affected the nearby town.,Heatwave
electricity has been cut off. please help immediately.,Cyclone
the office has severe structural damage.,Earthquake
continuous rain. people cannot leave.,Landslide
burning vegetation is spreading rapidly.,Forest Fire
our camp is unsafe because of heavy snowfall.,Avalanche
ambulance cannot reach. urgent rescue is needed.,Flood
people are scared. emergency rescue is required.,Lightning
the highway is unsafe after the lightning strike.,Lightning
our village is covered with mud. emergency rescue is required.,Landslide
continuous hot weather. our workplace has become unbearable. people are suffering from heatstroke.,Heatwave
heatwave conditions. the construction site is unsafe during the afternoon. drinking water is unavailable.,Heatwave
a severe coastal storm. our locality is inaccessible.,Cyclone
our village has collapsed. please send NDRF.,Earthquake
people are stranded. medical help is required.,Flood
cyclonic winds has affected the coastal area.,Cyclone
electrical discharge has caused severe damage.,Lightning
the hillside is buried under debris.,Landslide
the nearby forest has caught fire.,Lightning
an intense storm. our locality is inaccessible. roads are blocked.,Cyclone
heavy rainfall. rescue teams are needed.,Landslide
our locality is unsafe because of heavy smoke.,Forest Fire
the road is surrounded by rising water.,Flood
the farm has been damaged. please send firefighters.,Lightning
the coastal area is surrounded by fallen trees. please send relief materials.,Cyclone
heavy rainfall. please send rescue teams.,Landslide
the market is surrounded by fallen trees. medical assistance is required.,Lightning
the fishing harbor is inaccessible. urgent rescue is required.,Cyclone
the road is unsafe. please help immediately.,Earthquake
the trekking route is trapped under snow. urgent rescue is required.,Avalanche
our house is surrounded by fallen trees.,Cyclone
stormy weather has caused severe damage.,Lightning
continuous tremors. many people are injured.,Earthquake
our camp is unsafe. medical assistance is needed.,Avalanche
seismic activity. our apartment is shaking.,Earthquake
our shelter is covered with snow. medical assistance is needed.,Avalanche
the mountain forest is unsafe because of heavy smoke.,Forest Fire
river overflow has caused flooding in the hospital.,Flood
the farm is unsafe. please send firefighters.,Lightning
our house cannot be reached.,Landslide
continuous hot weather. the construction site has become extremely hot. people are collapsing.,Heatwave
monsoon rain has caused the school to become flooded.,Flood
roads are closed. please send emergency teams.,Forest Fire
our farm has become unsafe because of floodwater.,Flood
extreme weather conditions. the fishing harbor has been badly damaged. communication is unavailable.,Cyclone
a violent storm. houses are damaged.,Cyclone
extreme weather conditions has caused widespread destruction.,Cyclone
the highway has become unbearable. medical teams are needed.,Heatwave
roads are blocked. please help immediately.,Cyclone
a severe coastal storm. our house is covered with debris.,Cyclone
dry weather. fire is spreading quickly.,Forest Fire
the hospital has become unsafe because of floodwater.,Flood
loose soil. the bridge is completely blocked. roads are closed.,Landslide
river overflow has caused our colony to become flooded.,Flood
breathing has become difficult. medical assistance is needed.,Forest Fire
dry weather. people need immediate help.,Forest Fire
rockfall has caused a major landslide.,Landslide
powerful tremors. the hospital has partially collapsed. families are stranded.,Earthquake
very strong winds. our house is inaccessible.,Cyclone
the mountain road is unsafe because of falling rocks.,Landslide
people need rescue. please send help immediately.,Flood
our house cannot be accessed. please help immediately.,Lightning
continuous snowfall has blocked the entire route.,Avalanche
a severe coastal storm has affected our house.,Cyclone
the hospital is unsafe after the lightning strike.,Lightning
the nearby town is unsafe during the afternoon.,Heatwave
the highway is burning rapidly.,Forest Fire
high temperature. the mountain forest is filled with flames.,Forest Fire
intense sunlight. the market is experiencing severe heat. drinking water is unavailable.,Heatwave
our camp has been buried. evacuation is required.,Avalanche
intense sunlight has affected our village.,Heatwave
trees have fallen everywhere. please restore electricity.,Cyclone
blocked drainage. our farm has been washed away. urgent rescue is needed.,Flood
the nearby valley is unsafe because of heavy snowfall.,Avalanche
heavy rainfall. electricity is unavailable.,Flood
a severe thunderstorm has affected an electric pole.,Lightning
people are scared. please send an ambulance.,Lightning
loose soil. please help immediately.,Landslide
continuous tremors has caused severe damage to our village.,Earthquake
rockfall has caused a major landslide.,Landslide
an intense storm has caused widespread destruction.,Cyclone
intense sunlight is causing health problems.,Heatwave
a powerful lightning strike. the market has caught fire.,Lightning
our locality is unsafe because of falling rocks.,Landslide
breathing has become difficult. urgent evacuation is required.,Forest Fire
unstable snow has blocked the entire route.,Avalanche
a spreading fire. the forest is covered with smoke. people need immediate help.,Forest Fire
dry weather. houses are at risk.,Forest Fire
soil erosion. emergency rescue is required.,Landslide
cyclonic winds has affected our village.,Cyclone
a forest fire has affected the farmland.,Forest Fire
a severe coastal storm. trees have fallen everywhere.,Cyclone
continuous lightning. urgent help is needed.,Lightning
the fishing harbor is covered with debris. please send emergency teams.,Cyclone
a snow slide has affected our village.,Avalanche
intense thunder. an electric pole has suffered a power outage. a person has been injured.,Lightning
an intense storm. our village has been badly damaged. houses are damaged.,Cyclone
emergency help is needed. please send firefighters.,Lightning
continuous snowfall has affected the trekking route.,Avalanche
high temperature. the nearby village is burning rapidly. animals are trapped.,Forest Fire
clouds burst with intense rain has caused flooding in our colony.,Flood
the market is shaking.,Earthquake
high temperature has affected the national park.,Forest Fire
roads are blocked. urgent rescue is required.,Avalanche
burning vegetation has affected the wildlife sanctuary.,Forest Fire
the hospital is no longer safe after the earthquake.,Earthquake
snow accumulation. our camp has been buried.,Avalanche
intense thunder. please send an ambulance.,Lightning
seismic activity. our house has severe structural damage.,Earthquake
the nearby valley has been buried. medical assistance is needed.,Avalanche
an avalanche has blocked the entire route.,Avalanche
continuous rainfall has caused the highway to become flooded.,Flood
heavy rainfall. urgent help is needed.,Landslide
intense thunder. please help immediately.,Lightning
monsoon rain has caused flooding in our farm.,Flood
tourists need rescue. send emergency teams.,Avalanche
our locality is unsafe because of falling rocks.,Landslide
extreme weather conditions has affected the market.,Cyclone
monsoon rain. the road is surrounded by water. please send a rescue boat.,Flood
our apartment is no longer safe after the earthquake.,Earthquake
burning vegetation. people are evacuating.,Forest Fire
our apartment is no longer safe after the earthquake.,Earthquake
the mountain forest is unsafe because of heavy smoke.,Forest Fire
electrical discharge. medical assistance is required.,Lightning
people need immediate help. help is needed immediately.,Forest Fire
a snow slide. people are trapped.,Avalanche
extreme weather conditions has caused widespread destruction.,Cyclone
powerful tremors. urgent rescue is required.,Earthquake
the highway is surrounded by rising water.,Flood
powerful tremors. people are panicking.,Earthquake
our house has become unsafe because of floodwater.,Flood
heavy rainfall. the school is flooded. please send NDRF.,Flood
our village is unsafe. please send firefighters.,Lightning
heavy rainfall has resulted in severe flooding.,Flood
strong earthquake. please help immediately.,Earthquake
people are evacuating. help is needed immediately.,Forest Fire
the market has no drinking water.,Heatwave
families need immediate help. urgent rescue is required.,Cyclone
the farmland is filled with flames.,Forest Fire
prolonged heat. people are collapsing.,Heatwave
transport has stopped. road clearance is required.,Landslide
our city is unsafe during the afternoon. please send medical assistance.,Heatwave
our house cannot be reached.,Landslide
dam overflow has caused the bridge to become flooded.,Flood
our farm is surrounded by rising water.,Flood
heavy rainfall. the road has been washed away. please send an ambulance.,Flood
our house is unsafe because of strong winds.,Cyclone
the market is surrounded by rising water.,Flood
a spreading fire. please send emergency teams.,Forest Fire
mountain snow movement has blocked the entire route.,Avalanche
unstable snow has affected our village.,Avalanche
buildings are collapsing. urgent rescue is required.,Earthquake
our colony has become unsafe because of floodwater.,Flood
people cannot leave. urgent help is needed.,Landslide
mountain erosion has triggered a landslide near the bridge.,Landslide
the hills is unsafe because of heavy smoke.,Forest Fire
roads are blocked. ambulance is needed.,Earthquake
the market has become unsafe because of floodwater.,Flood
an intense storm has caused widespread destruction.,Cyclone
continuous lightning. an electric pole is unsafe.,Lightning
people are stranded. road clearance is required.,Landslide
very strong winds. the nearby town is inaccessible.,Cyclone
river overflow. our colony is underwater. please send an ambulance.,Flood
an avalanche has blocked the entire route.,Avalanche
water released from the dam. the bridge cannot be reached. please send help immediately.,Flood
the road is shaking.,Earthquake
the market is unsafe because of strong winds.,Cyclone
the hospital is surrounded by water.,Flood
dam overflow. the school is surrounded by water. please send help immediately.,Flood
intense thunder. a person has been injured.,Lightning
cyclonic winds has caused widespread destruction.,Cyclone
heavy rainfall. emergency rescue is required.,Landslide
the nearby village is unsafe because of heavy smoke.,Forest Fire
mountain erosion has triggered a landslide near the forest road.,Landslide
the market has partially collapsed. please send NDRF.,Earthquake
heatwave conditions. please help immediately.,Heatwave
an electric pole has lost electricity. emergency rescue is required.,Lightning
blocked drainage has caused the hospital to become flooded.,Flood
high temperature. the wildlife sanctuary is covered with smoke. people are evacuating.,Forest Fire
river overflow. roads are blocked.,Flood
violent shaking has caused severe damage to our building.,Earthquake
animals are trapped. please send emergency teams.,Forest Fire
the mountain forest is unsafe because of heavy smoke.,Forest Fire
lightning during heavy rain. the school has been damaged.,Lightning
the school is surrounded by fallen trees. please send relief materials.,Cyclone
an avalanche. evacuation is required.,Avalanche
soil erosion. our locality has been damaged.,Landslide
the mountain road is blocked by rocks. road clearance is required.,Landslide
heatwave conditions. please send medical assistance.,Heatwave
loose soil has triggered a landslide near our house.,Landslide
the forest trail cannot be reached.,Avalanche
water released from the dam has resulted in severe flooding.,Flood
ground shaking. our apartment has collapsed. buildings are collapsing.,Earthquake
the market is unsafe. medical assistance is needed.,Earthquake
violent shaking has caused severe damage to the road.,Earthquake
violent shaking has affected the road.,Earthquake
a lightning strike. the farm is unsafe. fire has started.,Lightning
our house has been badly damaged. please send emergency teams.,Cyclone
extreme heat. the highway is burning rapidly. fire is spreading quickly.,Forest Fire
people cannot leave. emergency rescue is required.,Landslide
high temperature. houses are at risk.,Forest Fire
the school is completely blocked. please send rescue teams.,Landslide
violent shaking has caused severe damage to the school.,Earthquake
people cannot leave. emergency rescue is required.,Landslide
dry weather. urgent evacuation is required.,Forest Fire
people are evacuating. medical assistance is needed.,Forest Fire
the hospital has collapsed. please send NDRF.,Earthquake
seismic activity. people are panicking.,Earthquake
hill slope failure has triggered a landslide near the valley.,Landslide
vehicles are trapped. urgent help is needed.,Landslide
unstable hillside. urgent help is needed.,Landslide
heavy rainfall has resulted in severe flooding.,Flood
vehicles are trapped. please send rescue teams.,Landslide
the highway is covered with snow.,Avalanche
monsoon rain. we need drinking water.,Flood
the highway is unsafe because of heavy snowfall.,Avalanche
the forest road has collapsed. please send medical assistance.,Landslide
dry weather. the nearby town is burning rapidly. roads are closed.,Forest Fire
heavy snowfall. evacuation is required.,Avalanche
our village has become inaccessible.,Avalanche
a snow slide. the mountain pass is covered with snow. people are trapped.,Avalanche
seismic activity. please help immediately.,Earthquake
the forest is unsafe.,Forest Fire
sudden earthquake. families are stranded.,Earthquake
houses are damaged. please send emergency teams.,Cyclone
ice collapse. the forest trail is trapped under snow. roads are blocked.,Avalanche
our village has collapsed.,Earthquake
continuous hot weather. urgent help is needed.,Heatwave
transport has stopped. please send rescue teams.,Landslide
the coastal area has been badly damaged.,Cyclone
mountain snow movement. the hill station has been buried.,Avalanche
a wildfire is spreading rapidly.,Forest Fire
continuous tremors. we need medical help.,Earthquake
extreme weather conditions has affected the highway.,Cyclone
blocked drainage. our house has been washed away. please send a rescue boat.,Flood
very high temperature. the construction site has no drinking water. people are suffering from heatstroke.,Heatwave
lightning during heavy rain. our locality has suffered a power outage.,Lightning
a snow slide. our shelter has become inaccessible.,Avalanche
the nearby village is unsafe because of heavy smoke.,Forest Fire
earthquake shock has affected the office.,Earthquake
heavy snowfall has affected the forest trail.,Avalanche
the highway has poor visibility.,Forest Fire
the highway is experiencing severe heat.,Heatwave
an avalanche. urgent rescue is required.,Avalanche
unstable hillside has caused a major landslide.,Landslide
heavy rainfall. ambulance cannot reach.,Flood
people cannot leave. please send rescue teams.,Landslide
our farm has become unsafe because of floodwater.,Flood
snow accumulation. people are trapped.,Avalanche
a lightning strike has caused severe damage.,Lightning
the mountain pass is unsafe because of heavy snowfall.,Avalanche
the farm has no drinking water.,Heatwave
a snow slide. urgent rescue is required.,Avalanche
a powerful lightning strike. communication has stopped.,Lightning
a severe thunderstorm. please send firefighters.,Lightning
the hospital is unsafe because of strong winds.,Cyclone
continuous snowfall has blocked the entire route.,Avalanche
cyclonic winds has caused widespread destruction.,Cyclone
scorching weather has affected the highway.,Heatwave
the highway has poor visibility. please control the fire.,Forest Fire
our locality has lost its roof.,Cyclone
many people are dehydrated. please send medical assistance.,Heatwave
our house is surrounded by rising water.,Flood
our apartment is no longer safe after the earthquake.,Earthquake
the hill station is unsafe because of heavy snowfall.,Avalanche
monsoon rain. my family is trapped.,Flood
soil erosion. the mountain road has collapsed.,Landslide
heavy rainfall has caused the highway to become flooded.,Flood
snow accumulation has blocked the entire route.,Avalanche
our house is covered with mud.,Landslide
heavy rainfall. our locality has been damaged. roads are closed.,Landslide
snow accumulation. the mountain pass is trapped under snow. vehicles are stuck.,Avalanche
clouds burst with intense rain has caused our colony to become flooded.,Flood
very strong winds. medical assistance is needed.,Cyclone
sudden earthquake has caused severe damage to our apartment.,Earthquake
the hospital has lost its roof. please help immediately.,Cyclone
our village is unsafe. urgent rescue is required.,Avalanche
blocked drainage has resulted in severe flooding.,Flood
the farm is surrounded by fallen trees. emergency rescue is required.,Lightning
record high temperature. the nearby town is experiencing severe heat. many people are dehydrated.,Heatwave
soil erosion. the school has been damaged.,Landslide
the mountain forest is unsafe.,Forest Fire
the road has partially collapsed.,Earthquake
the school has lost its roof. please help immediately.,Cyclone
medical help is needed. send emergency teams.,Avalanche
a severe thunderstorm. the hospital is unsafe. people are scared.,Lightning
our house cannot be accessed.,Lightning
our house is surrounded by fallen trees. medical assistance is needed.,Cyclone
a powerful cyclone. our village has lost its roof. communication is unavailable.,Cyclone
people are stranded. urgent help is needed.,Landslide
our building is unsafe. medical assistance is needed.,Earthquake
heavy rainfall. our house has been damaged. people are stranded.,Landslide
the nearby town is unsafe because of strong winds.,Cyclone
the highway is unsafe after the lightning strike.,Lightning
the road is no longer safe after the earthquake.,Earthquake
clouds burst with intense rain has caused the road to become flooded.,Flood
river overflow has caused flooding in the bridge.,Flood
a snow slide. please help immediately.,Avalanche
an avalanche has blocked the entire route.,Avalanche
the construction site has no drinking water.,Heatwave
our farm is surrounded by rising water.,Flood
monsoon rain. people are stranded.,Flood
mountain snow movement has affected the forest trail.,Avalanche
our village has collapsed.,Earthquake
the school is damaged.,Earthquake
an electric pole is unsafe.,Lightning
our village is unsafe after the lightning strike.,Lightning
the school has no drinking water. please send medical assistance.,Heatwave
continuous hot weather is causing health problems.,Heatwave
lightning during heavy rain has affected the highway.,Lightning
strong winds. animals are trapped.,Forest Fire
the school is filled with water.,Flood
the nearby town is unsafe because of extreme heat.,Heatwave
a tropical cyclone has affected our house.,Cyclone
a lightning strike has affected our locality.,Lightning
prolonged heat. medical teams are needed.,Heatwave
high temperature has affected the national park.,Forest Fire
stormy weather. electricity is unavailable.,Lightning
our locality is unsafe. medical assistance is required.,Lightning
soil erosion. please send medical assistance.,Landslide
we need drinking water. please send NDRF.,Flood
roads are blocked. please help immediately.,Cyclone
the nearby forest has suffered a power outage. please help immediately.,Lightning
loose soil. the valley is blocked by rocks.,Landslide
a spreading fire. our locality is filled with flames. breathing has become difficult.,Forest Fire
powerful tremors has caused severe damage to the hospital.,Earthquake
intense sunlight is causing health problems.,Heatwave
the hillside is unsafe because of falling rocks.,Landslide
unstable snow. the highway is unsafe.,Avalanche
a tropical cyclone. the school has lost its roof.,Cyclone
the forest trail is unsafe. medical assistance is needed.,Avalanche
families need immediate help. urgent rescue is required.,Cyclone
a spreading fire. animals are trapped.,Forest Fire
rockfall has triggered a landslide near the mountain road.,Landslide
our house has severe structural damage. ambulance is needed.,Earthquake
we need drinking water. please send NDRF.,Flood
we need food. please send a rescue boat.,Flood
scorching weather. our workplace is facing extreme temperatures. many people are dehydrated.,Heatwave
prolonged heat. our locality has become unbearable. people are suffering from heatstroke.,Heatwave
continuous rain. people cannot leave.,Landslide
sudden earthquake has caused severe damage to the office.,Earthquake
ice collapse. our shelter is trapped under snow. people are trapped.,Avalanche
the forest trail is unsafe because of heavy snowfall.,Avalanche
a violent storm. please send emergency teams.,Cyclone
our house is unsafe because of falling rocks.,Landslide
prolonged heat is causing health problems.,Heatwave
the forest is unsafe because of heavy smoke.,Forest Fire
ground shaking. please send NDRF.,Earthquake
the coastal area is unsafe because of strong winds.,Cyclone
seismic activity. we need medical help.,Earthquake
our building has collapsed.,Earthquake
the nearby valley is unsafe because of heavy snowfall.,Avalanche
extreme weather conditions has affected the fishing harbor.,Cyclone
soil erosion. the school is buried under debris. roads are closed.,Landslide
ice collapse. vehicles are stuck.,Avalanche
families are stranded. ambulance is needed.,Earthquake
a powerful lightning strike. the school has lost electricity.,Lightning
the hillside has collapsed. please send rescue teams.,Landslide
powerful tremors. medical assistance is needed.,Earthquake
heatwave conditions is causing health problems.,Heatwave
scorching weather. please provide drinking water.,Heatwave
cyclonic winds. the highway has lost its roof.,Cyclone
heavy rainfall. please help immediately.,Landslide
rockfall. please send medical assistance.,Landslide
the highway has been badly damaged. please send emergency teams.,Cyclone
unstable snow. our village is blocked by snow.,Avalanche
a snow slide has blocked the entire route.,Avalanche
stormy weather. the school has caught fire. people need medical help.,Lightning
the trekking route cannot be reached. please help immediately.,Avalanche
soil erosion. the valley is buried under debris.,Landslide
continuous tremors. the school is shaking.,Earthquake
burning vegetation has affected the hills.,Forest Fire
the nearby village is filled with flames. help is needed immediately.,Forest Fire
ground shaking. the road has developed cracks.,Earthquake
families need rescue. please send rescue teams.,Landslide
the office is no longer safe after the earthquake.,Earthquake
dam overflow. ambulance cannot reach.,Flood
an intense storm. roads are blocked.,Cyclone
a forest fire has affected our locality.,Forest Fire
intense thunder. our village has been damaged.,Lightning
the highway cannot be reached.,Flood
our village has severe structural damage. please send rescue teams.,Earthquake
an electric pole is unsafe after the lightning strike.,Lightning
the bridge has collapsed. ambulance is needed.,Earthquake
the wildlife sanctuary has been evacuated. please send firefighters.,Forest Fire
a violent storm has affected the school.,Cyclone
electrical discharge. people are scared.,Lightning
the mountain road is covered with snow.,Avalanche
a powerful cyclone. trees have fallen everywhere.,Cyclone
very high temperature. please help immediately.,Heatwave
people are trapped. please help immediately.,Avalanche
stormy weather has affected our locality.,Lightning
the nearby town is unsafe during the afternoon. please send medical assistance.,Heatwave
our village is unsafe after the lightning strike.,Lightning
heavy rainfall. please help immediately.,Landslide
an intense storm has affected our house.,Cyclone
prolonged heat. please help immediately.,Heatwave
the school has partially collapsed. please send NDRF.,Earthquake
an avalanche. the trekking route has been buried. medical help is needed.,Avalanche
families need immediate help. please send emergency teams.,Cyclone
a tropical cyclone has affected the hospital.,Cyclone
the valley is buried under debris. please send rescue teams.,Landslide
continuous rain. the hillside is blocked by rocks. rescue teams are needed.,Landslide
heavy rainfall. the highway is covered with mud. rescue teams are needed.,Landslide
loose soil. the highway is completely blocked.,Landslide
the nearby town is surrounded by fire. please send firefighters.,Forest Fire
hill slope failure has caused a major landslide.,Landslide
loose soil has caused a major landslide.,Landslide
unstable snow. families are stranded.,Avalanche
an intense storm. the fishing harbor has no electricity. people are stranded.,Cyclone
a violent storm. medical assistance is needed.,Cyclone
a snow slide. the hill station is unsafe. people are trapped.,Avalanche
the school is unsafe because of falling rocks.,Landslide
the highway is covered with smoke. help is needed immediately.,Forest Fire
a severe coastal storm has affected the coastal area.,Cyclone
a forest fire. houses are at risk.,Forest Fire
our locality is experiencing severe heat.,Heatwave
a tropical cyclone. the fishing harbor is covered with debris. electricity has been cut off.,Cyclone
sudden earthquake has affected the bridge.,Earthquake
burning vegetation. people need immediate help.,Forest Fire
electrical discharge. communication has stopped.,Lightning
our village is unsafe because of falling rocks.,Landslide
a lightning strike has affected an electric pole.,Lightning
scorching weather. elderly people need help.,Heatwave
ground shaking. the school is damaged. people are panicking.,Earthquake
scorching weather. our workplace has become unbearable.,Heatwave
our house is covered with mud. emergency rescue is required.,Landslide
seismic activity. medical assistance is needed.,Earthquake
a powerful cyclone. electricity has been cut off.,Cyclone
electrical discharge. our village cannot be accessed.,Lightning
a violent storm. the hospital is inaccessible. electricity has been cut off.,Cyclone
continuous snowfall. the mountain road cannot be reached. medical help is needed.,Avalanche
loose soil. please send medical assistance.,Landslide
strong winds is spreading rapidly.,Forest Fire
a severe coastal storm. urgent rescue is required.,Cyclone
the wildlife sanctuary is unsafe because of heavy smoke.,Forest Fire
strong winds. please control the fire.,Forest Fire
our house is unsafe after the lightning strike.,Lightning
the school is filled with water.,Flood
an avalanche. please help immediately.,Avalanche
electrical discharge. please send firefighters.,Lightning
a lightning strike. people are scared.,Lightning
animals are trapped. medical assistance is needed.,Forest Fire
an intense storm has caused widespread destruction.,Cyclone
a lightning strike. fire has started.,Lightning
families are stranded. medical assistance is needed.,Earthquake
our colony is flooded.,Flood
people need medical help. please send an ambulance.,Lightning
the mountain pass has become inaccessible.,Avalanche
blocked drainage has resulted in severe flooding.,Flood
prolonged heat is causing health problems.,Heatwave
earthquake shock. the road is damaged.,Earthquake
the bridge has become unsafe because of floodwater.,Flood
medical help is needed. please provide drinking water.,Heatwave
heavy snowfall. urgent rescue is required.,Avalanche
a powerful cyclone. trees have fallen everywhere.,Cyclone
an avalanche. the mountain pass cannot be reached.,Avalanche
rockfall. our house is completely blocked. vehicles are trapped.,Landslide
intense thunder. fire has started.,Lightning
lightning during heavy rain has caused severe damage.,Lightning
the highway has become unsafe because of floodwater.,Flood
vehicles are trapped. road clearance is required.,Landslide
people are trapped. please send NDRF.,Earthquake
rockfall has caused a major landslide.,Landslide
the bridge is surrounded by rising water.,Flood
powerful tremors. the road has developed cracks. families are stranded.,Earthquake
river overflow. the school is surrounded by water. urgent rescue is needed.,Flood
our village is unsafe because of heavy snowfall.,Avalanche
people need immediate help. medical assistance is needed.,Forest Fire
our village is no longer safe after the earthquake.,Earthquake
continuous tremors. medical assistance is needed.,Earthquake
our locality has no drinking water. urgent help is needed.,Heatwave
stormy weather. the farm is unsafe. a person has been injured.,Lightning
strong earthquake. please send rescue teams.,Earthquake
we need medical help. please help immediately.,Earthquake
the school is covered with mud. please send rescue teams.,Landslide
heavy rainfall. our village is filled with water. please send NDRF.,Flood
the farmland is unsafe because of heavy smoke.,Forest Fire
intense sunlight. our workplace is facing extreme temperatures.,Heatwave
loose soil. the highway is completely blocked.,Landslide
river overflow. the school is underwater. urgent rescue is needed.,Flood
we need food. please send a rescue boat.,Flood
people need immediate help. medical assistance is needed.,Forest Fire
ground shaking. the market is shaking.,Earthquake
a powerful lightning strike. our village has been damaged.,Lightning
electrical discharge has affected our locality.,Lightning
the school is surrounded by water and ambulance cannot reach.,Flood
our apartment is no longer safe after the earthquake.,Earthquake
very strong winds has caused widespread destruction.,Cyclone
powerful tremors. families are stranded.,Earthquake
an intense storm. our house is inaccessible. people are stranded.,Cyclone
loose soil has caused a major landslide.,Landslide
the hospital has become unsafe because of floodwater.,Flood
the bridge has been damaged.,Landslide
our locality is surrounded by fallen trees. medical assistance is needed.,Cyclone
electrical discharge has affected an electric pole.,Lightning
the school is no longer safe after the earthquake.,Earthquake
ice collapse. the hill station has been buried.,Avalanche
continuous hot weather. the construction site is unsafe during the afternoon. people are suffering from heatstroke.,Heatwave
our city is unsafe because of extreme heat.,Heatwave
extreme heat. the hills is filled with flames. houses are at risk.,Forest Fire
continuous rain. the forest road is buried under debris. people are stranded.,Landslide
a tropical cyclone. communication is unavailable.,Cyclone
prolonged heat. our city has become unbearable. people are collapsing.,Heatwave
the forest road is unsafe because of falling rocks.,Landslide
electrical discharge has affected the highway.,Lightning
an intense storm. electricity has been cut off.,Cyclone
violent shaking. our house has collapsed. many people are injured.,Earthquake
the mountain pass is unsafe. urgent rescue is required.,Avalanche
extreme heat. the national park is filled with flames.,Forest Fire
families are stranded. medical assistance is needed.,Avalanche
the school has been damaged. emergency rescue is required.,Landslide
loose soil. people cannot leave.,Landslide
river overflow. our village has been washed away. medical help is required.,Flood
the highway is unsafe during the afternoon. please provide drinking water.,Heatwave
the school is facing extreme temperatures. ambulance is required.,Heatwave
rockfall has triggered a landslide near the school.,Landslide
communication is unavailable. please send emergency teams.,Cyclone
heavy snowfall has affected our village.,Avalanche
strong winds. fire is spreading quickly.,Forest Fire
dam overflow has caused the hospital to become flooded.,Flood
the coastal area is unsafe because of strong winds.,Cyclone
the mountain road has been damaged. urgent help is needed.,Landslide
continuous rain. the bridge has collapsed.,Landslide
a severe thunderstorm has affected the school.,Lightning
unstable snow. the mountain pass is trapped under snow.,Avalanche
snow accumulation. the forest trail cannot be reached. people cannot move.,Avalanche
our locality has caught fire. please help immediately.,Lightning
snow accumulation. tourists need rescue.,Avalanche
elderly people need help. please send medical assistance.,Heatwave
the highway is unsafe. urgent help is needed.,Lightning
the forest trail is blocked by snow.,Avalanche
earthquake shock has caused severe damage to the school.,Earthquake
our house has been damaged. urgent help is needed.,Lightning
our village has been damaged.,Landslide
sudden earthquake. ambulance is needed.,Earthquake
our locality is blocked by rocks.,Landslide
a severe coastal storm has caused widespread destruction.,Cyclone
sudden earthquake has affected the bridge.,Earthquake
heatwave conditions. our locality has become unbearable.,Heatwave
heavy snowfall. people cannot move.,Avalanche
very strong winds. medical assistance is needed.,Cyclone
heavy rainfall has caused our village to become flooded.,Flood
the highway is unsafe because of extreme heat.,Heatwave
loose soil has triggered a landslide near our village.,Landslide
the hospital has suffered a power outage.,Lightning
intense thunder. please help immediately.,Lightning
people need rescue. please send a rescue boat.,Flood
heavy rainfall has caused flooding in the school.,Flood
many people are dehydrated. medical teams are needed.,Heatwave
mountain snow movement has blocked the entire route.,Avalanche
mountain snow movement. the hill station has been buried. people cannot move.,Avalanche
strong winds is spreading rapidly.,Forest Fire
soil erosion. the bridge has collapsed.,Landslide
intense thunder has caused severe damage.,Lightning
our house has been damaged.,Landslide
an avalanche has affected our shelter.,Avalanche
intense thunder. please send an ambulance.,Lightning
the highway is unsafe after the lightning strike.,Lightning
snow accumulation has blocked the entire route.,Avalanche
burning vegetation. the national park has been evacuated.,Forest Fire
electricity has been cut off. please help immediately.,Cyclone
the construction site has no drinking water. please provide drinking water.,Heatwave
the forest road is blocked by rocks.,Landslide
our workplace has become unbearable. please help immediately.,Heatwave
our house is covered with mud. please help immediately.,Landslide
continuous lightning has caused severe damage.,Lightning
a violent storm. houses are damaged.,Cyclone
the highway is unsafe. urgent help is needed.,Lightning
a tropical cyclone has caused widespread destruction.,Cyclone
snow accumulation has blocked the entire route.,Avalanche
ice collapse has blocked the entire route.,Avalanche
the highway is unsafe because of extreme heat.,Heatwave
monsoon rain. our colony is underwater. medical help is required.,Flood
continuous rain has caused a major landslide.,Landslide
seismic activity. ambulance is needed.,Earthquake
people are evacuating. medical assistance is needed.,Forest Fire
the fishing harbor is inaccessible.,Cyclone
heavy rainfall has caused a major landslide.,Landslide
our village is unsafe after the lightning strike.,Lightning
heavy snowfall has blocked the entire route.,Avalanche
our building has partially collapsed.,Earthquake
a person has been injured. please help immediately.,Lightning
heavy rainfall has resulted in severe flooding.,Flood
burning vegetation has affected the highway.,Forest Fire
continuous hot weather. ambulance is required.,Heatwave
lightning during heavy rain has affected our locality.,Lightning
seismic activity. please send rescue teams.,Earthquake
a forest fire. the highway has poor visibility. people are evacuating.,Forest Fire
a forest fire. the forest is surrounded by fire. breathing has become difficult.,Forest Fire
stormy weather has caused severe damage.,Lightning
loose soil. our village is completely blocked. vehicles are trapped.,Landslide
the highway is unsafe.,Lightning
seismic activity. the office is shaking.,Earthquake
our locality is unsafe because of heavy smoke.,Forest Fire
mountain erosion has caused a major landslide.,Landslide
strong winds. medical assistance is needed.,Forest Fire
the school is unsafe because of extreme heat.,Heatwave
record high temperature is causing health problems.,Heatwave
our village has severe structural damage.,Earthquake
our house has lost electricity. please help immediately.,Lightning
the school is unsafe. medical assistance is needed.,Earthquake
our camp is covered with snow. evacuation is required.,Avalanche
the highway is submerged.,Flood
the mountain forest is unsafe.,Forest Fire
the hill station is unsafe because of heavy snowfall.,Avalanche
families need immediate help. please restore electricity.,Cyclone
a wildfire has affected the nearby village.,Forest Fire
the farmland is unsafe because of heavy smoke.,Forest Fire
a powerful lightning strike. the highway has been damaged. people are scared.,Lightning
continuous lightning. the hospital is unsafe. electricity is unavailable.,Lightning
sudden earthquake. the bridge has collapsed. we need medical help.,Earthquake
high temperature has affected the national park.,Forest Fire
an avalanche has blocked the entire route.,Avalanche
monsoon rain has caused the hospital to become flooded.,Flood
clouds burst with intense rain. ambulance cannot reach.,Flood
families are stranded. send emergency teams.,Avalanche
dry weather is spreading rapidly.,Forest Fire
the mountain pass is unsafe because of heavy snowfall.,Avalanche
the highway is burning rapidly.,Forest Fire
heavy rainfall. please help immediately.,Landslide
the school is surrounded by rising water.,Flood
roads are blocked. please help immediately.,Cyclone
the mountain road is unsafe because of heavy snowfall.,Avalanche
unstable snow has affected our village.,Avalanche
a powerful lightning strike. the highway has been damaged.,Lightning
the school is surrounded by rising water.,Flood
the mountain road is unsafe.,Avalanche
continuous snowfall. please help immediately.,Avalanche
intense thunder. urgent help is needed.,Lightning
loose soil has triggered a landslide near the mountain road.,Landslide
the mountain forest is unsafe because of heavy smoke.,Forest Fire
continuous lightning. the market has been damaged.,Lightning
the highway cannot be reached. urgent help is needed.,Landslide
mountain erosion. please send medical assistance.,Landslide
our locality is unsafe because of extreme heat.,Heatwave
our city is unsafe because of extreme heat.,Heatwave
an avalanche. send emergency teams.,Avalanche
dry weather has affected our locality.,Forest Fire
continuous rainfall. people are stranded.,Flood
families need immediate help. please send relief materials.,Cyclone
very strong winds has caused widespread destruction.,Cyclone
ice collapse. the nearby valley has become inaccessible. people cannot move.,Avalanche
our shelter is covered with snow. please help immediately.,Avalanche
snow accumulation has blocked the entire route.,Avalanche
the school is unsafe because of extreme heat.,Heatwave
seismic activity. the hospital is damaged.,Earthquake
violent shaking. the bridge has partially collapsed. buildings are collapsing.,Earthquake
a severe thunderstorm. fire has started.,Lightning
water released from the dam. ambulance cannot reach.,Flood
our house has caught fire. please help immediately.,Lightning
extreme heat. the nearby village is unsafe. roads are closed.,Forest Fire
our house has lost its roof. please help immediately.,Cyclone
the hospital has suffered a power outage. urgent help is needed.,Lightning
prolonged heat. the highway has become extremely hot. medical help is needed.,Heatwave
our village has been washed away and electricity is unavailable.,Flood
the hospital has lost its roof. please send relief materials.,Cyclone
loose soil has caused a major landslide.,Landslide
the hills is surrounded by fire.,Forest Fire
our colony has become unsafe because of floodwater.,Flood
breathing has become difficult. please send firefighters.,Forest Fire
heavy rainfall. roads are blocked.,Flood
people are fainting. please send medical assistance.,Heatwave
seismic activity has affected the school.,Earthquake
soil erosion. transport has stopped.,Landslide
the mountain road is unsafe because of falling rocks.,Landslide
a forest fire. people need immediate help.,Forest Fire
a powerful lightning strike has caused severe damage.,Lightning
extreme weather conditions has caused widespread destruction.,Cyclone
a powerful cyclone has affected the nearby town.,Cyclone
the hospital has caught fire.,Lightning
the bridge has become unsafe because of floodwater.,Flood
the hospital is unsafe after the lightning strike.,Lightning
snow accumulation. please send mountain rescue.,Avalanche
people are stranded. please help immediately.,Cyclone
continuous rain. people are stranded.,Landslide
elderly people need help. please help immediately.,Heatwave
electrical discharge. please send firefighters.,Lightning
a tropical cyclone. our house has lost its roof.,Cyclone
intense thunder. our locality cannot be accessed.,Lightning
clouds burst with intense rain has caused the highway to become flooded.,Flood
a forest fire. the mountain forest is surrounded by fire.,Forest Fire
continuous hot weather. please send medical assistance.,Heatwave
the forest road is unsafe because of falling rocks.,Landslide
seismic activity has affected our apartment.,Earthquake
communication has stopped. please help immediately.,Lightning
the bridge has been washed away.,Flood
a person has been injured. please send an ambulance.,Lightning
the mountain forest has poor visibility.,Forest Fire
mountain snow movement. medical assistance is needed.,Avalanche
violent shaking. the school is shaking. people are trapped.,Earthquake
our village has suffered a power outage. please send firefighters.,Lightning
a spreading fire has affected the farmland.,Forest Fire
river overflow. our house is surrounded by water. please send help immediately.,Flood
the hill station cannot be reached.,Avalanche
strong winds. houses are at risk.,Forest Fire
the highway is flooded and roads are blocked.,Flood
an intense storm. the coastal area has no electricity.,Cyclone
our locality is unsafe because of extreme heat.,Heatwave
our village has been buried. please send mountain rescue.,Avalanche
our village is damaged. ambulance is needed.,Earthquake
continuous tremors has affected the road.,Earthquake
the nearby village is covered with smoke. medical assistance is needed.,Forest Fire
the hospital has caught fire.,Lightning
our village is buried under debris. please help immediately.,Landslide
strong earthquake. ambulance is needed.,Earthquake
our village has become unbearable.,Heatwave
continuous hot weather. the market is unsafe during the afternoon.,Heatwave
record high temperature. urgent help is needed.,Heatwave
prolonged heat is causing health problems.,Heatwave
a violent storm has affected the nearby town.,Cyclone
the highway is difficult to work in.,Heatwave
the forest has poor visibility. please control the fire.,Forest Fire
continuous snowfall. families are stranded.,Avalanche
burning vegetation. the forest has been evacuated.,Forest Fire
the national park is filled with flames.,Forest Fire
an intense storm. please help immediately.,Cyclone
sudden earthquake. the market has collapsed. roads are blocked.,Earthquake
continuous rain. urgent help is needed.,Landslide
people are collapsing. ambulance is required.,Heatwave
the office has collapsed.,Earthquake
our colony cannot be reached and people need rescue.,Flood
earthquake shock. the bridge is shaking. families are stranded.,Earthquake
intense sunlight. the nearby town is experiencing severe heat. drinking water is unavailable.,Heatwave
burning vegetation. people need immediate help.,Forest Fire
our workplace is unsafe because of extreme heat.,Heatwave
the farmland is burning rapidly.,Forest Fire
heatwave conditions. the farm has become extremely hot.,Heatwave
ice collapse has affected the forest trail.,Avalanche
the nearby village is unsafe because of heavy smoke.,Forest Fire
powerful tremors has affected the bridge.,Earthquake
a wildfire. the mountain forest is surrounded by fire.,Forest Fire
stormy weather. a person has been injured.,Lightning
the road is shaking. medical assistance is needed.,Earthquake
our house has been badly damaged.,Cyclone
ground shaking has caused severe damage to the bridge.,Earthquake
continuous rainfall. my family is trapped.,Flood
a powerful cyclone has affected the coastal area.,Cyclone
our village is surrounded by water.,Flood
seismic activity. many people are injured.,Earthquake
prolonged heat is causing health problems.,Heatwave
our house is unsafe because of strong winds.,Cyclone
the wildlife sanctuary is unsafe.,Forest Fire
cyclonic winds. our village is covered with debris.,Cyclone
the farmland is unsafe because of heavy smoke.,Forest Fire
the nearby town is surrounded by fire. help is needed immediately.,Forest Fire
our locality has lost its roof. urgent rescue is required.,Cyclone
our building is shaking. medical assistance is needed.,Earthquake
extreme heat. many people are dehydrated.,Heatwave
ice collapse. send emergency teams.,Avalanche
rockfall. please send medical assistance.,Landslide
cyclonic winds has caused widespread destruction.,Cyclone
strong earthquake has affected the market.,Earthquake
continuous hot weather. the construction site is facing extreme temperatures. people are fainting.,Heatwave
continuous snowfall has affected the highway.,Avalanche
our house has become unsafe because of floodwater.,Flood
stormy weather. our village has been damaged. communication has stopped.,Lightning
people are collapsing. please send medical assistance.,Heatwave
a severe thunderstorm. an electric pole has been damaged.,Lightning
ground shaking. our house is unsafe.,Earthquake
continuous rain has triggered a landslide near our locality.,Landslide
soil erosion. roads are closed.,Landslide
dry weather. urgent evacuation is required.,Forest Fire
unstable snow. the mountain road is unsafe.,Avalanche
a severe coastal storm has caused widespread destruction.,Cyclone
the hospital has become unsafe because of floodwater.,Flood
a snow slide. vehicles are stuck.,Avalanche
the highway is unsafe because of falling rocks.,Landslide
river overflow has caused flooding in the highway.,Flood
people are scared. please send an ambulance.,Lightning
earthquake shock has affected our house.,Earthquake
our village is unsafe because of heavy snowfall.,Avalanche
extreme weather conditions. medical assistance is needed.,Cyclone
lightning during heavy rain has affected the highway.,Lightning
drinking water is unavailable. please send medical assistance.,Heatwave
the mountain forest is unsafe because of heavy smoke.,Forest Fire
an avalanche has affected the highway.,Avalanche
the nearby village is unsafe because of heavy smoke.,Forest Fire
stormy weather. our locality has been damaged.,Lightning
a lightning strike. the farm has lost electricity.,Lightning
extreme heat. urgent evacuation is required.,Forest Fire
the school is underwater.,Flood
blocked drainage has resulted in severe flooding.,Flood
roads are blocked. urgent rescue is required.,Cyclone
the school has been damaged. please send an ambulance.,Lightning
the hospital has become unsafe because of floodwater.,Flood
the forest road has collapsed. please send rescue teams.,Landslide
heavy rainfall. we need drinking water.,Flood
the bridge has been damaged.,Landslide
medical help is needed. urgent help is needed.,Heatwave
a severe coastal storm. families need immediate help.,Cyclone
a wildfire has affected the national park.,Forest Fire
our village is unsafe because of strong winds.,Cyclone
intense thunder. the farm is unsafe.,Lightning
the school has partially collapsed.,Earthquake
hill slope failure. please send medical assistance.,Landslide
electricity is unavailable. please send an ambulance.,Lightning
earthquake shock. our village has developed cracks. people are trapped.,Earthquake
scorching weather. please help immediately.,Heatwave
monsoon rain has caused the highway to become flooded.,Flood
a severe coastal storm. our village is surrounded by fallen trees. people are stranded.,Cyclone
cyclonic winds. communication is unavailable.,Cyclone
a powerful cyclone. houses are damaged.,Cyclone
the market is facing extreme temperatures.,Heatwave
the highway has become unsafe because of floodwater.,Flood
a violent storm. the fishing harbor is surrounded by fallen trees.,Cyclone
a snow slide. families are stranded.,Avalanche
people need medical help. please send firefighters.,Lightning
prolonged heat has affected our city.,Heatwave
the nearby town is difficult to work in. medical teams are needed.,Heatwave
record high temperature. our village is difficult to work in.,Heatwave
the hospital is unsafe after the lightning strike.,Lightning
hill slope failure. the valley is buried under debris.,Landslide
a tropical cyclone has affected the hospital.,Cyclone
our farm is surrounded by water and ambulance cannot reach.,Flood
continuous tremors. the school has developed cracks.,Earthquake
unstable snow has affected the mountain road.,Avalanche
our village has severe structural damage. ambulance is needed.,Earthquake
ice collapse. people cannot move.,Avalanche
our village is covered with mud. please send rescue teams.,Landslide
an intense storm. please restore electricity.,Cyclone
dry weather has affected the nearby village.,Forest Fire
rockfall. the mountain road has collapsed. vehicles are trapped.,Landslide
extreme heat. the construction site is experiencing severe heat.,Heatwave
medical help is needed. please help immediately.,Avalanche
drinking water is unavailable. urgent help is needed.,Heatwave
our village has lost electricity. please help immediately.,Lightning
the hospital has caught fire. urgent help is needed.,Lightning
powerful tremors. the road has collapsed.,Earthquake
animals are trapped. please send emergency teams.,Forest Fire
ice collapse has affected our camp.,Avalanche
people are scared. medical assistance is required.,Lightning
a wildfire. our locality is filled with flames. breathing has become difficult.,Forest Fire
a severe coastal storm has affected the school.,Cyclone
river overflow has caused our village to become flooded.,Flood
unstable snow. our village is trapped under snow. tourists need rescue.,Avalanche
burning vegetation. the highway is surrounded by fire.,Forest Fire
ground shaking has affected our apartment.,Earthquake
the hillside is unsafe because of falling rocks.,Landslide
very strong winds. our locality has lost its roof. electricity has been cut off.,Cyclone
prolonged heat. our locality is experiencing severe heat. medical help is needed.,Heatwave
a wildfire. people are evacuating.,Forest Fire
mountain erosion has triggered a landslide near the hillside.,Landslide
a powerful lightning strike. please send firefighters.,Lightning
electrical discharge has caused severe damage.,Lightning
we need drinking water. please send help immediately.,Flood
high temperature. the nearby town has poor visibility. people are evacuating.,Forest Fire
an avalanche. our village has been buried.,Avalanche
an intense storm. please help immediately.,Cyclone
our locality has collapsed.,Landslide
very high temperature. our city has become unbearable.,Heatwave
intense thunder. the hospital is unsafe. communication has stopped.,Lightning
strong earthquake has caused severe damage to the road.,Earthquake
seismic activity. ambulance is needed.,Earthquake
dry weather. the forest has been evacuated. people need immediate help.,Forest Fire
extreme weather conditions has affected the coastal area.,Cyclone
heatwave conditions. the construction site is difficult to work in.,Heatwave
we need medical help. urgent rescue is required.,Earthquake
a forest fire. roads are closed.,Forest Fire
river overflow. our village is surrounded by water. please send NDRF.,Flood
heatwave conditions. many people are dehydrated.,Heatwave
our camp is unsafe because of heavy snowfall.,Avalanche
monsoon rain. the bridge cannot be reached. urgent rescue is needed.,Flood
an avalanche has blocked the entire route.,Avalanche
the hillside is buried under debris. road clearance is required.,Landslide
a violent storm. please send relief materials.,Cyclone
the market is facing extreme temperatures.,Heatwave
continuous tremors has affected the market.,Earthquake
our house is unsafe because of falling rocks.,Landslide
people are trapped. please help immediately.,Avalanche
people need immediate help. please control the fire.,Forest Fire
the bridge is surrounded by rising water.,Flood
the mountain road has been buried.,Avalanche
cyclonic winds. electricity has been cut off.,Cyclone
water released from the dam. ambulance cannot reach.,Flood
the mountain road is trapped under snow.,Avalanche
blocked drainage. the highway has been washed away. please send a rescue boat.,Flood
continuous lightning. emergency help is needed.,Lightning
strong earthquake has affected the school.,Earthquake
our apartment has collapsed.,Earthquake
electrical discharge. fire has started.,Lightning
the forest road is blocked by rocks. please send medical assistance.,Landslide
the farm has no drinking water.,Heatwave
violent shaking. our apartment is damaged.,Earthquake
a severe thunderstorm has affected an electric pole.,Lightning
cyclonic winds has caused widespread destruction.,Cyclone
the hospital is unsafe because of strong winds.,Cyclone
our village is unsafe. urgent help is needed.,Lightning
we need food. please send a rescue boat.,Flood
a severe thunderstorm. the nearby forest cannot be accessed.,Lightning
prolonged heat. our workplace is difficult to work in.,Heatwave
an avalanche has affected the hill station.,Avalanche
my family is trapped. please send help immediately.,Flood
monsoon rain. the bridge cannot be reached. medical help is required.,Flood
the market is unsafe during the afternoon.,Heatwave
the market is surrounded by rising water.,Flood
extreme heat has affected our city.,Heatwave
continuous rainfall has resulted in severe flooding.,Flood
our locality is unsafe.,Forest Fire
a spreading fire. please send emergency teams.,Forest Fire
tourists need rescue. evacuation is required.,Avalanche
people are panicking. ambulance is needed.,Earthquake
dry weather has affected the forest.,Forest Fire
monsoon rain. our house cannot be reached. urgent rescue is needed.,Flood
continuous snowfall. the hill station has been buried. roads are blocked.,Avalanche
the market is inaccessible.,Cyclone
clouds burst with intense rain has caused flooding in our colony.,Flood
extreme heat. please send firefighters.,Forest Fire
the hill station has been buried. please help immediately.,Avalanche
the farmland is filled with flames. medical assistance is needed.,Forest Fire
the market is surrounded by rising water.,Flood
our colony has become unsafe because of floodwater.,Flood
a severe thunderstorm has caused severe damage.,Lightning
the farm has lost electricity.,Lightning
our house is unsafe. medical assistance is needed.,Earthquake
heavy rainfall has caused flooding in the bridge.,Flood
blocked drainage. our village has been washed away. please send an ambulance.,Flood
strong earthquake. buildings are collapsing.,Earthquake
our apartment has partially collapsed.,Earthquake
the school is inaccessible. please send relief materials.,Cyclone
electrical discharge. emergency rescue is required.,Lightning
the construction site is experiencing severe heat.,Heatwave
sudden earthquake. please send rescue teams.,Earthquake
ground shaking. our village has severe structural damage. many people are injured.,Earthquake
a spreading fire. roads are closed.,Forest Fire
very strong winds has affected the highway.,Cyclone
continuous lightning has caused severe damage.,Lightning
a powerful lightning strike. our village has been damaged.,Lightning
the national park is surrounded by fire. please send emergency teams.,Forest Fire
rockfall. our village has collapsed. people are stranded.,Landslide
our camp has become inaccessible. medical assistance is needed.,Avalanche
unstable hillside. road clearance is required.,Landslide
snow accumulation. our shelter cannot be reached.,Avalanche
the farm is unsafe after the lightning strike.,Lightning
extreme weather conditions. please send emergency teams.,Cyclone
a snow slide has affected the mountain pass.,Avalanche
our house cannot be accessed. urgent help is needed.,Lightning
trees have fallen everywhere. medical assistance is needed.,Cyclone
the hospital is surrounded by water.,Flood
our farm is flooded.,Flood
strong earthquake has caused severe damage to the market.,Earthquake
intense sunlight. our locality is unsafe during the afternoon. drinking water is unavailable.,Heatwave
electrical discharge. our house has suffered a power outage.,Lightning
a spreading fire is spreading rapidly.,Forest Fire
scorching weather. people are fainting.,Heatwave
heatwave conditions. people are suffering from heatstroke.,Heatwave
cyclonic winds has caused widespread destruction.,Cyclone
a violent storm. trees have fallen everywhere.,Cyclone
we need drinking water. please send NDRF.,Flood
a powerful cyclone. families need immediate help.,Cyclone
houses are damaged. please send relief materials.,Cyclone
roads are blocked. please send emergency teams.,Cyclone
cyclonic winds. please restore electricity.,Cyclone
the hill station is blocked by snow. evacuation is required.,Avalanche
the bridge is underwater.,Flood
the wildlife sanctuary is unsafe. help is needed immediately.,Forest Fire
the mountain road cannot be reached. please help immediately.,Avalanche
an avalanche has affected the highway.,Avalanche
a violent storm. electricity has been cut off.,Cyclone
burning vegetation has affected the national park.,Forest Fire
roads are blocked. please send NDRF.,Earthquake
dam overflow has caused our house to become flooded.,Flood
our house is unsafe after the lightning strike.,Lightning
earthquake shock. the office is damaged.,Earthquake
dry weather is spreading rapidly.,Forest Fire
the road is underwater.,Flood
violent shaking. the bridge is unsafe.,Earthquake
our village has become extremely hot. ambulance is required.,Heatwave
a tropical cyclone has affected the coastal area.,Cyclone
extreme weather conditions has affected the fishing harbor.,Cyclone
high temperature. our locality is covered with smoke. fire is spreading quickly.,Forest Fire
our village is blocked by snow. urgent rescue is required.,Avalanche
heavy rainfall has caused flooding in our house.,Flood
the road is surrounded by rising water.,Flood
a severe thunderstorm. the farm is unsafe.,Lightning
continuous rainfall has caused the school to become flooded.,Flood
rescue teams are needed. please send medical assistance.,Landslide
our locality is unsafe because of strong winds.,Cyclone
unstable snow. evacuation is required.,Avalanche
electrical discharge has caused severe damage.,Lightning
a violent storm. the school is covered with debris.,Cyclone
rescue teams are needed. please send medical assistance.,Landslide
the highway cannot be reached.,Avalanche
our house is no longer safe after the earthquake.,Earthquake
heatwave conditions. ambulance is required.,Heatwave
ambulance cannot reach. please send an ambulance.,Flood
tourists need rescue. evacuation is required.,Avalanche
a tropical cyclone has caused widespread destruction.,Cyclone
continuous rain. people cannot leave.,Landslide
the highway has become unsafe because of floodwater.,Flood
a severe coastal storm has caused widespread destruction.,Cyclone
the farmland is filled with flames.,Forest Fire
electrical discharge has affected the market.,Lightning
transport has stopped. please help immediately.,Landslide
the bridge is unsafe. please send rescue teams.,Earthquake
our house is blocked by rocks.,Landslide
record high temperature. people are fainting.,Heatwave
sudden earthquake. the school has severe structural damage. many people are injured.,Earthquake
violent shaking has caused severe damage to the bridge.,Earthquake
our house is no longer safe after the earthquake.,Earthquake
our village is covered with snow.,Avalanche
continuous rainfall has resulted in severe flooding.,Flood
the nearby village is unsafe.,Forest Fire
soil erosion has triggered a landslide near the highway.,Landslide
the hills has been evacuated. medical assistance is needed.,Forest Fire
soil erosion has triggered a landslide near the bridge.,Landslide
the hillside is buried under debris.,Landslide
heavy rainfall has caused the road to become flooded.,Flood
high temperature is spreading rapidly.,Forest Fire
extreme weather conditions. please send emergency teams.,Cyclone
the highway is unsafe because of falling rocks.,Landslide
the farm is unsafe because of extreme heat.,Heatwave
cyclonic winds. the hospital has been flooded.,Cyclone
the highway is unsafe after the lightning strike.,Lightning
a forest fire is spreading rapidly.,Forest Fire
people are panicking. please send NDRF.,Earthquake
cyclonic winds. please help immediately.,Cyclone
continuous rainfall has caused flooding in the highway.,Flood
monsoon rain has caused the highway to become flooded.,Flood
rockfall. our village is covered with mud.,Landslide
people are stranded. urgent rescue is needed.,Flood
a snow slide. the mountain pass has become inaccessible. people are trapped.,Avalanche
people are scared. medical assistance is required.,Lightning
a wildfire. the nearby town has poor visibility.,Forest Fire
our locality is facing extreme temperatures.,Heatwave
a wildfire has affected the highway.,Forest Fire
our village has been washed away and electricity is unavailable.,Flood
trees have fallen everywhere. medical assistance is needed.,Cyclone
heavy rainfall has triggered a landslide near the bridge.,Landslide
powerful tremors. our village is damaged. buildings are collapsing.,Earthquake
heavy rainfall has triggered a landslide near the school.,Landslide
our locality cannot be reached. please send medical assistance.,Landslide
intense thunder. urgent help is needed.,Lightning
fire has started. urgent help is needed.,Lightning
the mountain forest is unsafe because of heavy smoke.,Forest Fire
the farmland has been evacuated. please send emergency teams.,Forest Fire
dry weather. the forest is surrounded by fire.,Forest Fire
water released from the dam has caused flooding in the school.,Flood
extreme heat has affected the highway.,Heatwave
the hospital cannot be reached.,Flood
earthquake shock. medical assistance is needed.,Earthquake
the forest has been evacuated.,Forest Fire
the school has lost its roof.,Cyclone
heavy snowfall. please help immediately.,Avalanche
the highway is unsafe because of heavy smoke.,Forest Fire
extreme heat has affected our locality.,Heatwave
people cannot leave. please send medical assistance.,Landslide
earthquake shock has caused severe damage to our village.,Earthquake
sudden earthquake. our village is unsafe.,Earthquake
the farm is unsafe after the lightning strike.,Lightning
our village is unsafe because of falling rocks.,Landslide
the wildlife sanctuary is unsafe because of heavy smoke.,Forest Fire
the farmland has poor visibility. please send firefighters.,Forest Fire
families need rescue. road clearance is required.,Landslide
a forest fire. breathing has become difficult.,Forest Fire
lightning during heavy rain has affected the nearby forest.,Lightning
heavy snowfall. urgent rescue is required.,Avalanche
extreme weather conditions. the coastal area has been badly damaged.,Cyclone
the hillside is completely blocked. please send rescue teams.,Landslide
roads are blocked. please restore electricity.,Cyclone
the hillside is covered with mud. emergency rescue is required.,Landslide
dam overflow. the school has been washed away. please send help immediately.,Flood
an avalanche. the highway has become inaccessible.,Avalanche
ground shaking. the market has partially collapsed. people are panicking.,Earthquake
strong earthquake. many people are injured.,Earthquake
a violent storm. please send emergency teams.,Cyclone
a lightning strike. the hospital has been damaged. emergency help is needed.,Lightning
a wildfire. urgent evacuation is required.,Forest Fire
an avalanche has blocked the entire route.,Avalanche
the bridge is flooded.,Flood
the nearby town has been flooded.,Cyclone
families are stranded. medical assistance is needed.,Earthquake
the forest road cannot be reached.,Landslide
an intense storm. the school has no electricity.,Cyclone
the nearby village is surrounded by fire.,Forest Fire
continuous rain. people cannot leave.,Landslide
burning vegetation. the highway has poor visibility.,Forest Fire
the highway is inaccessible. urgent rescue is required.,Cyclone
an avalanche. medical assistance is needed.,Avalanche
lightning during heavy rain. emergency help is needed.,Lightning
intense thunder has affected the market.,Lightning
strong earthquake. please send NDRF.,Earthquake
heavy rainfall has caused a major landslide.,Landslide
our colony has been washed away.,Flood
lightning during heavy rain. emergency help is needed.,Lightning
dam overflow. people need rescue.,Flood
heavy snowfall. our camp is covered with snow.,Avalanche
record high temperature. please help immediately.,Heatwave
continuous snowfall. the trekking route cannot be reached.,Avalanche
our workplace is unsafe because of extreme heat.,Heatwave
earthquake shock has affected our building.,Earthquake
ice collapse has affected the hill station.,Avalanche
seismic activity. families are stranded.,Earthquake
continuous rain. our village is completely blocked. rescue teams are needed.,Landslide
trees have fallen everywhere. medical assistance is needed.,Cyclone
people are fainting. please provide drinking water.,Heatwave
a severe coastal storm. medical assistance is needed.,Cyclone
houses are damaged. please help immediately.,Cyclone
a wildfire. please send firefighters.,Forest Fire
the school has caught fire. please help immediately.,Lightning
powerful tremors. the school is unsafe. buildings are collapsing.,Earthquake
we need drinking water. please send an ambulance.,Flood
intense thunder has affected the market.,Lightning
the farm is surrounded by fallen trees. medical assistance is required.,Lightning
mountain erosion has caused a major landslide.,Landslide
continuous hot weather. urgent help is needed.,Heatwave
the hillside has collapsed. please help immediately.,Landslide
very strong winds. families need immediate help.,Cyclone
rockfall. the mountain road is covered with mud.,Landslide
the highway is unsafe because of strong winds.,Cyclone
the mountain forest is unsafe. please send firefighters.,Forest Fire
continuous lightning has caused severe damage.,Lightning
loose soil. families need rescue.,Landslide
continuous rain. road clearance is required.,Landslide
the nearby town is covered with smoke. please send firefighters.,Forest Fire
people are evacuating. medical assistance is needed.,Forest Fire
heavy rainfall has resulted in severe flooding.,Flood
violent shaking. please help immediately.,Earthquake
continuous rain. people cannot leave.,Landslide
water released from the dam. the highway is filled with water. urgent rescue is needed.,Flood
the farm is unsafe because of extreme heat.,Heatwave
very high temperature has affected the highway.,Heatwave
prolonged heat. our workplace is experiencing severe heat.,Heatwave
prolonged heat is causing health problems.,Heatwave
very strong winds. please send emergency teams.,Cyclone
seismic activity has affected the hospital.,Earthquake
unstable hillside. the mountain road is covered with mud.,Landslide
ice collapse has affected the hill station.,Avalanche
very strong winds has caused widespread destruction.,Cyclone
a lightning strike has affected our village.,Lightning
a violent storm. please help immediately.,Cyclone
continuous rainfall. electricity is unavailable.,Flood
the farm has been damaged. please send firefighters.,Lightning
the highway is unsafe.,Forest Fire
our locality has suffered a power outage.,Lightning
the nearby town has no electricity. urgent rescue is required.,Cyclone
continuous snowfall. our camp is unsafe. families are stranded.,Avalanche
a violent storm. please help immediately.,Cyclone
very high temperature. many people are dehydrated.,Heatwave
continuous snowfall has blocked the entire route.,Avalanche
lightning during heavy rain. the nearby forest has caught fire.,Lightning
a lightning strike has affected our village.,Lightning
scorching weather. the market has no drinking water. drinking water is unavailable.,Heatwave
earthquake shock. the road is damaged. people are trapped.,Earthquake
cyclonic winds. the highway has been badly damaged. electricity has been cut off.,Cyclone
mountain erosion has triggered a landslide near the valley.,Landslide
houses are damaged. please restore electricity.,Cyclone
dry weather. please send emergency teams.,Forest Fire
a violent storm. our locality has no electricity.,Cyclone
stormy weather has affected the market.,Lightning
the construction site has no drinking water. please help immediately.,Heatwave
the mountain forest is unsafe because of heavy smoke.,Forest Fire
the market is inaccessible. urgent rescue is required.,Cyclone
heatwave conditions has affected the construction site.,Heatwave
heavy snowfall. evacuation is required.,Avalanche
powerful tremors. our village has severe structural damage.,Earthquake
a powerful lightning strike. emergency rescue is required.,Lightning
strong earthquake has caused severe damage to our building.,Earthquake
water released from the dam has caused our colony to become flooded.,Flood
cyclonic winds. the school has been badly damaged. electricity has been cut off.,Cyclone
people are fainting. ambulance is required.,Heatwave
unstable snow. roads are blocked.,Avalanche
record high temperature. our city has become extremely hot. elderly people need help.,Heatwave
continuous rainfall. the market is surrounded by water. medical help is required.,Flood
the highway cannot be reached.,Landslide
sudden earthquake has caused severe damage to the bridge.,Earthquake
cyclonic winds has affected the nearby town.,Cyclone
the school is unsafe because of falling rocks.,Landslide
the highway is unsafe after the lightning strike.,Lightning
continuous tremors. we need medical help.,Earthquake
the highway is unsafe.,Lightning
continuous snowfall has blocked the entire route.,Avalanche
extreme heat. medical help is needed.,Heatwave
seismic activity has affected our village.,Earthquake
extreme heat. the nearby town has no drinking water. people are collapsing.,Heatwave
the school is no longer safe after the earthquake.,Earthquake
the market has become unbearable.,Heatwave
the wildlife sanctuary is filled with flames. help is needed immediately.,Forest Fire
the hills is unsafe because of heavy smoke.,Forest Fire
a severe coastal storm. please restore electricity.,Cyclone
the market has become unsafe because of floodwater.,Flood
the highway has caught fire.,Lightning
the forest is unsafe. urgent evacuation is required.,Forest Fire
the wildlife sanctuary has poor visibility.,Forest Fire
continuous lightning has affected our village.,Lightning
powerful tremors. the bridge is shaking. people are panicking.,Earthquake
a lightning strike. the highway is unsafe. people are scared.,Lightning
our village is unsafe because of strong winds.,Cyclone
our locality has poor visibility.,Forest Fire
the farmland is unsafe. please control the fire.,Forest Fire
an intense storm. electricity has been cut off.,Cyclone
the farm is unsafe after the lightning strike.,Lightning
heatwave conditions is causing health problems.,Heatwave
our village is unsafe after the lightning strike.,Lightning
blocked drainage has resulted in severe flooding.,Flood
the nearby town is unsafe because of extreme heat.,Heatwave
our workplace is unsafe because of extreme heat.,Heatwave
